customer_id,order_id,order_date,sales,order_sequence
AA-10315,CA-2014-128055,"2014-03-31 00:00:00",52.98,1
AA-10315,CA-2014-128055,"2014-03-31 00:00:00",673.568,2
AA-10315,CA-2014-138100,"2014-09-15 00:00:00",14.56,3
AA-10315,CA-2014-138100,"2014-09-15 00:00:00",14.94,4
AA-10315,CA-2015-121391,"2015-10-04 00:00:00",26.96,5
AA-10315,CA-2016-103982,"2016-03-03 00:00:00",431.976,6
AA-10315,CA-2016-103982,"2016-03-03 00:00:00",2.304,7
AA-10315,CA-2016-103982,"2016-03-03 00:00:00",41.72,8
AA-10315,CA-2016-103982,"2016-03-03 00:00:00",3930.072,9
AA-10315,CA-2017-147039,"2017-06-29 00:00:00",11.54,10
AA-10315,CA-2017-147039,"2017-06-29 00:00:00",362.94,11
AA-10375,CA-2014-158064,"2014-04-21 00:00:00",16.52,1
AA-10375,CA-2014-130729,"2014-10-24 00:00:00",34.272,2
AA-10375,CA-2015-140921,"2015-02-03 00:00:00",28.4,3
AA-10375,CA-2015-140921,"2015-02-03 00:00:00",149.97,4
AA-10375,CA-2015-109939,"2015-05-08 00:00:00",5.248,5
AA-10375,CA-2015-114503,"2015-11-13 00:00:00",84.96,6
AA-10375,CA-2016-126613,"2016-07-10 00:00:00",16.768,7
AA-10375,CA-2016-131065,"2016-11-14 00:00:00",8.26,8
AA-10375,CA-2016-131065,"2016-11-14 00:00:00",5.28,9
AA-10375,CA-2016-131065,"2016-11-14 00:00:00",499.98,10
AA-10375,US-2017-169488,"2017-09-07 00:00:00",39.96,11
AA-10375,US-2017-169488,"2017-09-07 00:00:00",16.9,12
AA-10375,CA-2017-100230,"2017-12-11 00:00:00",17.94,13
AA-10375,CA-2017-100230,"2017-12-11 00:00:00",14.952,14
AA-10375,CA-2017-100230,"2017-12-11 00:00:00",116.98,15
AA-10480,CA-2014-155271,"2014-05-04 00:00:00",27.46,1
AA-10480,CA-2016-121671,"2016-07-17 00:00:00",265.17,2
AA-10480,CA-2016-121671,"2016-07-17 00:00:00",7.64,3
AA-10480,CA-2016-121671,"2016-07-17 00:00:00",242.94,4
AA-10480,CA-2016-121671,"2016-07-17 00:00:00",21.93,5
AA-10480,CA-2016-121671,"2016-07-17 00:00:00",51.84,6
AA-10480,CA-2016-114601,"2016-08-26 00:00:00",447.84,7
AA-10480,CA-2016-114601,"2016-08-26 00:00:00",209.97,8
AA-10480,CA-2016-114601,"2016-08-26 00:00:00",479.97,9
AA-10480,CA-2016-114601,"2016-08-26 00:00:00",8.64,10
AA-10480,CA-2016-114601,"2016-08-26 00:00:00",11.56,11
AA-10480,CA-2017-114412,"2017-04-15 00:00:00",15.552,12
AA-10645,CA-2014-154963,"2014-06-22 00:00:00",170.058,1
AA-10645,CA-2014-154963,"2014-06-22 00:00:00",82.782,2
AA-10645,CA-2014-154963,"2014-06-22 00:00:00",853.93,3
AA-10645,CA-2014-143210,"2014-12-01 00:00:00",9.82,4
AA-10645,CA-2014-143210,"2014-12-01 00:00:00",45.84,5
AA-10645,CA-2014-143210,"2014-12-01 00:00:00",271.9,6
AA-10645,CA-2015-110863,"2015-11-17 00:00:00",1323.9,7
AA-10645,CA-2015-110863,"2015-11-17 00:00:00",541.24,8
AA-10645,CA-2015-110863,"2015-11-17 00:00:00",106.32,9
AA-10645,CA-2016-147137,"2016-07-04 00:00:00",27.92,10
AA-10645,CA-2016-147137,"2016-07-04 00:00:00",1279.165,11
AA-10645,CA-2016-147137,"2016-07-04 00:00:00",43.96,12
AA-10645,CA-2016-147137,"2016-07-04 00:00:00",25.4,13
AA-10645,CA-2016-131205,"2016-09-04 00:00:00",5.28,14
AA-10645,CA-2016-131205,"2016-09-04 00:00:00",129.92,15
AA-10645,CA-2016-131205,"2016-09-04 00:00:00",42.6,16
AA-10645,CA-2016-131205,"2016-09-04 00:00:00",113.94,17
AA-10645,CA-2017-157196,"2017-11-05 00:00:00",12.96,18
AB-10015,CA-2014-152905,"2014-02-18 00:00:00",12.624,1
AB-10015,CA-2014-156587,"2014-03-07 00:00:00",48.712,2
AB-10015,CA-2014-156587,"2014-03-07 00:00:00",242.94,3
AB-10015,CA-2014-156587,"2014-03-07 00:00:00",17.94,4
AB-10015,CA-2016-140935,"2016-11-10 00:00:00",221.98,5
AB-10015,CA-2016-140935,"2016-11-10 00:00:00",341.96,6
AB-10060,CA-2015-150511,"2015-09-18 00:00:00",18.54,1
AB-10060,US-2016-108637,"2016-03-13 00:00:00",160.32,2
AB-10060,US-2016-108637,"2016-03-13 00:00:00",127.88,3
AB-10060,US-2016-108637,"2016-03-13 00:00:00",46,4
AB-10060,CA-2016-161207,"2016-08-29 00:00:00",27.93,5
AB-10060,CA-2016-129714,"2016-09-01 00:00:00",3.048,6
AB-10060,CA-2016-129714,"2016-09-01 00:00:00",49.12,7
AB-10060,CA-2016-129714,"2016-09-01 00:00:00",4355.168,8
AB-10060,CA-2016-129714,"2016-09-01 00:00:00",6.79,9
AB-10060,CA-2016-129714,"2016-09-01 00:00:00",24.56,10
AB-10060,CA-2017-159688,"2017-05-07 00:00:00",79.99,11
AB-10060,CA-2017-134173,"2017-09-16 00:00:00",20.736,12
AB-10060,CA-2017-118213,"2017-11-05 00:00:00",167.94,13
AB-10060,CA-2017-118213,"2017-11-05 00:00:00",4.41,14
AB-10060,CA-2017-118213,"2017-11-05 00:00:00",67.8,15
AB-10060,CA-2017-107174,"2017-11-06 00:00:00",449.568,16
AB-10060,CA-2017-107174,"2017-11-06 00:00:00",2036.86,17
AB-10060,CA-2017-107174,"2017-11-06 00:00:00",108.96,18
AB-10105,CA-2014-103100,"2014-12-20 00:00:00",3.69,1
AB-10105,CA-2014-103100,"2014-12-20 00:00:00",1103.97,2
AB-10105,CA-2015-163181,"2015-11-07 00:00:00",287.91,3
AB-10105,CA-2015-163181,"2015-11-07 00:00:00",177.648,4
AB-10105,CA-2015-163181,"2015-11-07 00:00:00",32.06,5
AB-10105,CA-2015-163181,"2015-11-07 00:00:00",64.96,6
AB-10105,CA-2015-163181,"2015-11-07 00:00:00",84.784,7
AB-10105,CA-2015-163181,"2015-11-07 00:00:00",23.64,8
AB-10105,CA-2016-147431,"2016-02-02 00:00:00",117.96,9
AB-10105,US-2016-122245,"2016-09-25 00:00:00",393.165,10
AB-10105,CA-2016-117121,"2016-12-17 00:00:00",9892.74,11
AB-10105,CA-2017-121643,"2017-05-18 00:00:00",344.704,12
AB-10105,CA-2017-126788,"2017-06-05 00:00:00",470.376,13
AB-10105,CA-2017-140781,"2017-08-03 00:00:00",39.816,14
AB-10105,CA-2017-153822,"2017-09-19 00:00:00",471.92,15
AB-10105,CA-2017-153822,"2017-09-19 00:00:00",89.584,16
AB-10105,CA-2017-153822,"2017-09-19 00:00:00",12.624,17
AB-10105,CA-2017-153822,"2017-09-19 00:00:00",18.18,18
AB-10105,CA-2017-101042,"2017-11-19 00:00:00",821.88,19
AB-10105,CA-2017-101042,"2017-11-19 00:00:00",21.96,20
AB-10150,CA-2014-169061,"2014-03-05 00:00:00",479.97,1
AB-10150,CA-2014-169061,"2014-03-05 00:00:00",59.52,2
AB-10150,CA-2014-169061,"2014-03-05 00:00:00",97.82,3
AB-10150,CA-2014-169061,"2014-03-05 00:00:00",18.62,4
AB-10150,CA-2014-169061,"2014-03-05 00:00:00",49.632,5
AB-10150,CA-2015-168186,"2015-09-10 00:00:00",14.94,6
AB-10150,CA-2016-147970,"2016-01-31 00:00:00",15.552,7
AB-10150,CA-2017-120761,"2017-09-04 00:00:00",91.96,8
AB-10150,CA-2017-158876,"2017-11-19 00:00:00",15.992,9
AB-10150,CA-2017-158876,"2017-11-19 00:00:00",99.136,10
AB-10150,CA-2017-158876,"2017-11-19 00:00:00",6.672,11
AB-10150,CA-2017-158876,"2017-11-19 00:00:00",16.896,12
AB-10165,US-2014-139500,"2014-11-16 00:00:00",37.296,1
AB-10165,CA-2015-131534,"2015-03-28 00:00:00",33.4,2
AB-10165,CA-2015-131534,"2015-03-28 00:00:00",166.24,3
AB-10165,CA-2015-144043,"2015-05-10 00:00:00",46.688,4
AB-10165,CA-2015-115945,"2015-06-25 00:00:00",88.752,5
AB-10165,CA-2015-115945,"2015-06-25 00:00:00",304.23,6
AB-10165,CA-2015-115945,"2015-06-25 00:00:00",20.96,7
AB-10165,CA-2017-126634,"2017-03-30 00:00:00",94.2,8
AB-10165,CA-2017-144932,"2017-04-14 00:00:00",14.592,9
AB-10165,CA-2017-144932,"2017-04-14 00:00:00",89.856,10
AB-10165,CA-2017-144932,"2017-04-14 00:00:00",13.872,11
AB-10165,CA-2017-145737,"2017-09-15 00:00:00",163.96,12
AB-10165,CA-2017-131212,"2017-12-05 00:00:00",24.816,13
AB-10165,CA-2017-131212,"2017-12-05 00:00:00",14.976,14
AB-10255,CA-2014-122679,"2014-07-22 00:00:00",19.68,1
AB-10255,CA-2015-142055,"2015-05-08 00:00:00",37.94,2
AB-10255,CA-2015-110093,"2015-12-03 00:00:00",36.784,3
AB-10255,CA-2015-110093,"2015-12-03 00:00:00",16.448,4
AB-10255,US-2016-158708,"2016-06-26 00:00:00",13.616,5
AB-10255,CA-2016-151323,"2016-10-23 00:00:00",17.05,6
AB-10255,CA-2016-151155,"2016-12-20 00:00:00",18.92,7
AB-10255,CA-2016-151155,"2016-12-20 00:00:00",15.42,8
AB-10255,CA-2017-127705,"2017-06-02 00:00:00",2.97,9
AB-10255,CA-2017-127705,"2017-06-02 00:00:00",27.44,10
AB-10255,CA-2017-155873,"2017-06-16 00:00:00",192.16,11
AB-10255,CA-2017-155873,"2017-06-16 00:00:00",19.44,12
AB-10255,CA-2017-155873,"2017-06-16 00:00:00",16.68,13
AB-10255,CA-2017-126662,"2017-07-17 00:00:00",479.984,14
AB-10600,CA-2014-115336,"2014-11-18 00:00:00",14.48,1
AB-10600,CA-2015-111234,"2015-02-18 00:00:00",9.24,2
AB-10600,CA-2015-158323,"2015-11-30 00:00:00",17.088,3
AB-10600,US-2017-155425,"2017-11-10 00:00:00",201.584,4
AB-10600,US-2017-155425,"2017-11-10 00:00:00",239.952,5
AB-10600,US-2017-155425,"2017-11-10 00:00:00",95.994,6
AB-10600,US-2017-155425,"2017-11-10 00:00:00",38.388,7
AB-10600,US-2017-155425,"2017-11-10 00:00:00",899.136,8
AC-10420,CA-2014-129924,"2014-07-12 00:00:00",698.352,1
AC-10420,CA-2014-129924,"2014-07-12 00:00:00",7.712,2
AC-10420,CA-2016-144400,"2016-02-23 00:00:00",57.576,3
AC-10420,US-2017-158218,"2017-05-12 00:00:00",127.92,4
AC-10420,US-2017-158218,"2017-05-12 00:00:00",34.24,5
AC-10450,US-2014-167262,"2014-10-31 00:00:00",742.336,1
AC-10450,US-2015-106495,"2015-06-15 00:00:00",11.672,2
AC-10450,CA-2015-164441,"2015-11-08 00:00:00",52.272,3
AC-10450,CA-2015-164441,"2015-11-08 00:00:00",17.94,4
AC-10450,CA-2016-116232,"2016-09-22 00:00:00",7.506,5
AC-10450,CA-2016-116232,"2016-09-22 00:00:00",16.56,6
AC-10450,CA-2016-163573,"2016-11-24 00:00:00",1219.96,7
AC-10450,CA-2017-141789,"2017-10-03 00:00:00",1793.98,8
AC-10450,CA-2017-158729,"2017-12-19 00:00:00",1665.62,9
AC-10615,CA-2015-100734,"2015-09-15 00:00:00",3.576,1
AC-10615,CA-2015-100734,"2015-09-15 00:00:00",147.184,2
AC-10615,CA-2017-136007,"2017-02-23 00:00:00",71.96,3
AC-10615,CA-2017-136007,"2017-02-23 00:00:00",8.4,4
AC-10615,CA-2017-101637,"2017-03-24 00:00:00",12.768,5
AC-10615,CA-2017-157987,"2017-09-02 00:00:00",197.97,6
AC-10615,CA-2017-157987,"2017-09-02 00:00:00",11.54,7
AC-10615,CA-2017-157987,"2017-09-02 00:00:00",254.526,8
AC-10615,CA-2017-157987,"2017-09-02 00:00:00",12.98,9
AC-10615,CA-2017-157987,"2017-09-02 00:00:00",26.432,10
AC-10615,CA-2017-157987,"2017-09-02 00:00:00",167.97,11
AC-10615,CA-2017-157987,"2017-09-02 00:00:00",18.9,12
AC-10615,CA-2017-157987,"2017-09-02 00:00:00",1282.41,13
AC-10615,CA-2017-157987,"2017-09-02 00:00:00",23.1,14
AC-10615,CA-2017-157987,"2017-09-02 00:00:00",4.92,15
AC-10615,CA-2017-157987,"2017-09-02 00:00:00",238,16
AC-10615,CA-2017-157987,"2017-09-02 00:00:00",17.12,17
AC-10615,CA-2017-169411,"2017-12-24 00:00:00",37.93,18
AC-10660,US-2014-122021,"2014-10-15 00:00:00",7.968,1
AC-10660,US-2014-122021,"2014-10-15 00:00:00",183.372,2
AC-10660,CA-2016-134544,"2016-03-17 00:00:00",84.784,3
AC-10660,CA-2016-161928,"2016-06-27 00:00:00",201.584,4
AC-10660,CA-2016-158617,"2016-09-22 00:00:00",35.88,5
AC-10660,CA-2017-135650,"2017-03-23 00:00:00",143.728,6
AD-10180,CA-2014-128062,"2014-11-19 00:00:00",5.88,1
AD-10180,US-2014-152030,"2014-12-26 00:00:00",600.558,2
AD-10180,CA-2015-120439,"2015-06-14 00:00:00",51.072,3
AD-10180,CA-2015-124268,"2015-07-04 00:00:00",15.48,4
AD-10180,CA-2017-127432,"2017-01-22 00:00:00",2999.95,5
AD-10180,CA-2017-127432,"2017-01-22 00:00:00",1126.02,6
AD-10180,CA-2017-127432,"2017-01-22 00:00:00",51.45,7
AD-10180,CA-2017-127432,"2017-01-22 00:00:00",11.96,8
AD-10180,US-2017-136784,"2017-04-30 00:00:00",163.96,9
AD-10180,CA-2017-160416,"2017-11-13 00:00:00",163.96,10
AD-10180,CA-2017-143245,"2017-12-01 00:00:00",897.15,11
AD-10180,CA-2017-143245,"2017-12-01 00:00:00",19.44,12
AF-10870,CA-2015-168634,"2015-12-06 00:00:00",7.78,1
AF-10870,CA-2016-126270,"2016-04-23 00:00:00",71.97,2
AF-10870,CA-2016-126270,"2016-04-23 00:00:00",18.088,3
AF-10870,CA-2016-139234,"2016-05-06 00:00:00",26.176,4
AF-10870,CA-2016-139234,"2016-05-06 00:00:00",3.208,5
AF-10870,CA-2016-146934,"2016-05-22 00:00:00",257.98,6
AF-10870,CA-2016-146934,"2016-05-22 00:00:00",95.1,7
AF-10870,CA-2016-146934,"2016-05-22 00:00:00",26.88,8
AF-10870,CA-2016-146934,"2016-05-22 00:00:00",662.84,9
AF-10870,CA-2016-146934,"2016-05-22 00:00:00",345,10
AF-10870,CA-2016-146934,"2016-05-22 00:00:00",174.286,11
AF-10870,CA-2017-125269,"2017-04-24 00:00:00",10.43,12
AF-10870,CA-2017-125269,"2017-04-24 00:00:00",72.784,13
AF-10870,CA-2017-167871,"2017-11-18 00:00:00",44.384,14
AF-10870,CA-2017-167871,"2017-11-18 00:00:00",2.944,15
AF-10870,US-2017-139969,"2017-11-19 00:00:00",233.058,16
AF-10885,CA-2014-114181,"2014-05-10 00:00:00",22.32,1
AF-10885,CA-2014-114181,"2014-05-10 00:00:00",349.965,2
AF-10885,CA-2014-103702,"2014-09-12 00:00:00",63.924,3
AF-10885,CA-2015-114300,"2015-10-13 00:00:00",83.72,4
AF-10885,CA-2015-114300,"2015-10-13 00:00:00",287.94,5
AF-10885,CA-2016-115588,"2016-11-10 00:00:00",14.72,6
AF-10885,CA-2016-115588,"2016-11-10 00:00:00",38.976,7
AG-10270,CA-2014-167164,"2014-05-13 00:00:00",55.5,1
AG-10270,CA-2014-103058,"2014-07-23 00:00:00",99.98,2
AG-10270,CA-2015-153738,"2015-09-20 00:00:00",37.68,3
AG-10270,CA-2016-105732,"2016-09-13 00:00:00",1336.44,4
AG-10270,CA-2016-105732,"2016-09-13 00:00:00",378,5
AG-10270,CA-2016-105732,"2016-09-13 00:00:00",40.74,6
AG-10270,CA-2016-105732,"2016-09-13 00:00:00",14.4,7
AG-10270,CA-2016-105732,"2016-09-13 00:00:00",373.08,8
AG-10270,CA-2016-105732,"2016-09-13 00:00:00",17.64,9
AG-10270,CA-2016-105732,"2016-09-13 00:00:00",29.97,10
AG-10270,CA-2016-105732,"2016-09-13 00:00:00",149.95,11
AG-10270,CA-2016-105732,"2016-09-13 00:00:00",16.9,12
AG-10270,CA-2016-105732,"2016-09-13 00:00:00",17.61,13
AG-10270,CA-2017-139416,"2017-03-27 00:00:00",15.008,14
AG-10300,CA-2014-147298,"2014-04-26 00:00:00",18.288,1
AG-10300,CA-2014-147298,"2014-04-26 00:00:00",230.28,2
AG-10300,CA-2015-166800,"2015-11-19 00:00:00",31.08,3
AG-10300,CA-2016-143749,"2016-12-05 00:00:00",81.94,4
AG-10300,CA-2017-161823,"2017-09-03 00:00:00",5.96,5
AG-10330,CA-2016-104150,"2016-08-03 00:00:00",167.28,1
AG-10330,CA-2016-104150,"2016-08-03 00:00:00",81.54,2
AG-10330,CA-2017-107748,"2017-12-10 00:00:00",95.84,3
AG-10330,CA-2017-107748,"2017-12-10 00:00:00",12.96,4
AG-10330,CA-2017-108287,"2017-12-18 00:00:00",12.672,5
AG-10330,CA-2017-142909,"2017-12-22 00:00:00",182.55,6
AG-10330,CA-2017-104927,"2017-12-22 00:00:00",75.88,7
AG-10330,CA-2017-104927,"2017-12-22 00:00:00",25.92,8
AG-10330,CA-2017-104927,"2017-12-22 00:00:00",6.33,9
AG-10390,CA-2014-158470,"2014-04-19 00:00:00",58.05,1
AG-10390,CA-2014-158470,"2014-04-19 00:00:00",71.28,2
AG-10390,CA-2014-125171,"2014-09-03 00:00:00",14.4,3
AG-10390,CA-2016-109820,"2016-11-20 00:00:00",2.628,4
AG-10390,CA-2016-109820,"2016-11-20 00:00:00",15.696,5
AG-10390,CA-2016-109820,"2016-11-20 00:00:00",14.427,6
AG-10390,CA-2016-136483,"2016-12-01 00:00:00",4.704,7
AG-10390,CA-2017-107244,"2017-09-07 00:00:00",19.76,8
AG-10495,CA-2015-104241,"2015-01-04 00:00:00",192.22,1
AG-10495,CA-2015-162201,"2015-06-08 00:00:00",42.24,2
AG-10495,CA-2015-162201,"2015-06-08 00:00:00",4.448,3
AG-10495,CA-2015-162201,"2015-06-08 00:00:00",173.208,4
AG-10495,CA-2015-162201,"2015-06-08 00:00:00",9,5
AG-10495,CA-2015-162201,"2015-06-08 00:00:00",173.488,6
AG-10495,CA-2015-162201,"2015-06-08 00:00:00",516.96,7
AG-10495,CA-2015-162201,"2015-06-08 00:00:00",18.264,8
AG-10495,CA-2015-142692,"2015-10-23 00:00:00",3.592,9
AG-10495,CA-2015-118738,"2015-10-24 00:00:00",15.552,10
AG-10495,CA-2015-118738,"2015-10-24 00:00:00",347.361,11
AG-10495,CA-2015-118738,"2015-10-24 00:00:00",10.368,12
AG-10495,CA-2015-156146,"2015-10-26 00:00:00",105.584,13
AG-10495,CA-2015-156146,"2015-10-26 00:00:00",68.72,14
AG-10495,CA-2015-111948,"2015-11-11 00:00:00",123.858,15
AG-10495,CA-2015-111948,"2015-11-11 00:00:00",418.32,16
AG-10495,CA-2016-168921,"2016-10-20 00:00:00",19.296,17
AG-10495,CA-2017-132976,"2017-10-13 00:00:00",11.648,18
AG-10495,CA-2017-132976,"2017-10-13 00:00:00",18.176,19
AG-10495,CA-2017-132976,"2017-10-13 00:00:00",59.712,20
AG-10495,CA-2017-132976,"2017-10-13 00:00:00",24.84,21
AG-10525,CA-2014-167850,"2014-08-09 00:00:00",178.384,1
AG-10525,CA-2014-167850,"2014-08-09 00:00:00",15.552,2
AG-10525,CA-2014-158281,"2014-09-02 00:00:00",559.71,3
AG-10525,CA-2015-169572,"2015-09-06 00:00:00",46.62,4
AG-10525,CA-2015-164084,"2015-09-07 00:00:00",7.24,5
AG-10525,CA-2015-164084,"2015-09-07 00:00:00",481.176,6
AG-10525,CA-2015-164084,"2015-09-07 00:00:00",6.096,7
AG-10525,CA-2015-164084,"2015-09-07 00:00:00",70.26,8
AG-10525,CA-2015-164084,"2015-09-07 00:00:00",90,9
AG-10675,CA-2015-137512,"2015-05-07 00:00:00",15.936,1
AG-10675,CA-2015-137512,"2015-05-07 00:00:00",244.006,2
AG-10675,CA-2016-133368,"2016-01-14 00:00:00",315.776,3
AG-10675,CA-2016-133368,"2016-01-14 00:00:00",89.568,4
AG-10675,CA-2016-108987,"2016-09-08 00:00:00",2396.2656,5
AG-10675,CA-2016-108987,"2016-09-08 00:00:00",131.136,6
AG-10675,CA-2016-108987,"2016-09-08 00:00:00",57.584,7
AG-10675,CA-2016-108987,"2016-09-08 00:00:00",35.952,8
AG-10675,US-2017-146822,"2017-06-09 00:00:00",49.12,9
AG-10675,CA-2017-101483,"2017-07-29 00:00:00",4.368,10
AG-10675,CA-2017-101483,"2017-07-29 00:00:00",22,11
AG-10675,CA-2017-101483,"2017-07-29 00:00:00",34.848,12
AG-10675,US-2017-104094,"2017-09-07 00:00:00",13.48,13
AG-10675,CA-2017-163335,"2017-09-24 00:00:00",38.71,14
AG-10675,CA-2017-163335,"2017-09-24 00:00:00",40.29,15
AG-10765,US-2014-158638,"2014-09-17 00:00:00",5.892,1
AG-10765,CA-2015-110947,"2015-06-09 00:00:00",113.1,2
AG-10765,CA-2015-113222,"2015-11-09 00:00:00",10.74,3
AG-10765,CA-2017-126123,"2017-10-14 00:00:00",13.456,4
AG-10765,CA-2017-126123,"2017-10-14 00:00:00",27.396,5
AG-10900,US-2014-119137,"2014-07-23 00:00:00",9.24,1
AG-10900,US-2014-119137,"2014-07-23 00:00:00",479.04,2
AG-10900,US-2014-119137,"2014-07-23 00:00:00",8.16,3
AG-10900,US-2014-119137,"2014-07-23 00:00:00",1023.936,4
AG-10900,CA-2015-130785,"2015-09-05 00:00:00",293.199,5
AG-10900,CA-2015-130785,"2015-09-05 00:00:00",411.332,6
AG-10900,CA-2015-130785,"2015-09-05 00:00:00",28.752,7
AG-10900,CA-2015-136728,"2015-09-13 00:00:00",170.072,8
AG-10900,CA-2015-136728,"2015-09-13 00:00:00",7.824,9
AG-10900,CA-2015-115399,"2015-12-19 00:00:00",6.912,10
AG-10900,CA-2015-148376,"2015-12-27 00:00:00",106.96,11
AG-10900,CA-2015-148376,"2015-12-27 00:00:00",21.56,12
AG-10900,CA-2016-158435,"2016-05-17 00:00:00",65.17,13
AG-10900,CA-2016-158435,"2016-05-17 00:00:00",173.24,14
AG-10900,CA-2016-158435,"2016-05-17 00:00:00",14.62,15
AG-10900,CA-2016-160108,"2016-12-08 00:00:00",405.86,16
AG-10900,CA-2016-160108,"2016-12-08 00:00:00",680.01,17
AG-10900,CA-2017-110198,"2017-05-01 00:00:00",4.608,18
AG-10900,CA-2017-110198,"2017-05-01 00:00:00",314.352,19
AG-10900,CA-2017-161557,"2017-09-03 00:00:00",108.4,20
AG-10900,CA-2017-116939,"2017-09-25 00:00:00",177.55,21
AH-10030,CA-2014-122070,"2014-04-22 00:00:00",9.912,1
AH-10030,CA-2014-122070,"2014-04-22 00:00:00",247.84,2
AH-10030,CA-2014-113768,"2014-05-13 00:00:00",279.456,3
AH-10030,CA-2014-113768,"2014-05-13 00:00:00",8,4
AH-10030,US-2014-158400,"2014-10-25 00:00:00",49.408,5
AH-10030,CA-2014-157644,"2014-12-31 00:00:00",18.9,6
AH-10030,CA-2014-157644,"2014-12-31 00:00:00",34.77,7
AH-10030,CA-2015-130113,"2015-12-27 00:00:00",323.1,8
AH-10030,CA-2015-130113,"2015-12-27 00:00:00",668.16,9
AH-10030,CA-2016-162747,"2016-03-20 00:00:00",86.45,10
AH-10030,CA-2017-164000,"2017-12-18 00:00:00",18.704,11
AH-10075,CA-2014-160066,"2014-11-16 00:00:00",5.22,1
AH-10075,CA-2015-161795,"2015-12-21 00:00:00",3.008,2
AH-10075,CA-2016-144015,"2016-06-26 00:00:00",17.9,3
AH-10075,CA-2016-144015,"2016-06-26 00:00:00",231.72,4
AH-10075,CA-2016-144015,"2016-06-26 00:00:00",12.48,5
AH-10075,CA-2016-149797,"2016-09-15 00:00:00",841.568,6
AH-10075,CA-2016-147109,"2016-12-17 00:00:00",165.6,7
AH-10075,CA-2016-147109,"2016-12-17 00:00:00",51.84,8
AH-10075,CA-2017-118857,"2017-04-15 00:00:00",196.45,9
AH-10075,CA-2017-145702,"2017-05-19 00:00:00",27.888,10
AH-10075,CA-2017-145702,"2017-05-19 00:00:00",314.352,11
AH-10075,CA-2017-112004,"2017-09-25 00:00:00",190.896,12
AH-10075,CA-2017-112004,"2017-09-25 00:00:00",8.595,13
AH-10075,CA-2017-125451,"2017-10-23 00:00:00",210.68,14
AH-10075,CA-2017-125451,"2017-10-23 00:00:00",2.22,15
AH-10075,CA-2017-125451,"2017-10-23 00:00:00",43.44,16
AH-10075,CA-2017-125451,"2017-10-23 00:00:00",240.744,17
AH-10075,CA-2017-125451,"2017-10-23 00:00:00",35,18
AH-10075,CA-2017-125451,"2017-10-23 00:00:00",637.896,19
AH-10075,CA-2017-165029,"2017-11-26 00:00:00",12.84,20
AH-10120,CA-2014-123295,"2014-07-18 00:00:00",259.136,1
AH-10120,CA-2016-135594,"2016-06-30 00:00:00",50.12,2
AH-10120,CA-2016-145261,"2016-12-18 00:00:00",112.776,3
AH-10120,CA-2016-145261,"2016-12-18 00:00:00",28.68,4
AH-10120,CA-2016-145261,"2016-12-18 00:00:00",15.936,5
AH-10120,CA-2016-145261,"2016-12-18 00:00:00",45.24,6
AH-10120,CA-2016-145261,"2016-12-18 00:00:00",18.688,7
AH-10120,CA-2016-145261,"2016-12-18 00:00:00",11.648,8
AH-10120,CA-2016-145261,"2016-12-18 00:00:00",377.45,9
AH-10120,CA-2017-150987,"2017-04-08 00:00:00",244.55,10
AH-10120,CA-2017-150987,"2017-04-08 00:00:00",195.76,11
AH-10120,CA-2017-107958,"2017-07-02 00:00:00",163.96,12
AH-10120,CA-2017-107958,"2017-07-02 00:00:00",5.232,13
AH-10120,CA-2017-151211,"2017-08-17 00:00:00",102.93,14
AH-10120,CA-2017-151211,"2017-08-17 00:00:00",98.16,15
AH-10120,CA-2017-131632,"2017-10-31 00:00:00",5.248,16
AH-10195,CA-2015-125185,"2015-03-05 00:00:00",33.568,1
AH-10195,CA-2015-125185,"2015-03-05 00:00:00",99.372,2
AH-10195,CA-2016-112697,"2016-12-18 00:00:00",194.528,3
AH-10195,CA-2016-112697,"2016-12-18 00:00:00",254.058,4
AH-10195,CA-2016-112697,"2016-12-18 00:00:00",961.48,5
AH-10195,CA-2017-123043,"2017-08-24 00:00:00",24.672,6
AH-10195,CA-2017-123043,"2017-08-24 00:00:00",3.744,7
AH-10195,CA-2017-154732,"2017-11-05 00:00:00",16.03,8
AH-10210,CA-2014-153983,"2014-11-29 00:00:00",575.92,1
AH-10210,CA-2014-153983,"2014-11-29 00:00:00",30.4,2
AH-10210,CA-2015-155040,"2015-11-10 00:00:00",79.9,3
AH-10210,CA-2015-165050,"2015-12-07 00:00:00",773.94,4
AH-10210,CA-2015-165050,"2015-12-07 00:00:00",6.688,5
AH-10210,CA-2015-165050,"2015-12-07 00:00:00",21.36,6
AH-10210,CA-2016-166485,"2016-02-20 00:00:00",16.496,7
AH-10210,CA-2017-104080,"2017-03-08 00:00:00",171.2,8
AH-10210,CA-2017-104080,"2017-03-08 00:00:00",3.36,9
AH-10210,CA-2017-146983,"2017-09-02 00:00:00",1577.94,10
AH-10210,US-2017-148831,"2017-10-13 00:00:00",348.56,11
AH-10210,CA-2017-166919,"2017-11-23 00:00:00",195.96,12
AH-10210,CA-2017-147956,"2017-12-24 00:00:00",1003.62,13
AH-10465,CA-2015-141243,"2015-01-03 00:00:00",7.056,1
AH-10465,CA-2015-141243,"2015-01-03 00:00:00",1352.3976,2
AH-10465,CA-2015-141243,"2015-01-03 00:00:00",398.4,3
AH-10465,CA-2015-151547,"2015-01-17 00:00:00",88.96,4
AH-10465,CA-2016-126165,"2016-05-05 00:00:00",71.088,5
AH-10465,CA-2017-145275,"2017-04-02 00:00:00",14.94,6
AH-10465,CA-2017-115546,"2017-05-14 00:00:00",22.58,7
AH-10465,CA-2017-115546,"2017-05-14 00:00:00",539.97,8
AH-10585,CA-2014-162278,"2014-10-26 00:00:00",63.92,1
AH-10585,CA-2014-162278,"2014-10-26 00:00:00",383.96,2
AH-10585,CA-2016-160479,"2016-09-15 00:00:00",35.4,3
AH-10585,US-2017-152492,"2017-07-06 00:00:00",239.24,4
AH-10585,CA-2017-109715,"2017-12-09 00:00:00",15.984,5
AH-10690,CA-2014-160276,"2014-04-02 00:00:00",177.68,1
AH-10690,CA-2015-110548,"2015-05-04 00:00:00",946.344,2
AH-10690,CA-2015-166604,"2015-05-15 00:00:00",17.94,3
AH-10690,CA-2015-112214,"2015-08-05 00:00:00",14.76,4
AH-10690,CA-2015-112214,"2015-08-05 00:00:00",33.488,5
AH-10690,CA-2015-112214,"2015-08-05 00:00:00",1.362,6
AH-10690,CA-2015-112214,"2015-08-05 00:00:00",23.04,7
AH-10690,CA-2015-113628,"2015-11-12 00:00:00",146.136,8
AH-10690,CA-2015-113628,"2015-11-12 00:00:00",100.792,9
AH-10690,CA-2015-113628,"2015-11-12 00:00:00",523.92,10
AH-10690,CA-2015-113628,"2015-11-12 00:00:00",4.662,11
AH-10690,CA-2015-113628,"2015-11-12 00:00:00",5.238,12
AH-10690,CA-2015-113628,"2015-11-12 00:00:00",11.76,13
AH-10690,CA-2015-139780,"2015-12-31 00:00:00",116.4,14
AH-10690,CA-2016-138282,"2016-05-19 00:00:00",87.84,15
AH-10690,CA-2016-113831,"2016-05-30 00:00:00",62.1,16
AH-10690,CA-2016-113831,"2016-05-30 00:00:00",1979.7,17
AH-10690,CA-2016-113831,"2016-05-30 00:00:00",2275.5,18
AH-10690,CA-2016-144148,"2016-07-31 00:00:00",863.128,19
AH-10690,CA-2016-158869,"2016-08-06 00:00:00",70.88,20
AH-10690,CA-2016-145709,"2016-10-04 00:00:00",52.68,21
AH-10690,CA-2016-145709,"2016-10-04 00:00:00",11.568,22
AH-10690,CA-2016-148740,"2016-11-15 00:00:00",361.376,23
AI-10855,CA-2014-131387,"2014-04-28 00:00:00",1679.96,1
AI-10855,CA-2014-159709,"2014-05-10 00:00:00",43.6,2
AI-10855,CA-2014-159709,"2014-05-10 00:00:00",158.13,3
AI-10855,CA-2014-102330,"2014-12-29 00:00:00",319.968,4
AI-10855,CA-2014-102330,"2014-12-29 00:00:00",88.8,5
AI-10855,CA-2015-167479,"2015-03-14 00:00:00",19.44,6
AI-10855,CA-2015-158918,"2015-12-20 00:00:00",17.12,7
AI-10855,CA-2016-158694,"2016-11-10 00:00:00",720.76,8
AI-10855,CA-2016-158694,"2016-11-10 00:00:00",14.7,9
AI-10855,CA-2016-158694,"2016-11-10 00:00:00",61.4,10
AI-10855,CA-2016-158694,"2016-11-10 00:00:00",467.46,11
AI-10855,CA-2016-158694,"2016-11-10 00:00:00",129.92,12
AI-10855,CA-2016-158694,"2016-11-10 00:00:00",5.184,13
AI-10855,CA-2016-158694,"2016-11-10 00:00:00",67.71,14
AI-10855,CA-2017-107552,"2017-05-05 00:00:00",6.68,15
AI-10855,CA-2017-155929,"2017-09-09 00:00:00",6.368,16
AI-10855,US-2017-160759,"2017-12-11 00:00:00",63.686,17
AI-10855,CA-2017-116855,"2017-12-17 00:00:00",504.9,18
AJ-10780,CA-2014-149020,"2014-01-10 00:00:00",51.94,1
AJ-10780,CA-2014-149020,"2014-01-10 00:00:00",2.89,2
AJ-10780,CA-2014-108609,"2014-10-31 00:00:00",1421.664,3
AJ-10780,CA-2014-141313,"2014-12-28 00:00:00",704.25,4
AJ-10780,CA-2014-141313,"2014-12-28 00:00:00",1737.18,5
AJ-10780,CA-2014-141313,"2014-12-28 00:00:00",141.76,6
AJ-10780,CA-2015-165554,"2015-05-18 00:00:00",10.86,7
AJ-10780,CA-2016-123617,"2016-11-28 00:00:00",7.434,8
AJ-10780,US-2017-133361,"2017-05-14 00:00:00",74,9
AJ-10780,US-2017-133361,"2017-05-14 00:00:00",3.76,10
AJ-10780,US-2017-133361,"2017-05-14 00:00:00",37.2,11
AJ-10780,US-2017-133361,"2017-05-14 00:00:00",89.97,12
AJ-10780,US-2017-133361,"2017-05-14 00:00:00",261.96,13
AJ-10780,US-2017-133361,"2017-05-14 00:00:00",14.7,14
AJ-10780,CA-2017-111577,"2017-10-16 00:00:00",307.776,15
AJ-10795,CA-2014-106810,"2014-05-14 00:00:00",310.88,1
AJ-10795,CA-2014-110786,"2014-12-29 00:00:00",24.9,2
AJ-10795,CA-2014-110786,"2014-12-29 00:00:00",14.352,3
AJ-10795,CA-2014-110786,"2014-12-29 00:00:00",274.77,4
AJ-10795,CA-2014-110786,"2014-12-29 00:00:00",191.976,5
AJ-10795,CA-2014-110786,"2014-12-29 00:00:00",70.56,6
AJ-10795,CA-2014-110786,"2014-12-29 00:00:00",767.952,7
AJ-10795,CA-2014-110786,"2014-12-29 00:00:00",21.12,8
AJ-10795,CA-2016-134474,"2016-01-05 00:00:00",59.184,9
AJ-10795,CA-2016-134474,"2016-01-05 00:00:00",191.472,10
AJ-10795,CA-2016-134474,"2016-01-05 00:00:00",5.248,11
AJ-10795,CA-2016-138079,"2016-01-22 00:00:00",109.9,12
AJ-10795,CA-2016-123946,"2016-09-12 00:00:00",1059.12,13
AJ-10795,CA-2016-123946,"2016-09-12 00:00:00",67.9,14
AJ-10795,CA-2016-123946,"2016-09-12 00:00:00",20.7,15
AJ-10795,CA-2016-123946,"2016-09-12 00:00:00",11.34,16
AJ-10795,CA-2016-123015,"2016-12-26 00:00:00",4.992,17
AJ-10795,CA-2017-142342,"2017-07-17 00:00:00",57.9,18
AJ-10795,CA-2017-142342,"2017-07-17 00:00:00",1194.165,19
AJ-10795,CA-2017-142342,"2017-07-17 00:00:00",10.56,20
AJ-10795,CA-2017-142342,"2017-07-17 00:00:00",32.4,21
AJ-10945,CA-2014-155852,"2014-03-03 00:00:00",19.456,1
AJ-10945,US-2015-132836,"2015-06-01 00:00:00",299.98,2
AJ-10945,US-2015-132836,"2015-06-01 00:00:00",41.9,3
AJ-10945,US-2015-132836,"2015-06-01 00:00:00",403.68,4
AJ-10945,US-2015-132836,"2015-06-01 00:00:00",28.91,5
AJ-10945,CA-2015-164497,"2015-11-28 00:00:00",45.28,6
AJ-10945,CA-2015-126347,"2015-12-14 00:00:00",50,7
AJ-10945,CA-2016-115378,"2016-11-18 00:00:00",301.96,8
AJ-10945,CA-2017-133004,"2017-08-31 00:00:00",638.73,9
AJ-10945,CA-2017-137421,"2017-10-06 00:00:00",9.344,10
AJ-10960,CA-2014-113362,"2014-09-14 00:00:00",11.07,1
AJ-10960,CA-2014-113362,"2014-09-14 00:00:00",449.15,2
AJ-10960,CA-2014-131800,"2014-12-30 00:00:00",122.94,3
AJ-10960,CA-2014-131800,"2014-12-30 00:00:00",35.448,4
AJ-10960,CA-2017-123246,"2017-10-17 00:00:00",10.64,5
AM-10360,CA-2014-132542,"2014-10-06 00:00:00",15.36,1
AM-10360,US-2015-107944,"2015-03-23 00:00:00",239.97,2
AM-10360,US-2015-107944,"2015-03-23 00:00:00",192.72,3
AM-10360,CA-2016-157000,"2016-07-16 00:00:00",20.016,4
AM-10360,CA-2016-157000,"2016-07-16 00:00:00",37.224,5
AM-10360,CA-2017-161340,"2017-05-28 00:00:00",13.872,6
AM-10360,CA-2017-161340,"2017-05-28 00:00:00",115.96,7
AM-10360,CA-2017-109701,"2017-12-02 00:00:00",10.08,8
AM-10360,CA-2017-109701,"2017-12-02 00:00:00",10.86,9
AM-10360,CA-2017-109701,"2017-12-02 00:00:00",9.024,10
AM-10360,CA-2017-109701,"2017-12-02 00:00:00",69.456,11
AM-10360,CA-2017-109701,"2017-12-02 00:00:00",79.47,12
AM-10705,CA-2014-145387,"2014-10-31 00:00:00",1604.9,1
AM-10705,CA-2014-145387,"2014-10-31 00:00:00",10.16,2
AM-10705,CA-2014-145387,"2014-10-31 00:00:00",14.76,3
AM-10705,CA-2014-145387,"2014-10-31 00:00:00",34.08,4
AM-10705,CA-2014-145387,"2014-10-31 00:00:00",17.67,5
AM-10705,CA-2014-145387,"2014-10-31 00:00:00",49.25,6
AM-10705,CA-2014-145387,"2014-10-31 00:00:00",385.686,7
AM-10705,CA-2015-138457,"2015-09-13 00:00:00",13.092,8
AM-10705,CA-2015-151470,"2015-09-20 00:00:00",45.584,9
AM-10705,CA-2015-100573,"2015-09-25 00:00:00",17.48,10
AM-10705,CA-2016-145905,"2016-09-18 00:00:00",13.08,11
AM-10705,CA-2016-145905,"2016-09-18 00:00:00",900.08,12
AM-10705,CA-2016-145905,"2016-09-18 00:00:00",350.98,13
AM-10705,CA-2017-157903,"2017-04-04 00:00:00",383.84,14
AM-10705,US-2017-124821,"2017-06-25 00:00:00",871.4,15
AM-10705,CA-2017-104731,"2017-07-21 00:00:00",14.94,16
AM-10705,CA-2017-104731,"2017-07-21 00:00:00",271.96,17
AM-10705,CA-2017-104731,"2017-07-21 00:00:00",231.72,18
AM-10705,CA-2017-104731,"2017-07-21 00:00:00",8.8,19
AM-10705,CA-2017-104731,"2017-07-21 00:00:00",101.94,20
AM-10705,CA-2017-104731,"2017-07-21 00:00:00",19.68,21
AM-10705,CA-2017-104731,"2017-07-21 00:00:00",302.94,22
AO-10810,CA-2016-148096,"2016-08-16 00:00:00",161.28,1
AP-10720,CA-2014-127964,"2014-03-03 00:00:00",25.32,1
AP-10720,CA-2014-127964,"2014-03-03 00:00:00",9.99,2
AP-10720,CA-2014-127964,"2014-03-03 00:00:00",125.76,3
AP-10720,US-2015-165449,"2015-11-22 00:00:00",27.168,4
AP-10720,CA-2016-154403,"2016-05-23 00:00:00",4.98,5
AP-10720,US-2016-114174,"2016-09-08 00:00:00",14.76,6
AP-10720,US-2016-114174,"2016-09-08 00:00:00",173.94,7
AP-10720,CA-2016-120250,"2016-09-19 00:00:00",25.632,8
AP-10720,CA-2016-136322,"2016-10-21 00:00:00",28.752,9
AP-10720,CA-2016-136322,"2016-10-21 00:00:00",45.568,10
AP-10720,US-2016-103674,"2016-12-06 00:00:00",13.36,11
AP-10720,US-2016-103674,"2016-12-06 00:00:00",18.69,12
AP-10720,US-2016-103674,"2016-12-06 00:00:00",437.472,13
AP-10720,US-2016-103674,"2016-12-06 00:00:00",13.376,14
AP-10720,US-2016-103674,"2016-12-06 00:00:00",13.86,15
AP-10720,US-2016-103674,"2016-12-06 00:00:00",271.96,16
AP-10720,US-2016-103674,"2016-12-06 00:00:00",249.584,17
AP-10720,CA-2017-143021,"2017-11-19 00:00:00",79.974,18
AP-10720,CA-2017-143021,"2017-11-19 00:00:00",58.408,19
AP-10915,CA-2014-124737,"2014-08-23 00:00:00",223.056,1
AP-10915,CA-2014-124737,"2014-08-23 00:00:00",31.104,2
AP-10915,CA-2014-124737,"2014-08-23 00:00:00",143.64,3
AP-10915,CA-2014-124737,"2014-08-23 00:00:00",4.224,4
AP-10915,CA-2014-124737,"2014-08-23 00:00:00",15.552,5
AP-10915,CA-2014-124737,"2014-08-23 00:00:00",6.8,6
AP-10915,CA-2014-146969,"2014-09-29 00:00:00",62.18,7
AP-10915,CA-2014-146969,"2014-09-29 00:00:00",6.48,8
AP-10915,CA-2014-146969,"2014-09-29 00:00:00",8.72,9
AP-10915,CA-2014-146969,"2014-09-29 00:00:00",686.32,10
AP-10915,CA-2014-146969,"2014-09-29 00:00:00",204.6,11
AP-10915,CA-2014-113047,"2014-10-24 00:00:00",11.85,12
AP-10915,CA-2014-105270,"2014-11-11 00:00:00",112.648,13
AP-10915,CA-2014-105270,"2014-11-11 00:00:00",30.48,14
AP-10915,US-2016-164588,"2016-04-16 00:00:00",12.84,15
AP-10915,CA-2016-168893,"2016-11-03 00:00:00",20,16
AP-10915,CA-2016-168893,"2016-11-03 00:00:00",7.98,17
AP-10915,CA-2016-168893,"2016-11-03 00:00:00",24.1,18
AP-10915,CA-2016-168893,"2016-11-03 00:00:00",8.75,19
AP-10915,CA-2016-168893,"2016-11-03 00:00:00",842.94,20
AP-10915,CA-2016-128412,"2016-12-10 00:00:00",35.1,21
AP-10915,CA-2016-128412,"2016-12-10 00:00:00",123.92,22
AP-10915,CA-2016-128412,"2016-12-10 00:00:00",153.552,23
AP-10915,CA-2016-128412,"2016-12-10 00:00:00",65.34,24
AP-10915,CA-2016-128412,"2016-12-10 00:00:00",44.75,25
AP-10915,CA-2017-168228,"2017-04-27 00:00:00",47.3,26
AP-10915,CA-2017-168228,"2017-04-27 00:00:00",123.92,27
AP-10915,CA-2017-168228,"2017-04-27 00:00:00",12.39,28
AP-10915,CA-2017-146136,"2017-09-03 00:00:00",24.448,29
AP-10915,US-2017-132059,"2017-09-23 00:00:00",180.588,30
AP-10915,US-2017-132059,"2017-09-23 00:00:00",47.984,31
AR-10345,US-2014-115189,"2014-12-30 00:00:00",523.764,1
AR-10345,US-2014-115189,"2014-12-30 00:00:00",251.964,2
AR-10345,CA-2015-139374,"2015-09-10 00:00:00",179.886,3
AR-10345,CA-2017-126396,"2017-09-08 00:00:00",85.2,4
AR-10345,CA-2017-126438,"2017-09-10 00:00:00",14.88,5
AR-10405,CA-2014-157882,"2014-10-03 00:00:00",143.432,1
AR-10405,CA-2014-157882,"2014-10-03 00:00:00",122.352,2
AR-10405,CA-2015-164427,"2015-07-31 00:00:00",239.7,3
AR-10405,CA-2017-149468,"2017-05-20 00:00:00",41.28,4
AR-10405,CA-2017-140844,"2017-06-19 00:00:00",97.82,5
AR-10405,CA-2017-140844,"2017-06-19 00:00:00",103.12,6
AR-10405,US-2017-134481,"2017-08-27 00:00:00",1488.424,7
AR-10510,CA-2014-115056,"2014-05-02 00:00:00",26.136,1
AR-10510,US-2014-105767,"2014-05-23 00:00:00",55.188,2
AR-10510,US-2014-105767,"2014-05-23 00:00:00",21.168,3
AR-10510,US-2014-105767,"2014-05-23 00:00:00",3.282,4
AR-10510,CA-2015-112319,"2015-08-31 00:00:00",58.32,5
AR-10510,CA-2016-147536,"2016-12-26 00:00:00",89.97,6
AR-10510,CA-2017-111808,"2017-12-16 00:00:00",10.8,7
AR-10540,CA-2014-122588,"2014-11-25 00:00:00",52.96,1
AR-10540,US-2015-136987,"2015-04-11 00:00:00",52.76,2
AR-10540,US-2015-136987,"2015-04-11 00:00:00",639.968,3
AR-10540,CA-2015-123505,"2015-11-22 00:00:00",14.94,4
AR-10540,CA-2016-138037,"2016-09-29 00:00:00",27.24,5
AR-10540,CA-2017-138289,"2017-01-16 00:00:00",302.67,6
AR-10540,CA-2017-138289,"2017-01-16 00:00:00",56.07,7
AR-10540,CA-2017-138289,"2017-01-16 00:00:00",5443.96,8
AR-10540,CA-2017-154935,"2017-12-24 00:00:00",17.88,9
AR-10570,CA-2016-157588,"2016-07-14 00:00:00",51.75,1
AR-10570,CA-2016-157588,"2016-07-14 00:00:00",36.4,2
AR-10825,CA-2014-109218,"2014-06-30 00:00:00",32.4,1
AR-10825,CA-2015-160213,"2015-03-08 00:00:00",19.44,2
AR-10825,CA-2016-132304,"2016-06-14 00:00:00",1115.17,3
AR-10825,US-2016-148110,"2016-09-05 00:00:00",347.802,4
AR-10825,CA-2016-160745,"2016-12-11 00:00:00",14.8,5
AR-10825,CA-2016-160745,"2016-12-11 00:00:00",302.376,6
AR-10825,CA-2016-160745,"2016-12-11 00:00:00",316,7
AR-10825,US-2017-108343,"2017-07-20 00:00:00",183.92,8
AR-10825,US-2017-108343,"2017-07-20 00:00:00",163.764,9
AR-10825,US-2017-108343,"2017-07-20 00:00:00",13.36,10
AR-10825,CA-2017-118724,"2017-07-21 00:00:00",1626.192,11
AR-10825,CA-2017-118724,"2017-07-21 00:00:00",3.52,12
AR-10825,CA-2017-141425,"2017-11-02 00:00:00",384.592,13
AS-10045,US-2014-150126,"2014-07-27 00:00:00",65.78,1
AS-10045,CA-2016-162901,"2016-03-28 00:00:00",31.4,2
AS-10045,CA-2016-148747,"2016-09-25 00:00:00",477.666,3
AS-10045,CA-2017-113481,"2017-01-02 00:00:00",695.7,4
AS-10045,CA-2017-113481,"2017-01-02 00:00:00",28.854,5
AS-10045,CA-2017-113481,"2017-01-02 00:00:00",15.66,6
AS-10045,CA-2017-162691,"2017-08-01 00:00:00",1439.982,7
AS-10045,CA-2017-162691,"2017-08-01 00:00:00",36.288,8
AS-10045,US-2017-147655,"2017-09-04 00:00:00",88.074,9
AS-10045,CA-2017-101749,"2017-10-03 00:00:00",171.288,10
AS-10090,CA-2014-156160,"2014-09-22 00:00:00",13.04,1
AS-10090,CA-2014-156160,"2014-09-22 00:00:00",97.44,2
AS-10090,CA-2014-156160,"2014-09-22 00:00:00",579.528,3
AS-10090,CA-2014-156160,"2014-09-22 00:00:00",3.984,4
AS-10090,CA-2014-132913,"2014-12-24 00:00:00",13.97,5
AS-10090,CA-2015-127509,"2015-11-09 00:00:00",17.22,6
AS-10090,CA-2015-127509,"2015-11-09 00:00:00",1024.38,7
AS-10090,CA-2015-127509,"2015-11-09 00:00:00",26.22,8
AS-10090,CA-2015-127509,"2015-11-09 00:00:00",17.34,9
AS-10090,CA-2016-104311,"2016-05-02 00:00:00",12.672,10
AS-10090,CA-2016-104311,"2016-05-02 00:00:00",5.04,11
AS-10090,CA-2016-104311,"2016-05-02 00:00:00",18.936,12
AS-10090,CA-2016-119865,"2016-06-21 00:00:00",186.144,13
AS-10090,CA-2016-119865,"2016-06-21 00:00:00",36.56,14
AS-10090,CA-2016-119865,"2016-06-21 00:00:00",353.568,15
AS-10090,CA-2016-150007,"2016-09-11 00:00:00",1.908,16
AS-10090,CA-2016-150007,"2016-09-11 00:00:00",6,17
AS-10090,CA-2017-145877,"2017-04-01 00:00:00",94.2,18
AS-10090,CA-2017-145877,"2017-04-01 00:00:00",28.4,19
AS-10090,CA-2017-136448,"2017-09-16 00:00:00",538.194,20
AS-10090,CA-2017-136448,"2017-09-16 00:00:00",47.984,21
AS-10090,CA-2017-136448,"2017-09-16 00:00:00",3.444,22
AS-10090,CA-2017-136448,"2017-09-16 00:00:00",71.976,23
AS-10090,CA-2017-136448,"2017-09-16 00:00:00",22.512,24
AS-10090,US-2017-108063,"2017-12-02 00:00:00",34.65,25
AS-10135,CA-2016-149461,"2016-11-13 00:00:00",4.18,1
AS-10135,CA-2017-162929,"2017-11-19 00:00:00",13.36,2
AS-10135,CA-2017-162929,"2017-11-19 00:00:00",41.28,3
AS-10225,CA-2014-110408,"2014-10-18 00:00:00",275.97,1
AS-10225,CA-2014-110408,"2014-10-18 00:00:00",1394.95,2
AS-10225,CA-2014-110408,"2014-10-18 00:00:00",545.88,3
AS-10225,CA-2015-144253,"2015-05-04 00:00:00",26.8,4
AS-10225,CA-2016-143154,"2016-12-02 00:00:00",165.6,5
AS-10225,CA-2017-112515,"2017-09-17 00:00:00",261.74,6
AS-10225,CA-2017-112515,"2017-09-17 00:00:00",10.776,7
AS-10225,CA-2017-112515,"2017-09-17 00:00:00",14.4,8
AS-10225,CA-2017-112515,"2017-09-17 00:00:00",164.88,9
AS-10225,CA-2017-112515,"2017-09-17 00:00:00",25.584,10
AS-10225,CA-2017-112515,"2017-09-17 00:00:00",1292.94,11
AS-10225,CA-2017-112515,"2017-09-17 00:00:00",11.784,12
AS-10225,CA-2017-117926,"2017-12-08 00:00:00",69.48,13
AS-10240,CA-2014-149958,"2014-03-15 00:00:00",142.776,1
AS-10240,CA-2014-149958,"2014-03-15 00:00:00",7.218,2
AS-10240,CA-2014-149958,"2014-03-15 00:00:00",43.188,3
AS-10240,CA-2014-149958,"2014-03-15 00:00:00",131.904,4
AS-10240,CA-2014-149958,"2014-03-15 00:00:00",45.696,5
AS-10240,CA-2014-128538,"2014-10-11 00:00:00",7.64,6
AS-10240,CA-2015-150749,"2015-03-29 00:00:00",5.56,7
AS-10240,CA-2015-143700,"2015-07-26 00:00:00",10.368,8
AS-10240,CA-2016-114405,"2016-04-07 00:00:00",36.744,9
AS-10240,CA-2016-114405,"2016-04-07 00:00:00",33.528,10
AS-10240,CA-2016-118913,"2016-06-25 00:00:00",60.81,11
AS-10240,CA-2017-101049,"2017-06-21 00:00:00",41.256,12
AS-10240,CA-2017-101049,"2017-06-21 00:00:00",17.92,13
AS-10285,CA-2016-114209,"2016-05-21 00:00:00",82.656,1
AS-10285,CA-2016-114209,"2016-05-21 00:00:00",1.964,2
AS-10285,CA-2016-134775,"2016-10-28 00:00:00",50.96,3
AS-10285,CA-2016-134775,"2016-10-28 00:00:00",49.536,4
AS-10285,CA-2016-163755,"2016-11-04 00:00:00",209.88,5
AS-10285,US-2016-106677,"2016-11-05 00:00:00",23.988,6
AS-10285,US-2016-164196,"2016-11-11 00:00:00",2678.94,7
AS-10285,CA-2017-149706,"2017-12-11 00:00:00",116.312,8
AS-10630,CA-2014-162684,"2014-08-01 00:00:00",5.68,1
AS-10630,CA-2014-101392,"2014-12-07 00:00:00",269.36,2
AS-10630,US-2015-146745,"2015-09-03 00:00:00",6.368,3
AS-10630,US-2015-146745,"2015-09-03 00:00:00",129.568,4
AS-10630,US-2016-155404,"2016-09-22 00:00:00",13.28,5
AS-10630,US-2017-129224,"2017-03-17 00:00:00",4.608,6
AS-10630,CA-2017-124597,"2017-04-30 00:00:00",11.952,7
AS-10630,CA-2017-124597,"2017-04-30 00:00:00",4.608,8
AS-10630,CA-2017-124597,"2017-04-30 00:00:00",15.528,9
AS-10630,CA-2017-100314,"2017-09-29 00:00:00",7.968,10
AS-10630,CA-2017-100314,"2017-09-29 00:00:00",336.51,11
AS-10630,CA-2017-100314,"2017-09-29 00:00:00",27.968,12
AT-10435,CA-2014-111360,"2014-11-24 00:00:00",5.742,1
AT-10435,CA-2014-120243,"2014-12-27 00:00:00",11.56,2
AT-10435,CA-2015-133977,"2015-09-06 00:00:00",3.444,3
AT-10435,CA-2016-100468,"2016-11-24 00:00:00",9.94,4
AT-10435,CA-2016-100468,"2016-11-24 00:00:00",33.52,5
AT-10435,CA-2017-106355,"2017-04-02 00:00:00",11.12,6
AT-10435,CA-2017-102407,"2017-12-09 00:00:00",189,7
AT-10435,CA-2017-102407,"2017-12-09 00:00:00",896.328,8
AT-10435,CA-2017-102407,"2017-12-09 00:00:00",11.16,9
AT-10735,CA-2014-146500,"2014-08-30 00:00:00",25.3,1
AT-10735,CA-2014-146500,"2014-08-30 00:00:00",95.94,2
AT-10735,CA-2014-146731,"2014-11-03 00:00:00",143.856,3
AT-10735,CA-2014-146731,"2014-11-03 00:00:00",3.488,4
AT-10735,CA-2015-123113,"2015-11-23 00:00:00",17.94,5
AT-10735,CA-2015-123113,"2015-11-23 00:00:00",2625.12,6
AT-10735,CA-2016-108210,"2016-05-30 00:00:00",223.96,7
AT-10735,CA-2016-108210,"2016-05-30 00:00:00",79.96,8
AT-10735,CA-2016-116603,"2016-07-17 00:00:00",45.96,9
AT-10735,CA-2016-112893,"2016-09-09 00:00:00",55.36,10
AT-10735,CA-2017-153787,"2017-05-19 00:00:00",97.16,11
AT-10735,CA-2017-106824,"2017-07-07 00:00:00",5.94,12
AT-10735,CA-2017-135034,"2017-08-01 00:00:00",95.984,13
AT-10735,CA-2017-103443,"2017-12-17 00:00:00",166.72,14
AT-10735,CA-2017-103443,"2017-12-17 00:00:00",24.816,15
AT-10735,CA-2017-103443,"2017-12-17 00:00:00",124.36,16
AW-10840,CA-2015-149678,"2015-04-13 00:00:00",12.88,1
AW-10840,CA-2015-129112,"2015-11-29 00:00:00",8.784,2
AW-10840,CA-2015-129112,"2015-11-29 00:00:00",21.48,3
AW-10840,CA-2017-123001,"2017-09-02 00:00:00",74,4
AW-10840,CA-2017-123001,"2017-09-02 00:00:00",9.4,5
AW-10840,CA-2017-123001,"2017-09-02 00:00:00",201.584,6
AW-10840,CA-2017-143798,"2017-12-10 00:00:00",10.368,7
AW-10840,CA-2017-143798,"2017-12-10 00:00:00",310.88,8
AW-10930,US-2014-103905,"2014-07-14 00:00:00",29.932,1
AW-10930,US-2014-103905,"2014-07-14 00:00:00",38.272,2
AW-10930,CA-2015-144519,"2015-11-13 00:00:00",63.98,3
AW-10930,CA-2015-144519,"2015-11-13 00:00:00",339.96,4
AW-10930,CA-2016-120824,"2016-06-12 00:00:00",379.372,5
AW-10930,CA-2016-120824,"2016-06-12 00:00:00",15.552,6
AW-10930,CA-2016-120824,"2016-06-12 00:00:00",11.264,7
AW-10930,CA-2016-120824,"2016-06-12 00:00:00",6.984,8
AW-10930,CA-2016-120824,"2016-06-12 00:00:00",64.384,9
AW-10930,CA-2016-120824,"2016-06-12 00:00:00",1.524,10
AW-10930,CA-2016-120824,"2016-06-12 00:00:00",67.536,11
AW-10930,CA-2016-163216,"2016-10-07 00:00:00",4.928,12
AW-10930,CA-2016-136812,"2016-11-18 00:00:00",1117.92,13
AW-10930,CA-2017-107321,"2017-08-31 00:00:00",689.408,14
AW-10930,CA-2017-107321,"2017-08-31 00:00:00",6.672,15
AW-10930,US-2017-118157,"2017-11-14 00:00:00",15.28,16
AY-10555,CA-2014-102652,"2014-04-06 00:00:00",91.96,1
AY-10555,CA-2014-102652,"2014-04-06 00:00:00",19.44,2
AY-10555,CA-2014-102652,"2014-04-06 00:00:00",33.11,3
AY-10555,CA-2014-102652,"2014-04-06 00:00:00",55.48,4
AY-10555,CA-2014-101427,"2014-12-26 00:00:00",8.016,5
AY-10555,CA-2016-139934,"2016-12-18 00:00:00",66.976,6
AY-10555,CA-2017-137428,"2017-12-16 00:00:00",97.184,7
AY-10555,CA-2017-137428,"2017-12-16 00:00:00",81.568,8
AY-10555,CA-2017-137428,"2017-12-16 00:00:00",18.96,9
AY-10555,CA-2017-137428,"2017-12-16 00:00:00",24.32,10
AZ-10750,CA-2014-158442,"2014-03-17 00:00:00",15.552,1
AZ-10750,CA-2014-158442,"2014-03-17 00:00:00",5.184,2
AZ-10750,CA-2014-158442,"2014-03-17 00:00:00",4.448,3
AZ-10750,CA-2014-148586,"2014-03-25 00:00:00",366.786,4
AZ-10750,CA-2015-151253,"2015-04-22 00:00:00",64.14,5
AZ-10750,CA-2015-151253,"2015-04-22 00:00:00",88.776,6
AZ-10750,CA-2015-130876,"2015-05-12 00:00:00",36.63,7
AZ-10750,CA-2016-100993,"2016-02-05 00:00:00",557.728,8
AZ-10750,CA-2016-100993,"2016-02-05 00:00:00",14.73,9
AZ-10750,CA-2016-100993,"2016-02-05 00:00:00",186.54,10
AZ-10750,CA-2016-100993,"2016-02-05 00:00:00",159.968,11
AZ-10750,CA-2017-110940,"2017-07-23 00:00:00",121.536,12
BB-10990,CA-2014-169642,"2014-07-27 00:00:00",276.28,1
BB-10990,CA-2015-141810,"2015-11-02 00:00:00",29.372,2
BB-10990,CA-2015-141810,"2015-11-02 00:00:00",344.704,3
BB-10990,CA-2016-103947,"2016-04-01 00:00:00",30.144,4
BB-10990,CA-2016-103947,"2016-04-01 00:00:00",31.56,5
BB-10990,US-2017-112928,"2017-06-01 00:00:00",17.48,6
BB-10990,CA-2017-118136,"2017-09-16 00:00:00",5.98,7
BB-10990,CA-2017-118136,"2017-09-16 00:00:00",8.82,8
BB-11545,CA-2015-115168,"2015-06-05 00:00:00",10.56,1
BB-11545,CA-2015-107083,"2015-11-21 00:00:00",7.98,2
BB-11545,CA-2015-107083,"2015-11-21 00:00:00",5.344,3
BB-11545,CA-2015-107083,"2015-11-21 00:00:00",1.696,4
BB-11545,CA-2015-107083,"2015-11-21 00:00:00",24.588,5
BB-11545,CA-2016-124506,"2016-11-11 00:00:00",47.992,6
BB-11545,CA-2016-124506,"2016-11-11 00:00:00",95.968,7
BB-11545,CA-2016-169838,"2016-11-25 00:00:00",1568.61,8
BB-11545,CA-2016-169838,"2016-11-25 00:00:00",160,9
BB-11545,CA-2016-169838,"2016-11-25 00:00:00",17.3,10
BB-11545,CA-2016-155166,"2016-12-26 00:00:00",212.94,11
BB-11545,CA-2016-155166,"2016-12-26 00:00:00",26.49,12
BB-11545,US-2017-118941,"2017-08-12 00:00:00",219.9,13
BB-11545,US-2017-118941,"2017-08-12 00:00:00",17.52,14
BB-11545,US-2017-118941,"2017-08-12 00:00:00",1779.9,15
BB-11545,CA-2017-130043,"2017-09-15 00:00:00",31.872,16
BB-11545,CA-2017-158561,"2017-11-11 00:00:00",1158.12,17
BB-11545,CA-2017-102379,"2017-12-02 00:00:00",1159.056,18
BB-11545,CA-2017-102379,"2017-12-02 00:00:00",39.992,19
BB-11545,CA-2017-102379,"2017-12-02 00:00:00",179.9,20
BC-11125,CA-2014-147543,"2014-07-06 00:00:00",478.48,1
BC-11125,CA-2014-113859,"2014-09-13 00:00:00",340.116,2
BC-11125,CA-2015-158351,"2015-06-20 00:00:00",319.984,3
BC-11125,CA-2016-123050,"2016-04-04 00:00:00",82.64,4
BC-11125,CA-2016-123050,"2016-04-04 00:00:00",31.02,5
BC-11125,CA-2016-123050,"2016-04-04 00:00:00",89.97,6
BC-11125,CA-2016-149335,"2016-07-25 00:00:00",37.17,7
BC-11125,CA-2016-143910,"2016-08-12 00:00:00",145.764,8
BC-11125,US-2016-134369,"2016-09-16 00:00:00",12.96,9
BC-11125,CA-2017-113530,"2017-05-19 00:00:00",36.32,10
BC-11125,CA-2017-113530,"2017-05-19 00:00:00",5.58,11
BC-11125,CA-2017-113530,"2017-05-19 00:00:00",3.52,12
BC-11125,CA-2017-113530,"2017-05-19 00:00:00",681.408,13
BC-11125,US-2017-120418,"2017-06-11 00:00:00",88.04,14
BC-11125,US-2017-120418,"2017-06-11 00:00:00",280.792,15
BC-11125,US-2017-120418,"2017-06-11 00:00:00",68.448,16
BC-11125,US-2017-120418,"2017-06-11 00:00:00",15.872,17
BC-11125,US-2017-120418,"2017-06-11 00:00:00",215.592,18
BD-11320,CA-2015-120677,"2015-05-31 00:00:00",2567.84,1
BD-11320,CA-2015-121699,"2015-08-10 00:00:00",64.75,2
BD-11320,CA-2016-136406,"2016-04-15 00:00:00",1121.568,3
BD-11320,CA-2016-148593,"2016-06-16 00:00:00",46.35,4
BD-11320,CA-2016-130680,"2016-06-24 00:00:00",38.24,5
BD-11320,CA-2016-167241,"2016-08-15 00:00:00",17.94,6
BD-11320,CA-2016-167241,"2016-08-15 00:00:00",165.6,7
BD-11320,CA-2016-167241,"2016-08-15 00:00:00",312.03,8
BD-11320,CA-2016-167241,"2016-08-15 00:00:00",37.52,9
BD-11320,CA-2016-110086,"2016-09-18 00:00:00",239.984,10
BD-11320,CA-2016-119165,"2016-10-31 00:00:00",492.835,11
BD-11320,CA-2017-122735,"2017-04-12 00:00:00",29.7,12
BD-11320,CA-2017-122735,"2017-04-12 00:00:00",39.96,13
BD-11320,CA-2017-158071,"2017-06-10 00:00:00",15.58,14
BD-11320,CA-2017-158071,"2017-06-10 00:00:00",11.56,15
BD-11320,CA-2017-158071,"2017-06-10 00:00:00",88.776,16
BD-11320,CA-2017-117485,"2017-09-23 00:00:00",291.96,17
BD-11320,CA-2017-107125,"2017-11-27 00:00:00",18.84,18
BD-11320,CA-2017-107125,"2017-11-27 00:00:00",117.488,19
BD-11500,CA-2014-140795,"2014-02-01 00:00:00",468.9,1
BD-11500,US-2014-151015,"2014-10-14 00:00:00",322.192,2
BD-11500,US-2014-151015,"2014-10-14 00:00:00",19.136,3
BD-11500,US-2014-151015,"2014-10-14 00:00:00",2.946,4
BD-11500,CA-2015-167696,"2015-09-16 00:00:00",31.12,5
BD-11500,CA-2015-117828,"2015-12-23 00:00:00",194.32,6
BD-11500,US-2017-105935,"2017-01-26 00:00:00",2939.93,7
BD-11500,US-2017-105935,"2017-01-26 00:00:00",62.72,8
BD-11500,US-2017-133312,"2017-11-25 00:00:00",359.499,9
BD-11500,US-2017-133312,"2017-11-25 00:00:00",10.48,10
BD-11560,CA-2015-163923,"2015-05-30 00:00:00",151.96,1
BD-11560,CA-2017-124716,"2017-03-27 00:00:00",11.94,2
BD-11560,CA-2017-124716,"2017-03-27 00:00:00",110.96,3
BD-11560,CA-2017-124716,"2017-03-27 00:00:00",45.68,4
BD-11605,CA-2014-157147,"2014-01-13 00:00:00",19.9,1
BD-11605,CA-2014-157147,"2014-01-13 00:00:00",333.999,2
BD-11605,CA-2014-157147,"2014-01-13 00:00:00",1325.85,3
BD-11605,US-2014-164406,"2014-08-15 00:00:00",195.136,4
BD-11605,US-2014-164406,"2014-08-15 00:00:00",46.44,5
BD-11605,US-2014-164406,"2014-08-15 00:00:00",17.856,6
BD-11605,US-2014-164406,"2014-08-15 00:00:00",92.94,7
BD-11605,US-2014-164406,"2014-08-15 00:00:00",152.91,8
BD-11605,US-2015-123960,"2015-06-11 00:00:00",29.16,9
BD-11605,US-2015-123960,"2015-06-11 00:00:00",56.3,10
BD-11605,US-2015-123960,"2015-06-11 00:00:00",36.26,11
BD-11605,US-2015-123960,"2015-06-11 00:00:00",53.7,12
BD-11605,US-2015-123960,"2015-06-11 00:00:00",32.4,13
BD-11605,CA-2015-158792,"2015-12-26 00:00:00",22.2,14
BD-11605,CA-2016-112102,"2016-04-12 00:00:00",63.9,15
BD-11605,CA-2016-112102,"2016-04-12 00:00:00",343.92,16
BD-11605,CA-2016-112102,"2016-04-12 00:00:00",40.99,17
BD-11605,CA-2016-105746,"2016-12-30 00:00:00",170.786,18
BD-11605,CA-2017-144694,"2017-09-24 00:00:00",235.944,19
BD-11605,CA-2017-144694,"2017-09-24 00:00:00",17.88,20
BD-11620,CA-2014-152254,"2014-06-30 00:00:00",310.688,1
BD-11620,CA-2016-111976,"2016-03-08 00:00:00",5.984,2
BD-11620,CA-2016-111976,"2016-03-08 00:00:00",108.576,3
BD-11620,CA-2016-157686,"2016-10-01 00:00:00",194.848,4
BD-11620,CA-2016-111941,"2016-12-25 00:00:00",33.568,5
BD-11620,CA-2017-100202,"2016-12-31 00:00:00",302.376,6
BD-11620,CA-2017-130211,"2017-10-22 00:00:00",333.09,7
BD-11620,CA-2017-130211,"2017-10-22 00:00:00",248.98,8
BD-11635,CA-2014-152422,"2014-10-05 00:00:00",91.92,1
BD-11635,CA-2015-110814,"2015-12-05 00:00:00",22.68,2
BD-11635,CA-2015-110814,"2015-12-05 00:00:00",232.4,3
BD-11635,CA-2015-110814,"2015-12-05 00:00:00",164.646,4
BD-11635,CA-2017-109589,"2017-12-21 00:00:00",71,5
BD-11725,CA-2015-128139,"2015-07-03 00:00:00",294.93,1
BD-11725,CA-2015-128139,"2015-07-03 00:00:00",70.98,2
BD-11725,CA-2016-165015,"2016-02-25 00:00:00",46.72,3
BD-11725,CA-2017-146192,"2017-04-22 00:00:00",675.06,4
BD-11725,CA-2017-125472,"2017-05-30 00:00:00",241.96,5
BD-11725,CA-2017-125472,"2017-05-30 00:00:00",8.01,6
BD-11725,CA-2017-125472,"2017-05-30 00:00:00",3.89,7
BD-11725,CA-2017-168396,"2017-08-03 00:00:00",51.75,8
BD-11725,CA-2017-168396,"2017-08-03 00:00:00",123.96,9
BD-11725,CA-2017-101574,"2017-09-28 00:00:00",9.24,10
BD-11770,US-2016-122182,"2016-03-10 00:00:00",39.992,1
BD-11770,CA-2016-148698,"2016-05-02 00:00:00",86.352,2
BD-11770,CA-2016-165918,"2016-09-10 00:00:00",7.38,3
BD-11770,CA-2016-165918,"2016-09-10 00:00:00",39.624,4
BD-11770,CA-2016-165918,"2016-09-10 00:00:00",81.98,5
BD-11770,CA-2016-165918,"2016-09-10 00:00:00",14.256,6
BD-11770,CA-2016-124667,"2016-11-11 00:00:00",59.97,7
BD-11770,CA-2016-124667,"2016-11-11 00:00:00",83.36,8
BD-11770,CA-2017-145338,"2017-01-29 00:00:00",4.768,9
BD-11770,CA-2017-115105,"2017-02-06 00:00:00",240.784,10
BE-11335,CA-2016-166912,"2016-01-15 00:00:00",81.98,1
BE-11335,CA-2016-128307,"2016-07-25 00:00:00",20.936,2
BE-11335,CA-2017-155985,"2017-03-23 00:00:00",211.84,3
BE-11335,US-2017-105046,"2017-07-17 00:00:00",99.9,4
BE-11335,US-2017-105046,"2017-07-17 00:00:00",39.08,5
BE-11335,US-2017-105046,"2017-07-17 00:00:00",269.98,6
BE-11335,CA-2017-137596,"2017-09-02 00:00:00",1928.78,7
BE-11335,CA-2017-137596,"2017-09-02 00:00:00",352.38,8
BE-11335,CA-2017-137596,"2017-09-02 00:00:00",1199.8,9
BE-11410,CA-2016-161662,"2016-02-07 00:00:00",30.352,1
BE-11410,CA-2016-125220,"2016-10-14 00:00:00",1649.75,2
BE-11410,CA-2016-108630,"2016-11-18 00:00:00",61.12,3
BE-11410,CA-2017-141782,"2017-01-21 00:00:00",268.576,4
BE-11410,CA-2017-121314,"2017-09-23 00:00:00",251.64,5
BE-11455,CA-2015-122406,"2015-08-02 00:00:00",110.98,1
BE-11455,CA-2015-122406,"2015-08-02 00:00:00",199.98,2
BE-11455,CA-2015-122406,"2015-08-02 00:00:00",128.85,3
BE-11455,CA-2015-122406,"2015-08-02 00:00:00",8.4,4
BE-11455,CA-2015-115924,"2015-09-14 00:00:00",25.9,5
BE-11455,CA-2016-118052,"2016-05-06 00:00:00",7.216,6
BE-11455,CA-2016-118052,"2016-05-06 00:00:00",49.568,7
BE-11455,CA-2016-118052,"2016-05-06 00:00:00",54.712,8
BE-11455,US-2016-146857,"2016-05-06 00:00:00",54.48,9
BE-11455,CA-2016-140774,"2016-09-05 00:00:00",107.94,10
BE-11455,US-2017-166324,"2017-04-20 00:00:00",848.544,11
BE-11455,US-2017-166324,"2017-04-20 00:00:00",122.382,12
BE-11455,US-2017-166324,"2017-04-20 00:00:00",8.7,13
BF-10975,CA-2014-109904,"2014-07-14 00:00:00",17.94,1
BF-10975,CA-2014-117345,"2014-08-01 00:00:00",44.128,2
BF-10975,CA-2014-117345,"2014-08-01 00:00:00",62.92,3
BF-10975,CA-2014-117345,"2014-08-01 00:00:00",78.304,4
BF-10975,CA-2014-117345,"2014-08-01 00:00:00",17.544,5
BF-10975,CA-2015-137281,"2015-06-13 00:00:00",6.48,6
BF-10975,CA-2015-116750,"2015-07-05 00:00:00",7.23,7
BF-10975,CA-2015-116750,"2015-07-05 00:00:00",4.928,8
BF-10975,CA-2015-116260,"2015-07-06 00:00:00",11.12,9
BF-10975,CA-2016-100041,"2016-11-20 00:00:00",9.08,10
BF-10975,CA-2016-100041,"2016-11-20 00:00:00",4.91,11
BF-10975,CA-2016-100041,"2016-11-20 00:00:00",314.55,12
BF-10975,US-2017-120908,"2017-09-30 00:00:00",20.664,13
BF-11005,CA-2014-141355,"2014-09-25 00:00:00",14.576,1
BF-11005,CA-2016-137729,"2016-05-05 00:00:00",5.98,2
BF-11005,CA-2016-137729,"2016-05-05 00:00:00",246.168,3
BF-11005,US-2016-105452,"2016-07-28 00:00:00",24.7,4
BF-11005,US-2016-105452,"2016-07-28 00:00:00",302.72,5
BF-11005,CA-2017-103380,"2017-11-21 00:00:00",9.02,6
BF-11005,CA-2017-103380,"2017-11-21 00:00:00",56.56,7
BF-11005,CA-2017-103380,"2017-11-21 00:00:00",659.976,8
BF-11005,CA-2017-103380,"2017-11-21 00:00:00",8.62,9
BF-11005,CA-2017-103380,"2017-11-21 00:00:00",5.56,10
BF-11020,CA-2014-165568,"2014-02-15 00:00:00",21.36,1
BF-11020,CA-2015-145758,"2015-10-30 00:00:00",1035.8,2
BF-11020,CA-2016-159940,"2016-07-07 00:00:00",253.372,3
BF-11020,CA-2016-159940,"2016-07-07 00:00:00",23.688,4
BF-11020,CA-2016-159940,"2016-07-07 00:00:00",2.632,5
BF-11020,CA-2016-159940,"2016-07-07 00:00:00",60.288,6
BF-11020,CA-2016-156265,"2016-08-02 00:00:00",333.576,7
BF-11020,CA-2016-156265,"2016-08-02 00:00:00",136.464,8
BF-11020,CA-2016-156265,"2016-08-02 00:00:00",12.544,9
BF-11020,CA-2017-134495,"2017-04-01 00:00:00",20.808,10
BF-11020,CA-2017-134495,"2017-04-01 00:00:00",23.976,11
BF-11020,CA-2017-134495,"2017-04-01 00:00:00",6.264,12
BF-11020,CA-2017-134495,"2017-04-01 00:00:00",218.352,13
BF-11020,US-2017-124779,"2017-09-08 00:00:00",42.616,14
BF-11020,US-2017-124779,"2017-09-08 00:00:00",319.984,15
BF-11020,US-2017-124779,"2017-09-08 00:00:00",45.92,16
BF-11020,US-2017-124779,"2017-09-08 00:00:00",20.736,17
BF-11020,US-2017-124779,"2017-09-08 00:00:00",21.184,18
BF-11020,US-2017-124779,"2017-09-08 00:00:00",213.43,19
BF-11020,CA-2017-133333,"2017-09-18 00:00:00",22.72,20
BF-11020,CA-2017-114804,"2017-10-17 00:00:00",52.792,21
BF-11080,CA-2014-163013,"2014-11-28 00:00:00",14.67,1
BF-11080,CA-2017-140676,"2017-09-12 00:00:00",90.86,2
BF-11080,CA-2017-140676,"2017-09-12 00:00:00",39.9,3
BF-11080,CA-2017-140676,"2017-09-12 00:00:00",94.85,4
BF-11080,CA-2017-117128,"2017-12-05 00:00:00",11.07,5
BF-11080,CA-2017-117128,"2017-12-05 00:00:00",21.6,6
BF-11170,CA-2014-167724,"2014-04-13 00:00:00",7.83,1
BF-11170,CA-2014-110184,"2014-07-12 00:00:00",255.936,2
BF-11170,CA-2014-110184,"2014-07-12 00:00:00",249.75,3
BF-11170,US-2014-138247,"2014-12-24 00:00:00",173.656,4
BF-11170,US-2014-138247,"2014-12-24 00:00:00",361.96,5
BF-11170,US-2014-138247,"2014-12-24 00:00:00",20.34,6
BF-11170,US-2014-138247,"2014-12-24 00:00:00",818.376,7
BF-11170,US-2014-138247,"2014-12-24 00:00:00",23.99,8
BF-11170,US-2014-138247,"2014-12-24 00:00:00",62.85,9
BF-11170,CA-2015-145835,"2015-05-13 00:00:00",16,10
BF-11170,CA-2015-145835,"2015-05-13 00:00:00",222.384,11
BF-11170,US-2015-113327,"2015-05-26 00:00:00",18.272,12
BF-11170,US-2015-113327,"2015-05-26 00:00:00",12.224,13
BF-11170,US-2015-113327,"2015-05-26 00:00:00",153.728,14
BF-11170,US-2015-113327,"2015-05-26 00:00:00",167.944,15
BF-11170,CA-2016-159891,"2016-01-31 00:00:00",1270.99,16
BF-11170,CA-2016-159891,"2016-01-31 00:00:00",125.36,17
BF-11170,CA-2016-149111,"2016-04-17 00:00:00",18.624,18
BF-11170,CA-2016-149111,"2016-04-17 00:00:00",36.792,19
BF-11170,US-2016-120460,"2016-04-30 00:00:00",22.608,20
BF-11170,CA-2016-162348,"2016-11-10 00:00:00",9.98,21
BF-11170,US-2017-119039,"2017-03-06 00:00:00",14.976,22
BF-11170,CA-2017-151799,"2017-12-14 00:00:00",1199.98,23
BF-11170,CA-2017-151799,"2017-12-14 00:00:00",73.85,24
BF-11170,CA-2017-151799,"2017-12-14 00:00:00",25.71,25
BF-11170,CA-2017-151799,"2017-12-14 00:00:00",17.28,26
BF-11170,CA-2017-151799,"2017-12-14 00:00:00",526.582,27
BF-11215,CA-2014-103219,"2014-11-09 00:00:00",56.52,1
BF-11215,CA-2016-154662,"2016-06-09 00:00:00",692.94,2
BF-11215,CA-2017-106859,"2017-03-13 00:00:00",288.24,3
BF-11215,CA-2017-106859,"2017-03-13 00:00:00",90.8,4
BF-11215,CA-2017-106859,"2017-03-13 00:00:00",214.95,5
BF-11215,CA-2017-106859,"2017-03-13 00:00:00",140.736,6
BF-11215,CA-2017-106859,"2017-03-13 00:00:00",45.36,7
BF-11215,CA-2017-102729,"2017-10-26 00:00:00",55.616,8
BF-11275,CA-2014-148040,"2014-03-22 00:00:00",74.352,1
BF-11275,CA-2014-148040,"2014-03-22 00:00:00",314.352,2
BF-11275,CA-2017-169012,"2017-07-10 00:00:00",41.91,3
BF-11275,CA-2017-161130,"2017-11-03 00:00:00",361.376,4
BG-11035,US-2014-114377,"2014-11-05 00:00:00",149.9,1
BG-11035,CA-2014-155390,"2014-12-06 00:00:00",42.208,2
BG-11035,CA-2015-141565,"2015-09-20 00:00:00",1369.764,3
BG-11035,CA-2015-141565,"2015-09-20 00:00:00",294.368,4
BG-11035,CA-2015-120901,"2015-12-31 00:00:00",152.688,5
BG-11035,CA-2015-120901,"2015-12-31 00:00:00",5.888,6
BG-11035,CA-2015-120901,"2015-12-31 00:00:00",3.488,7
BG-11035,CA-2016-134110,"2016-11-17 00:00:00",67.176,8
BG-11035,CA-2016-134110,"2016-11-17 00:00:00",15.232,9
BG-11035,CA-2017-117198,"2017-08-31 00:00:00",659.9,10
BG-11035,CA-2017-169005,"2017-11-02 00:00:00",5.56,11
BG-11035,CA-2017-165715,"2017-12-02 00:00:00",32.776,12
BG-11695,CA-2014-127523,"2014-05-11 00:00:00",35.91,1
BG-11695,CA-2015-108588,"2015-01-05 00:00:00",13.168,2
BG-11695,CA-2015-108588,"2015-01-05 00:00:00",59.52,3
BG-11695,CA-2015-108588,"2015-01-05 00:00:00",17.48,4
BG-11695,CA-2016-153682,"2016-05-30 00:00:00",839.988,5
BG-11695,US-2016-162852,"2016-12-27 00:00:00",845.488,6
BG-11695,CA-2017-121412,"2017-09-23 00:00:00",29.328,7
BG-11695,CA-2017-105543,"2017-11-24 00:00:00",33.29,8
BG-11740,CA-2014-164749,"2014-03-23 00:00:00",9.912,1
BG-11740,CA-2015-154200,"2015-06-18 00:00:00",51.98,2
BG-11740,CA-2016-165995,"2016-08-30 00:00:00",47.04,3
BG-11740,CA-2016-165995,"2016-08-30 00:00:00",339.96,4
BG-11740,CA-2016-145240,"2016-09-06 00:00:00",10.784,5
BG-11740,CA-2017-119389,"2017-04-17 00:00:00",60.312,6
BG-11740,CA-2017-135419,"2017-11-03 00:00:00",486.368,7
BH-11710,CA-2014-115812,"2014-06-09 00:00:00",907.152,1
BH-11710,CA-2014-115812,"2014-06-09 00:00:00",7.28,2
BH-11710,CA-2014-115812,"2014-06-09 00:00:00",48.86,3
BH-11710,CA-2014-115812,"2014-06-09 00:00:00",911.424,4
BH-11710,CA-2014-115812,"2014-06-09 00:00:00",18.504,5
BH-11710,CA-2014-115812,"2014-06-09 00:00:00",1706.184,6
BH-11710,CA-2014-115812,"2014-06-09 00:00:00",114.9,7
BH-11710,US-2014-140914,"2014-11-11 00:00:00",797.944,8
BH-11710,US-2014-140914,"2014-11-11 00:00:00",10.984,9
BH-11710,US-2015-130491,"2015-02-08 00:00:00",5.76,10
BH-11710,US-2015-130491,"2015-02-08 00:00:00",5.81,11
BH-11710,US-2015-130491,"2015-02-08 00:00:00",9.54,12
BH-11710,CA-2015-149300,"2015-11-22 00:00:00",32.985,13
BH-11710,CA-2016-112123,"2016-03-03 00:00:00",479.95,14
BH-11710,CA-2016-112123,"2016-03-03 00:00:00",166.44,15
BH-11710,CA-2016-112123,"2016-03-03 00:00:00",447.86,16
BH-11710,CA-2017-127306,"2017-01-14 00:00:00",2.508,17
BH-11710,CA-2017-127306,"2017-01-14 00:00:00",5.97,18
BH-11710,CA-2017-127306,"2017-01-14 00:00:00",18.336,19
BH-11710,CA-2017-127306,"2017-01-14 00:00:00",36.288,20
BH-11710,CA-2017-127306,"2017-01-14 00:00:00",111.984,21
BH-11710,CA-2017-112865,"2017-05-18 00:00:00",36.048,22
BH-11710,CA-2017-135587,"2017-12-07 00:00:00",52,23
BH-11710,CA-2017-135587,"2017-12-07 00:00:00",320.64,24
BK-11260,CA-2014-125612,"2014-08-03 00:00:00",102.3,1
BK-11260,CA-2014-125612,"2014-08-03 00:00:00",21.36,2
BK-11260,CA-2014-125612,"2014-08-03 00:00:00",39.96,3
BK-11260,US-2014-140452,"2014-12-06 00:00:00",214.95,4
BK-11260,US-2014-140452,"2014-12-06 00:00:00",10.776,5
BK-11260,US-2014-140452,"2014-12-06 00:00:00",14.016,6
BK-11260,US-2014-140452,"2014-12-06 00:00:00",4.6,7
BK-11260,US-2014-140452,"2014-12-06 00:00:00",35.168,8
BK-11260,US-2014-140452,"2014-12-06 00:00:00",35.04,9
BK-11260,CA-2015-113110,"2015-03-19 00:00:00",14.62,10
BK-11260,CA-2015-113110,"2015-03-19 00:00:00",17.568,11
BK-11260,CA-2015-113110,"2015-03-19 00:00:00",33.36,12
BK-11260,CA-2015-113110,"2015-03-19 00:00:00",40.14,13
BK-11260,CA-2016-130799,"2016-11-11 00:00:00",6.96,14
BK-11260,CA-2017-117009,"2017-09-22 00:00:00",21.96,15
BK-11260,CA-2017-151183,"2017-10-14 00:00:00",46.36,16
BM-11140,CA-2014-139892,"2014-09-08 00:00:00",143.976,1
BM-11140,CA-2014-139892,"2014-09-08 00:00:00",1740.06,2
BM-11140,CA-2014-139892,"2014-09-08 00:00:00",177.98,3
BM-11140,CA-2014-139892,"2014-09-08 00:00:00",32.064,4
BM-11140,CA-2014-139892,"2014-09-08 00:00:00",275.928,5
BM-11140,CA-2014-139892,"2014-09-08 00:00:00",8159.952,6
BM-11140,CA-2014-139892,"2014-09-08 00:00:00",9.936,7
BM-11140,CA-2016-106278,"2016-09-02 00:00:00",65.94,8
BM-11140,CA-2016-106278,"2016-09-02 00:00:00",215.976,9
BM-11140,CA-2016-126004,"2016-12-04 00:00:00",193.86,10
BM-11140,CA-2016-126004,"2016-12-04 00:00:00",113.79,11
BM-11140,CA-2016-126004,"2016-12-04 00:00:00",78.15,12
BM-11140,CA-2016-126004,"2016-12-04 00:00:00",1.728,13
BM-11140,CA-2016-126004,"2016-12-04 00:00:00",40.56,14
BM-11140,CA-2016-126004,"2016-12-04 00:00:00",182.94,15
BM-11140,CA-2017-121706,"2017-02-26 00:00:00",356.79,16
BM-11575,CA-2015-105102,"2015-09-15 00:00:00",12.96,1
BM-11575,CA-2015-105102,"2015-09-15 00:00:00",79.872,2
BM-11575,CA-2015-105102,"2015-09-15 00:00:00",46.384,3
BM-11575,CA-2016-160304,"2016-01-02 00:00:00",173.94,4
BM-11575,CA-2016-160304,"2016-01-02 00:00:00",231.98,5
BM-11575,CA-2016-142615,"2016-11-20 00:00:00",27.88,6
BM-11575,US-2017-129203,"2017-04-17 00:00:00",195.136,7
BM-11575,CA-2017-155642,"2017-05-18 00:00:00",1.892,8
BM-11575,CA-2017-155642,"2017-05-18 00:00:00",22.608,9
BM-11575,CA-2017-165155,"2017-09-21 00:00:00",15.51,10
BM-11650,CA-2014-165379,"2014-07-09 00:00:00",10.368,1
BM-11650,CA-2014-165379,"2014-07-09 00:00:00",14.352,2
BM-11650,CA-2014-125514,"2014-09-21 00:00:00",25.96,3
BM-11650,CA-2014-125514,"2014-09-21 00:00:00",6.48,4
BM-11650,CA-2014-125514,"2014-09-21 00:00:00",36.27,5
BM-11650,US-2014-134733,"2014-09-23 00:00:00",435.999,6
BM-11650,US-2014-134733,"2014-09-23 00:00:00",83.984,7
BM-11650,CA-2015-124107,"2015-10-09 00:00:00",29.16,8
BM-11650,CA-2015-124107,"2015-10-09 00:00:00",29.403,9
BM-11650,CA-2015-124107,"2015-10-09 00:00:00",57.96,10
BM-11650,CA-2015-124107,"2015-10-09 00:00:00",619.95,11
BM-11650,CA-2015-100454,"2015-11-20 00:00:00",60.45,12
BM-11650,CA-2015-100454,"2015-11-20 00:00:00",11.52,13
BM-11650,CA-2015-100454,"2015-11-20 00:00:00",186.048,14
BM-11650,CA-2016-163202,"2016-09-27 00:00:00",2.907,15
BM-11650,CA-2017-167101,"2017-03-24 00:00:00",26,16
BM-11650,CA-2017-167101,"2017-03-24 00:00:00",221.92,17
BM-11650,CA-2017-149048,"2017-05-13 00:00:00",587.97,18
BM-11650,CA-2017-149048,"2017-05-13 00:00:00",180.96,19
BM-11650,CA-2017-149048,"2017-05-13 00:00:00",14.94,20
BM-11650,CA-2017-149048,"2017-05-13 00:00:00",530.34,21
BM-11650,CA-2017-149048,"2017-05-13 00:00:00",914.97,22
BM-11650,CA-2017-152912,"2017-11-09 00:00:00",9.64,23
BM-11650,CA-2017-152912,"2017-11-09 00:00:00",826.62,24
BM-11650,CA-2017-152912,"2017-11-09 00:00:00",544.38,25
BM-11650,CA-2017-152912,"2017-11-09 00:00:00",1633.14,26
BM-11650,CA-2017-121678,"2017-11-16 00:00:00",1.824,27
BM-11650,CA-2017-102519,"2017-11-27 00:00:00",46.94,28
BM-11650,CA-2017-102519,"2017-11-27 00:00:00",143.73,29
BM-11785,CA-2014-133270,"2014-06-06 00:00:00",13.36,1
BM-11785,CA-2014-106971,"2014-09-02 00:00:00",475.944,2
BM-11785,CA-2014-116568,"2014-12-14 00:00:00",186.304,3
BM-11785,CA-2015-165813,"2015-03-20 00:00:00",29.304,4
BM-11785,CA-2015-160787,"2015-09-25 00:00:00",2.946,5
BM-11785,US-2015-157014,"2015-10-03 00:00:00",24,6
BM-11785,US-2015-157014,"2015-10-03 00:00:00",35.49,7
BM-11785,US-2015-157014,"2015-10-03 00:00:00",47.984,8
BM-11785,US-2015-157014,"2015-10-03 00:00:00",32.07,9
BM-11785,CA-2016-105473,"2016-04-16 00:00:00",28.8,10
BM-11785,CA-2016-101966,"2016-07-14 00:00:00",419.944,11
BM-11785,CA-2016-117660,"2016-12-30 00:00:00",5.904,12
BM-11785,CA-2016-117660,"2016-12-30 00:00:00",13.712,13
BM-11785,CA-2017-152968,"2017-05-26 00:00:00",23.08,14
BN-11470,CA-2014-138527,"2014-09-12 00:00:00",15.216,1
BN-11470,CA-2014-138527,"2014-09-12 00:00:00",166.84,2
BN-11470,CA-2014-138527,"2014-09-12 00:00:00",10.368,3
BN-11470,CA-2015-106215,"2015-04-16 00:00:00",12.576,4
BN-11470,CA-2017-114370,"2017-03-14 00:00:00",49.616,5
BN-11470,US-2017-149006,"2017-12-06 00:00:00",10.68,6
BN-11515,CA-2014-118339,"2014-03-17 00:00:00",93.78,1
BN-11515,CA-2014-118339,"2014-03-17 00:00:00",35.88,2
BN-11515,CA-2014-118339,"2014-03-17 00:00:00",53.4,3
BN-11515,CA-2014-118339,"2014-03-17 00:00:00",19.68,4
BN-11515,CA-2014-118339,"2014-03-17 00:00:00",47.18,5
BN-11515,CA-2014-103940,"2014-09-17 00:00:00",35.34,6
BN-11515,CA-2014-103940,"2014-09-17 00:00:00",30.28,7
BN-11515,CA-2014-103940,"2014-09-17 00:00:00",57.93,8
BN-11515,CA-2014-103940,"2014-09-17 00:00:00",137.24,9
BN-11515,CA-2016-169943,"2016-05-19 00:00:00",242.9,10
BN-11515,CA-2016-169943,"2016-05-19 00:00:00",454.9,11
BN-11515,CA-2016-169943,"2016-05-19 00:00:00",35.92,12
BN-11515,CA-2016-169943,"2016-05-19 00:00:00",39.76,13
BN-11515,CA-2016-169943,"2016-05-19 00:00:00",47.744,14
BN-11515,CA-2017-131625,"2017-09-01 00:00:00",114.9,15
BN-11515,CA-2017-163405,"2017-12-21 00:00:00",6.63,16
BN-11515,CA-2017-163405,"2017-12-21 00:00:00",5.88,17
BO-11350,CA-2016-105207,"2016-01-03 00:00:00",1592.85,1
BO-11350,CA-2016-105207,"2016-01-03 00:00:00",11.88,2
BO-11350,CA-2016-137204,"2016-04-28 00:00:00",41.568,3
BO-11350,CA-2017-128076,"2017-02-02 00:00:00",30.96,4
BO-11350,CA-2017-128076,"2017-02-02 00:00:00",210.58,5
BO-11350,CA-2017-128076,"2017-02-02 00:00:00",239.984,6
BO-11350,CA-2017-132199,"2017-05-03 00:00:00",373.47,7
BO-11350,CA-2017-132199,"2017-05-03 00:00:00",26.388,8
BO-11350,CA-2017-132199,"2017-05-03 00:00:00",32.448,9
BO-11350,CA-2017-132199,"2017-05-03 00:00:00",8,10
BO-11350,CA-2017-132199,"2017-05-03 00:00:00",64.2,11
BO-11350,CA-2017-144883,"2017-08-15 00:00:00",50.4,12
BO-11425,CA-2015-136658,"2015-09-10 00:00:00",6.08,1
BO-11425,CA-2017-158386,"2017-10-16 00:00:00",124.75,2
BP-11050,US-2014-154655,"2014-10-12 00:00:00",22.24,1
BP-11050,CA-2016-160535,"2016-11-25 00:00:00",563.4,2
BP-11050,CA-2016-160535,"2016-11-25 00:00:00",319.92,3
BP-11050,CA-2016-108364,"2016-12-19 00:00:00",1.8,4
BP-11050,CA-2017-143084,"2017-03-18 00:00:00",19.4,5
BP-11050,CA-2017-143084,"2017-03-18 00:00:00",13.9,6
BP-11050,CA-2017-151596,"2017-10-08 00:00:00",42.76,7
BP-11095,US-2014-134971,"2014-06-07 00:00:00",12.462,1
BP-11095,CA-2014-137911,"2014-10-09 00:00:00",88.768,2
BP-11095,CA-2014-146990,"2014-11-07 00:00:00",5.92,3
BP-11095,CA-2014-146990,"2014-11-07 00:00:00",30.18,4
BP-11095,CA-2014-162992,"2014-12-19 00:00:00",14.62,5
BP-11095,CA-2014-162992,"2014-12-19 00:00:00",22.55,6
BP-11095,CA-2014-162992,"2014-12-19 00:00:00",583.8,7
BP-11095,CA-2014-162992,"2014-12-19 00:00:00",211.168,8
BP-11095,CA-2015-138219,"2015-03-23 00:00:00",33.36,9
BP-11095,CA-2015-148180,"2015-07-26 00:00:00",9.144,10
BP-11095,CA-2015-148180,"2015-07-26 00:00:00",99.2,11
BP-11095,CA-2015-148180,"2015-07-26 00:00:00",23.136,12
BP-11095,CA-2016-156811,"2016-10-27 00:00:00",25.032,13
BP-11095,CA-2016-156811,"2016-10-27 00:00:00",43.92,14
BP-11095,CA-2017-105445,"2017-02-20 00:00:00",9.432,15
BP-11095,CA-2017-161851,"2017-04-15 00:00:00",15.57,16
BP-11095,CA-2017-160325,"2017-09-24 00:00:00",391.98,17
BP-11095,CA-2017-160325,"2017-09-24 00:00:00",437.85,18
BP-11095,CA-2017-137365,"2017-11-30 00:00:00",95.976,19
BP-11095,CA-2017-135377,"2017-12-13 00:00:00",287.976,20
BP-11155,CA-2015-158491,"2015-06-04 00:00:00",119.98,1
BP-11155,CA-2015-158491,"2015-06-04 00:00:00",989.97,2
BP-11155,CA-2016-154767,"2016-06-28 00:00:00",275.24,3
BP-11155,CA-2016-154767,"2016-06-28 00:00:00",121.96,4
BP-11155,CA-2016-154767,"2016-06-28 00:00:00",61.96,5
BP-11155,CA-2016-154767,"2016-06-28 00:00:00",7.96,6
BP-11155,CA-2016-154767,"2016-06-28 00:00:00",8.74,7
BP-11155,CA-2017-156139,"2016-12-31 00:00:00",38.376,8
BP-11155,US-2017-154851,"2017-03-30 00:00:00",5.715,9
BP-11155,CA-2017-128629,"2017-07-10 00:00:00",18.84,10
BP-11155,CA-2017-147564,"2017-10-02 00:00:00",49.12,11
BP-11185,US-2015-112508,"2015-03-24 00:00:00",6.992,1
BP-11185,CA-2015-166219,"2015-08-28 00:00:00",103.481,2
BP-11185,CA-2015-166219,"2015-08-28 00:00:00",1099.96,3
BP-11185,CA-2016-158211,"2016-01-04 00:00:00",104.58,4
BP-11185,CA-2016-158211,"2016-01-04 00:00:00",4.672,5
BP-11185,CA-2016-142902,"2016-09-12 00:00:00",15.136,6
BP-11185,CA-2016-142902,"2016-09-12 00:00:00",6.264,7
BP-11185,CA-2016-142902,"2016-09-12 00:00:00",15.232,8
BP-11185,CA-2016-142902,"2016-09-12 00:00:00",466.768,9
BP-11185,CA-2016-115574,"2016-12-23 00:00:00",141.372,10
BP-11185,CA-2017-130036,"2017-08-27 00:00:00",1119.888,11
BP-11185,CA-2017-130036,"2017-08-27 00:00:00",12.672,12
BP-11185,CA-2017-167150,"2017-12-10 00:00:00",65.568,13
BP-11185,CA-2017-167150,"2017-12-10 00:00:00",19.936,14
BP-11185,US-2017-140907,"2017-12-10 00:00:00",324.9,15
BP-11185,US-2017-140907,"2017-12-10 00:00:00",49.08,16
BP-11185,US-2017-140907,"2017-12-10 00:00:00",18.24,17
BP-11185,CA-2017-146626,"2017-12-29 00:00:00",101.12,18
BP-11230,CA-2014-101462,"2014-04-20 00:00:00",59.92,1
BP-11230,CA-2015-135174,"2015-04-30 00:00:00",1022.97,2
BP-11230,CA-2016-141551,"2016-09-24 00:00:00",6.48,3
BP-11230,CA-2016-141551,"2016-09-24 00:00:00",6.38,4
BP-11230,US-2016-116442,"2016-12-15 00:00:00",14.76,5
BP-11230,CA-2017-142888,"2017-11-21 00:00:00",70.98,6
BP-11290,CA-2014-153976,"2014-10-03 00:00:00",258.279,1
BP-11290,CA-2016-142398,"2016-04-12 00:00:00",638.288,2
BP-11290,CA-2016-142398,"2016-04-12 00:00:00",13.208,3
BP-11290,CA-2016-150483,"2016-05-31 00:00:00",10.368,4
BP-11290,CA-2016-150483,"2016-05-31 00:00:00",191.079,5
BP-11290,CA-2016-150483,"2016-05-31 00:00:00",32.064,6
BP-11290,CA-2016-150483,"2016-05-31 00:00:00",18.496,7
BP-11290,CA-2016-142895,"2016-07-21 00:00:00",6.264,8
BP-11290,CA-2016-142895,"2016-07-21 00:00:00",363.92,9
BP-11290,CA-2017-154760,"2017-01-09 00:00:00",274.491,10
BP-11290,CA-2017-137505,"2017-11-24 00:00:00",364.08,11
BP-11290,CA-2017-137505,"2017-11-24 00:00:00",71.088,12
BP-11290,CA-2017-156664,"2017-12-18 00:00:00",7.236,13
BP-11290,CA-2017-156664,"2017-12-18 00:00:00",4.824,14
BP-11290,CA-2017-156664,"2017-12-18 00:00:00",91.36,15
BP-11290,CA-2017-156664,"2017-12-18 00:00:00",130.112,16
BS-11365,US-2014-148194,"2014-05-04 00:00:00",57.68,1
BS-11365,US-2014-148194,"2014-05-04 00:00:00",12.18,2
BS-11365,US-2014-143581,"2014-08-19 00:00:00",344.91,3
BS-11365,CA-2014-168130,"2014-09-19 00:00:00",887.103,4
BS-11365,US-2016-107440,"2016-04-16 00:00:00",25.3,5
BS-11365,US-2016-107440,"2016-04-16 00:00:00",9099.93,6
BS-11365,US-2016-107440,"2016-04-16 00:00:00",9.96,7
BS-11365,CA-2016-149965,"2016-06-20 00:00:00",57.69,8
BS-11365,CA-2016-149965,"2016-06-20 00:00:00",6.9,9
BS-11380,US-2014-134712,"2014-11-29 00:00:00",12.624,1
BS-11380,CA-2015-142475,"2015-12-03 00:00:00",590.352,2
BS-11380,CA-2017-116288,"2017-03-12 00:00:00",242.94,3
BS-11380,CA-2017-160633,"2017-11-16 00:00:00",86.352,4
BS-11380,CA-2017-160633,"2017-11-16 00:00:00",139.96,5
BS-11380,CA-2017-160633,"2017-11-16 00:00:00",899.982,6
BS-11380,US-2017-112347,"2017-12-02 00:00:00",114.288,7
BS-11380,US-2017-112347,"2017-12-02 00:00:00",36.624,8
BS-11380,US-2017-112347,"2017-12-02 00:00:00",508.704,9
BS-11380,US-2017-112347,"2017-12-02 00:00:00",57.36,10
BS-11380,US-2017-112347,"2017-12-02 00:00:00",906.68,11
BS-11380,US-2017-112347,"2017-12-02 00:00:00",49.616,12
BS-11380,US-2017-112347,"2017-12-02 00:00:00",242.352,13
BS-11590,CA-2014-149524,"2014-01-14 00:00:00",61.96,1
BS-11590,CA-2014-107398,"2014-08-25 00:00:00",6.528,2
BS-11590,CA-2014-107398,"2014-08-25 00:00:00",20.856,3
BS-11590,CA-2014-107398,"2014-08-25 00:00:00",2.862,4
BS-11590,CA-2014-106376,"2014-12-05 00:00:00",167.968,5
BS-11590,CA-2014-106376,"2014-12-05 00:00:00",1113.024,6
BS-11590,US-2015-109015,"2015-09-06 00:00:00",337.98,7
BS-11590,US-2015-109015,"2015-09-06 00:00:00",8.39,8
BS-11590,CA-2016-105900,"2016-09-17 00:00:00",33.4,9
BS-11590,US-2017-109610,"2017-11-25 00:00:00",701.96,10
BS-11665,CA-2014-126032,"2014-06-23 00:00:00",86.376,1
BS-11665,CA-2015-126725,"2015-11-17 00:00:00",32.4,2
BS-11665,CA-2015-126725,"2015-11-17 00:00:00",225.568,3
BS-11665,CA-2015-126725,"2015-11-17 00:00:00",36.6,4
BS-11665,CA-2015-126725,"2015-11-17 00:00:00",777.21,5
BS-11665,CA-2015-126725,"2015-11-17 00:00:00",415.968,6
BS-11665,CA-2015-126725,"2015-11-17 00:00:00",80.96,7
BS-11665,CA-2015-126725,"2015-11-17 00:00:00",304.9,8
BS-11665,CA-2016-101791,"2016-05-27 00:00:00",5.584,9
BS-11665,CA-2016-101791,"2016-05-27 00:00:00",1297.368,10
BS-11665,CA-2016-101791,"2016-05-27 00:00:00",25.176,11
BS-11755,CA-2014-103373,"2014-05-18 00:00:00",779.796,1
BS-11755,CA-2014-133690,"2014-08-03 00:00:00",2.6,2
BS-11755,CA-2014-133690,"2014-08-03 00:00:00",218.75,3
BS-11755,CA-2015-126137,"2015-10-03 00:00:00",120.666,4
BS-11755,CA-2016-156748,"2016-11-30 00:00:00",33.36,5
BS-11755,CA-2016-156748,"2016-11-30 00:00:00",496.86,6
BS-11755,CA-2016-156748,"2016-11-30 00:00:00",13.76,7
BS-11755,CA-2016-156748,"2016-11-30 00:00:00",389.97,8
BS-11755,CA-2017-135069,"2017-04-10 00:00:00",195.104,9
BS-11755,CA-2017-135069,"2017-04-10 00:00:00",36.672,10
BS-11755,CA-2017-123778,"2017-09-23 00:00:00",160.96,11
BS-11755,CA-2017-123778,"2017-09-23 00:00:00",25.824,12
BS-11755,CA-2017-130631,"2017-12-29 00:00:00",68.46,13
BS-11755,CA-2017-130631,"2017-12-29 00:00:00",19.6,14
BS-11800,CA-2015-122371,"2015-09-26 00:00:00",124.46,1
BS-11800,CA-2015-122371,"2015-09-26 00:00:00",64.17,2
BS-11800,CA-2017-135279,"2017-04-09 00:00:00",12.96,3
BS-11800,CA-2017-135279,"2017-04-09 00:00:00",9.82,4
BS-11800,CA-2017-135279,"2017-04-09 00:00:00",35.97,5
BS-11800,CA-2017-135279,"2017-04-09 00:00:00",501.81,6
BS-11800,CA-2017-135279,"2017-04-09 00:00:00",8.64,7
BS-11800,CA-2017-135279,"2017-04-09 00:00:00",191.6,8
BT-11305,CA-2014-166954,"2014-04-25 00:00:00",303.25,1
BT-11305,CA-2014-166954,"2014-04-25 00:00:00",270.72,2
BT-11305,CA-2014-166954,"2014-04-25 00:00:00",1487.04,3
BT-11305,CA-2015-138002,"2015-09-06 00:00:00",6.096,4
BT-11305,CA-2015-138002,"2015-09-06 00:00:00",191.82,5
BT-11305,CA-2015-103723,"2015-12-01 00:00:00",13.9,6
BT-11305,CA-2015-153612,"2015-12-22 00:00:00",17.12,7
BT-11305,CA-2017-115994,"2017-01-28 00:00:00",239.97,8
BT-11305,CA-2017-115994,"2017-01-28 00:00:00",37.74,9
BT-11395,CA-2014-107769,"2014-10-28 00:00:00",257.98,1
BT-11395,CA-2015-111325,"2015-02-27 00:00:00",4.419,2
BT-11395,CA-2015-111325,"2015-02-27 00:00:00",16.032,3
BT-11395,US-2015-120502,"2015-04-13 00:00:00",258.576,4
BT-11395,US-2015-120502,"2015-04-13 00:00:00",37.68,5
BT-11395,US-2015-120502,"2015-04-13 00:00:00",75.84,6
BT-11395,CA-2015-110016,"2015-11-29 00:00:00",1106.91,7
BT-11395,CA-2015-110016,"2015-11-29 00:00:00",19.92,8
BT-11395,CA-2016-126935,"2016-05-19 00:00:00",9.584,9
BT-11395,CA-2017-117513,"2017-03-03 00:00:00",399.672,10
BT-11440,CA-2014-151946,"2014-06-04 00:00:00",13.96,1
BT-11440,CA-2014-151946,"2014-06-04 00:00:00",353.568,2
BT-11440,CA-2014-151946,"2014-06-04 00:00:00",56.96,3
BT-11440,CA-2014-151946,"2014-06-04 00:00:00",15.56,4
BT-11440,CA-2014-139283,"2014-11-23 00:00:00",14.67,5
BT-11440,CA-2016-106383,"2016-03-19 00:00:00",72.294,6
BT-11440,US-2016-163461,"2016-06-18 00:00:00",76.864,7
BT-11485,CA-2015-165085,"2015-12-27 00:00:00",28.9,1
BT-11485,CA-2015-165085,"2015-12-27 00:00:00",355.96,2
BT-11485,CA-2016-122511,"2016-03-11 00:00:00",30.336,3
BT-11530,CA-2014-104780,"2014-05-21 00:00:00",31.84,1
BT-11530,CA-2014-146864,"2014-12-22 00:00:00",216.4,2
BT-11530,CA-2016-148208,"2016-01-22 00:00:00",55.176,3
BT-11530,CA-2016-148208,"2016-01-22 00:00:00",110.376,4
BT-11530,CA-2017-117212,"2017-02-26 00:00:00",81.92,5
BT-11530,CA-2017-117212,"2017-02-26 00:00:00",889.536,6
BT-11530,CA-2017-117212,"2017-02-26 00:00:00",23.12,7
BT-11530,CA-2017-117212,"2017-02-26 00:00:00",223.92,8
BT-11530,CA-2017-117212,"2017-02-26 00:00:00",892.224,9
BT-11530,CA-2017-123029,"2017-09-30 00:00:00",159.98,10
BT-11680,CA-2014-121629,"2014-11-28 00:00:00",998.85,1
BT-11680,CA-2015-132626,"2015-07-09 00:00:00",12.39,2
BT-11680,CA-2015-132626,"2015-07-09 00:00:00",98.21,3
BT-11680,CA-2015-132626,"2015-07-09 00:00:00",181.96,4
BT-11680,CA-2015-132626,"2015-07-09 00:00:00",79.36,5
BT-11680,CA-2015-132626,"2015-07-09 00:00:00",15.8,6
BT-11680,CA-2015-132626,"2015-07-09 00:00:00",464.97,7
BT-11680,CA-2015-132626,"2015-07-09 00:00:00",84.09,8
BT-11680,CA-2015-132626,"2015-07-09 00:00:00",153.36,9
BT-11680,CA-2015-132626,"2015-07-09 00:00:00",43.68,10
BT-11680,CA-2015-125710,"2015-10-08 00:00:00",3.44,11
BT-11680,CA-2016-123358,"2016-04-10 00:00:00",113.76,12
BT-11680,CA-2016-123358,"2016-04-10 00:00:00",579.51,13
BT-11680,CA-2016-123358,"2016-04-10 00:00:00",150.66,14
BT-11680,CA-2016-123358,"2016-04-10 00:00:00",48.032,15
BT-11680,CA-2016-146423,"2016-04-21 00:00:00",51.84,16
BT-11680,CA-2016-146423,"2016-04-21 00:00:00",15.48,17
BT-11680,US-2017-161193,"2017-11-20 00:00:00",77.6,18
BT-11680,US-2017-161193,"2017-11-20 00:00:00",4.656,19
BT-11680,CA-2017-158967,"2017-12-10 00:00:00",19.104,20
BV-11245,CA-2015-103793,"2015-03-26 00:00:00",74.352,1
BV-11245,CA-2015-156734,"2015-06-18 00:00:00",20.736,2
BV-11245,CA-2015-156734,"2015-06-18 00:00:00",643.136,3
BV-11245,CA-2015-156734,"2015-06-18 00:00:00",6.129,4
BV-11245,US-2016-168410,"2016-02-21 00:00:00",68.95,5
BV-11245,US-2016-168410,"2016-02-21 00:00:00",39.98,6
BV-11245,US-2016-168410,"2016-02-21 00:00:00",296.37,7
BV-11245,CA-2016-123526,"2016-12-24 00:00:00",33.4,8
BV-11245,CA-2017-104220,"2017-01-30 00:00:00",18.28,9
BV-11245,CA-2017-104220,"2017-01-30 00:00:00",207,10
BV-11245,CA-2017-104220,"2017-01-30 00:00:00",32.35,11
BV-11245,CA-2017-104220,"2017-01-30 00:00:00",7.71,12
BV-11245,CA-2017-104220,"2017-01-30 00:00:00",40.3,13
BV-11245,CA-2017-104220,"2017-01-30 00:00:00",34.58,14
BW-11065,CA-2014-100391,"2014-05-25 00:00:00",14.62,1
BW-11065,CA-2015-119634,"2015-08-11 00:00:00",46.152,2
BW-11065,CA-2017-157413,"2017-06-01 00:00:00",324.744,3
BW-11110,CA-2015-106565,"2015-03-20 00:00:00",51.84,1
BW-11110,CA-2015-137302,"2015-04-26 00:00:00",50.352,2
BW-11110,CA-2015-137302,"2015-04-26 00:00:00",63.936,3
BW-11110,CA-2015-137302,"2015-04-26 00:00:00",59.52,4
BW-11110,CA-2015-137302,"2015-04-26 00:00:00",311.976,5
BW-11110,US-2016-126844,"2016-10-08 00:00:00",51.712,6
BW-11110,CA-2016-101161,"2016-10-13 00:00:00",99.87,7
BW-11110,CA-2016-101161,"2016-10-13 00:00:00",34.7,8
BW-11110,CA-2016-101161,"2016-10-13 00:00:00",24.9,9
BW-11110,CA-2016-101161,"2016-10-13 00:00:00",82.26,10
BW-11110,CA-2016-101161,"2016-10-13 00:00:00",37.94,11
BW-11110,CA-2016-127194,"2016-12-10 00:00:00",62.82,12
BW-11110,CA-2017-159366,"2017-01-07 00:00:00",3059.982,13
BW-11110,CA-2017-151855,"2017-05-27 00:00:00",27.192,14
BW-11110,CA-2017-151855,"2017-05-27 00:00:00",12.06,15
BW-11110,CA-2017-154074,"2017-08-31 00:00:00",569.568,16
BW-11110,CA-2017-154074,"2017-08-31 00:00:00",149.73,17
BW-11200,CA-2014-109897,"2014-08-12 00:00:00",85.44,1
BW-11200,CA-2014-109897,"2014-08-12 00:00:00",806.336,2
BW-11200,US-2014-167633,"2014-09-30 00:00:00",15.552,3
BW-11200,CA-2016-120873,"2016-10-27 00:00:00",290.98,4
BW-11200,CA-2016-116596,"2016-10-27 00:00:00",9.728,5
BW-11200,CA-2016-116596,"2016-10-27 00:00:00",33.48,6
BW-11200,CA-2016-116596,"2016-10-27 00:00:00",40.67,7
BW-11200,CA-2016-116596,"2016-10-27 00:00:00",427.644,8
BW-11200,US-2017-106579,"2017-06-08 00:00:00",12.176,9
BW-11200,CA-2017-143343,"2017-06-10 00:00:00",16.4,10
CA-11965,CA-2014-167997,"2014-01-26 00:00:00",10.68,1
CA-11965,CA-2014-167997,"2014-01-26 00:00:00",141.96,2
CA-11965,CA-2015-161452,"2015-04-05 00:00:00",892.224,3
CA-11965,CA-2015-105690,"2015-11-21 00:00:00",246.1328,4
CA-11965,CA-2015-105690,"2015-11-21 00:00:00",439.992,5
CA-11965,CA-2015-105690,"2015-11-21 00:00:00",11.696,6
CA-11965,CA-2016-157791,"2016-12-23 00:00:00",1999.96,7
CA-11965,CA-2017-134649,"2017-01-26 00:00:00",15.47,8
CA-11965,CA-2017-134649,"2017-01-26 00:00:00",7.16,9
CA-11965,CA-2017-122112,"2017-09-25 00:00:00",24.448,10
CA-12055,CA-2015-162621,"2015-09-05 00:00:00",16.27,1
CA-12055,CA-2015-162621,"2015-09-05 00:00:00",4.47,2
CA-12055,CA-2015-162621,"2015-09-05 00:00:00",69.12,3
CA-12055,CA-2016-168081,"2016-04-24 00:00:00",258.696,4
CA-12055,CA-2016-107328,"2016-08-08 00:00:00",513.024,5
CA-12055,CA-2016-107328,"2016-08-08 00:00:00",487.92,6
CA-12055,CA-2016-107328,"2016-08-08 00:00:00",15.24,7
CA-12055,US-2016-164945,"2016-11-22 00:00:00",134.272,8
CA-12055,CA-2016-125661,"2016-11-24 00:00:00",40.752,9
CA-12055,CA-2016-125661,"2016-11-24 00:00:00",139.96,10
CA-12265,CA-2014-128237,"2014-03-25 00:00:00",14.88,1
CA-12265,CA-2014-128237,"2014-03-25 00:00:00",6.56,2
CA-12265,CA-2014-128237,"2014-03-25 00:00:00",25.44,3
CA-12265,CA-2014-128237,"2014-03-25 00:00:00",45.48,4
CA-12265,US-2014-111171,"2014-12-26 00:00:00",8.69,5
CA-12265,CA-2015-120362,"2015-09-14 00:00:00",912.75,6
CA-12265,CA-2016-106894,"2016-02-07 00:00:00",100,7
CA-12265,CA-2016-106894,"2016-02-07 00:00:00",7.83,8
CA-12265,CA-2017-140053,"2017-07-03 00:00:00",545.85,9
CA-12265,CA-2017-122196,"2017-09-22 00:00:00",391.98,10
CA-12265,CA-2017-169607,"2017-10-12 00:00:00",9.96,11
CA-12265,CA-2017-106432,"2017-10-19 00:00:00",328.3992,12
CA-12265,CA-2017-106432,"2017-10-19 00:00:00",2.072,13
CA-12265,CA-2017-102610,"2017-11-04 00:00:00",95.976,14
CA-12265,CA-2017-102610,"2017-11-04 00:00:00",4.928,15
CA-12265,CA-2017-102610,"2017-11-04 00:00:00",3.564,16
CA-12265,CA-2017-102610,"2017-11-04 00:00:00",143.928,17
CA-12310,US-2014-150434,"2014-07-19 00:00:00",359.98,1
CA-12310,US-2014-150434,"2014-07-19 00:00:00",70.56,2
CA-12310,US-2014-150434,"2014-07-19 00:00:00",20.88,3
CA-12310,US-2014-150434,"2014-07-19 00:00:00",3.81,4
CA-12310,US-2016-116365,"2016-01-03 00:00:00",30.08,5
CA-12310,US-2016-116365,"2016-01-03 00:00:00",180.96,6
CA-12310,US-2016-116365,"2016-01-03 00:00:00",165.6,7
CA-12310,US-2017-145366,"2017-12-09 00:00:00",37.208,8
CA-12310,US-2017-145366,"2017-12-09 00:00:00",57.576,9
CA-12310,CA-2017-120936,"2017-12-17 00:00:00",13.98,10
CA-12310,CA-2017-120936,"2017-12-17 00:00:00",481.32,11
CA-12775,CA-2014-140858,"2014-06-28 00:00:00",3.168,1
CA-12775,CA-2014-140858,"2014-06-28 00:00:00",31.086,2
CA-12775,CA-2014-140858,"2014-06-28 00:00:00",335.52,3
CA-12775,CA-2014-140858,"2014-06-28 00:00:00",1228.465,4
CA-12775,CA-2014-140858,"2014-06-28 00:00:00",41.472,5
CA-12775,CA-2014-145576,"2014-09-14 00:00:00",13.128,6
CA-12775,CA-2014-145576,"2014-09-14 00:00:00",13,7
CA-12775,US-2015-140200,"2015-07-26 00:00:00",393.165,8
CA-12775,CA-2015-135853,"2015-12-11 00:00:00",125.99,9
CA-12775,CA-2015-135853,"2015-12-11 00:00:00",23,10
CA-12775,CA-2015-135853,"2015-12-11 00:00:00",175.23,11
CA-12775,US-2016-132857,"2016-12-11 00:00:00",6.672,12
CA-12775,CA-2017-122175,"2017-05-12 00:00:00",42.85,13
CA-12775,CA-2017-122175,"2017-05-12 00:00:00",6.16,14
CA-12775,CA-2017-122175,"2017-05-12 00:00:00",87.4,15
CA-12775,CA-2017-122175,"2017-05-12 00:00:00",17,16
CA-12775,CA-2017-145653,"2017-09-01 00:00:00",498.26,17
CB-12025,CA-2014-140004,"2014-03-21 00:00:00",7.408,1
CB-12025,CA-2014-140004,"2014-03-21 00:00:00",6.048,2
CB-12025,CA-2014-130869,"2014-11-17 00:00:00",7.08,3
CB-12025,CA-2015-146563,"2015-08-24 00:00:00",724.08,4
CB-12025,CA-2015-146563,"2015-08-24 00:00:00",999.432,5
CB-12025,CA-2015-146563,"2015-08-24 00:00:00",918.785,6
CB-12025,CA-2015-146563,"2015-08-24 00:00:00",2.724,7
CB-12025,CA-2015-121188,"2015-08-28 00:00:00",307.666,8
CB-12025,CA-2015-121188,"2015-08-28 00:00:00",43.176,9
CB-12025,CA-2015-121188,"2015-08-28 00:00:00",892.35,10
CB-12025,CA-2015-121188,"2015-08-28 00:00:00",4.16,11
CB-12025,CA-2015-121188,"2015-08-28 00:00:00",41.36,12
CB-12025,CA-2015-121188,"2015-08-28 00:00:00",728.82,13
CB-12025,CA-2016-117583,"2016-11-27 00:00:00",79.95,14
CB-12025,CA-2016-117583,"2016-11-27 00:00:00",25.92,15
CB-12025,CA-2016-117583,"2016-11-27 00:00:00",34.65,16
CB-12025,CA-2016-117583,"2016-11-27 00:00:00",204.95,17
CB-12025,CA-2017-131282,"2017-02-05 00:00:00",7.12,18
CB-12025,CA-2017-131282,"2017-02-05 00:00:00",243.992,19
CB-12025,CA-2017-100160,"2017-09-07 00:00:00",29.24,20
CB-12025,CA-2017-100160,"2017-09-07 00:00:00",4.896,21
CB-12025,CA-2017-100160,"2017-09-07 00:00:00",15.552,22
CB-12025,CA-2017-144484,"2017-09-11 00:00:00",406.6,23
CB-12025,CA-2017-144484,"2017-09-11 00:00:00",32.36,24
CB-12025,US-2017-152898,"2017-09-11 00:00:00",67.9,25
CB-12025,US-2017-102904,"2017-11-13 00:00:00",239.92,26
CB-12415,US-2015-136259,"2015-11-05 00:00:00",27.2,1
CB-12415,US-2015-136259,"2015-11-05 00:00:00",7.218,2
CB-12415,CA-2016-113656,"2016-01-23 00:00:00",59.99,3
CB-12415,CA-2016-163398,"2016-05-03 00:00:00",26.406,4
CB-12415,CA-2016-163398,"2016-05-03 00:00:00",27.384,5
CB-12415,CA-2016-163398,"2016-05-03 00:00:00",2.182,6
CB-12415,CA-2016-139941,"2016-06-12 00:00:00",92.94,7
CB-12415,CA-2016-139941,"2016-06-12 00:00:00",52.56,8
CB-12415,CA-2016-147417,"2016-07-25 00:00:00",1439.976,9
CB-12415,CA-2017-111374,"2017-02-24 00:00:00",4.956,10
CB-12415,US-2017-157896,"2017-11-16 00:00:00",146.82,11
CB-12415,CA-2017-152660,"2017-12-04 00:00:00",61.568,12
CB-12535,CA-2015-104514,"2015-01-02 00:00:00",85.52,1
CB-12535,CA-2015-104514,"2015-01-02 00:00:00",9.84,2
CB-12535,CA-2015-104514,"2015-01-02 00:00:00",20.04,3
CB-12535,CA-2015-113971,"2015-05-08 00:00:00",8.352,4
CB-12535,CA-2015-100146,"2015-05-14 00:00:00",122.91,5
CB-12535,CA-2015-100146,"2015-05-14 00:00:00",509.9575,6
CB-12535,CA-2015-100146,"2015-05-14 00:00:00",722.352,7
CB-12535,CA-2015-100146,"2015-05-14 00:00:00",97.568,8
CB-12535,CA-2015-111094,"2015-07-09 00:00:00",6.58,9
CB-12535,CA-2015-111094,"2015-07-09 00:00:00",122.94,10
CB-12535,US-2016-165505,"2016-01-23 00:00:00",1564.29,11
CB-12535,US-2016-165505,"2016-01-23 00:00:00",8.04,12
CB-12535,US-2016-165505,"2016-01-23 00:00:00",99.98,13
CB-12535,CA-2016-147585,"2016-11-07 00:00:00",14.82,14
CB-12535,CA-2017-161046,"2017-03-05 00:00:00",234.36,15
CB-12535,CA-2017-161046,"2017-03-05 00:00:00",262.24,16
CB-12535,CA-2017-161046,"2017-03-05 00:00:00",299.97,17
CB-12535,CA-2017-161046,"2017-03-05 00:00:00",42.68,18
CB-12535,CA-2017-136826,"2017-06-16 00:00:00",14.016,19
CC-12100,CA-2014-136399,"2014-12-16 00:00:00",627.168,1
CC-12100,CA-2014-136399,"2014-12-16 00:00:00",241.568,2
CC-12100,CA-2014-136399,"2014-12-16 00:00:00",44.46,3
CC-12100,CA-2014-136399,"2014-12-16 00:00:00",395,4
CC-12100,CA-2015-104297,"2015-05-29 00:00:00",85.056,5
CC-12100,CA-2015-113040,"2015-08-27 00:00:00",5.104,6
CC-12100,CA-2015-108532,"2015-08-29 00:00:00",114.52,7
CC-12100,CA-2015-108532,"2015-08-29 00:00:00",131.98,8
CC-12100,CA-2016-129308,"2016-07-07 00:00:00",5.715,9
CC-12100,CA-2016-129308,"2016-07-07 00:00:00",59.994,10
CC-12100,CA-2016-129308,"2016-07-07 00:00:00",10.08,11
CC-12100,CA-2016-129308,"2016-07-07 00:00:00",9.42,12
CC-12100,CA-2016-161781,"2016-09-29 00:00:00",40.88,13
CC-12145,CA-2014-141726,"2014-07-20 00:00:00",104.85,1
CC-12145,CA-2014-141726,"2014-07-20 00:00:00",8.704,2
CC-12145,CA-2014-141726,"2014-07-20 00:00:00",19.92,3
CC-12145,CA-2014-141726,"2014-07-20 00:00:00",43.02,4
CC-12145,CA-2015-121797,"2015-01-30 00:00:00",227.36,5
CC-12145,CA-2015-121797,"2015-01-30 00:00:00",1919.976,6
CC-12145,CA-2015-122623,"2015-09-07 00:00:00",47.516,7
CC-12145,CA-2015-132906,"2015-09-10 00:00:00",51.52,8
CC-12145,CA-2016-130078,"2016-08-08 00:00:00",10.56,9
CC-12145,CA-2016-148201,"2016-08-26 00:00:00",6.48,10
CC-12145,CA-2017-146185,"2017-09-15 00:00:00",31.744,11
CC-12220,CA-2014-103527,"2014-09-09 00:00:00",10.896,1
CC-12220,CA-2014-166891,"2014-10-04 00:00:00",589.41,2
CC-12220,CA-2014-161634,"2014-11-14 00:00:00",32.4,3
CC-12220,CA-2015-147879,"2015-05-07 00:00:00",45.68,4
CC-12220,CA-2016-145730,"2016-03-03 00:00:00",36.6,5
CC-12220,CA-2016-145730,"2016-03-03 00:00:00",637.896,6
CC-12220,CA-2016-145730,"2016-03-03 00:00:00",287.91,7
CC-12220,CA-2016-131380,"2016-03-28 00:00:00",87.92,8
CC-12220,CA-2016-131380,"2016-03-28 00:00:00",5.98,9
CC-12220,CA-2016-155474,"2016-07-08 00:00:00",107.984,10
CC-12220,CA-2016-155474,"2016-07-08 00:00:00",19.296,11
CC-12220,CA-2016-155992,"2016-10-01 00:00:00",69.9,12
CC-12220,CA-2016-155992,"2016-10-01 00:00:00",41.85,13
CC-12220,CA-2017-119914,"2017-05-04 00:00:00",243.16,14
CC-12220,CA-2017-161410,"2017-06-26 00:00:00",358.2,15
CC-12220,CA-2017-161410,"2017-06-26 00:00:00",545.916,16
CC-12220,US-2017-107888,"2017-11-16 00:00:00",139.92,17
CC-12220,US-2017-107888,"2017-11-16 00:00:00",107.88,18
CC-12220,US-2017-107888,"2017-11-16 00:00:00",33.29,19
CC-12220,US-2017-107888,"2017-11-16 00:00:00",73.68,20
CC-12220,CA-2017-152695,"2017-12-10 00:00:00",426.79,21
CC-12220,CA-2017-152695,"2017-12-10 00:00:00",10.86,22
CC-12370,CA-2016-143714,"2016-05-23 00:00:00",122.382,1
CC-12370,CA-2016-143714,"2016-05-23 00:00:00",8399.976,2
CC-12370,CA-2016-143714,"2016-05-23 00:00:00",6.294,3
CC-12370,CA-2016-143714,"2016-05-23 00:00:00",10.368,4
CC-12370,CA-2016-135265,"2016-07-07 00:00:00",287.968,5
CC-12370,CA-2016-135265,"2016-07-07 00:00:00",48.94,6
CC-12370,CA-2016-135265,"2016-07-07 00:00:00",2799.96,7
CC-12370,CA-2016-154690,"2016-08-15 00:00:00",225.296,8
CC-12370,CA-2017-106691,"2017-11-06 00:00:00",1.248,9
CC-12370,US-2017-155866,"2017-11-17 00:00:00",187.76,10
CC-12370,US-2017-155866,"2017-11-17 00:00:00",38.88,11
CC-12430,CA-2015-150791,"2015-09-06 00:00:00",271.764,1
CC-12430,CA-2016-116736,"2016-01-17 00:00:00",322.59,2
CC-12430,CA-2016-116736,"2016-01-17 00:00:00",29.99,3
CC-12430,CA-2016-116736,"2016-01-17 00:00:00",371.97,4
CC-12430,US-2016-148957,"2016-09-17 00:00:00",12.32,5
CC-12430,US-2016-114888,"2016-09-19 00:00:00",11.952,6
CC-12430,US-2016-114888,"2016-09-19 00:00:00",6.24,7
CC-12430,CA-2016-163384,"2016-11-10 00:00:00",32.4,8
CC-12430,CA-2016-163384,"2016-11-10 00:00:00",13.216,9
CC-12430,CA-2016-118570,"2016-11-13 00:00:00",217.056,10
CC-12430,CA-2017-166695,"2017-05-20 00:00:00",518.272,11
CC-12430,CA-2017-166695,"2017-05-20 00:00:00",343.2,12
CC-12430,CA-2017-166695,"2017-05-20 00:00:00",6.98,13
CC-12430,CA-2017-143035,"2017-10-03 00:00:00",371.97,14
CC-12430,CA-2017-143035,"2017-10-03 00:00:00",6.63,15
CC-12430,CA-2017-143035,"2017-10-03 00:00:00",83.92,16
CC-12430,CA-2017-125290,"2017-11-06 00:00:00",13.9,17
CC-12430,CA-2017-125290,"2017-11-06 00:00:00",26.38,18
CC-12430,CA-2017-126221,"2017-12-30 00:00:00",209.3,19
CC-12475,US-2014-163146,"2014-05-16 00:00:00",56.4,1
CC-12475,CA-2016-146836,"2016-05-02 00:00:00",44.94,2
CC-12475,CA-2016-146836,"2016-05-02 00:00:00",45.576,3
CC-12475,CA-2016-155033,"2016-10-07 00:00:00",10.56,4
CC-12475,CA-2016-158260,"2016-11-04 00:00:00",686.4,5
CC-12475,US-2016-139388,"2016-11-07 00:00:00",14.96,6
CC-12475,CA-2017-158344,"2017-08-07 00:00:00",63.96,7
CC-12475,US-2017-160836,"2017-09-11 00:00:00",10.272,8
CC-12475,US-2017-160836,"2017-09-11 00:00:00",512.19,9
CC-12475,US-2017-160836,"2017-09-11 00:00:00",1.556,10
CC-12475,CA-2017-144225,"2017-09-30 00:00:00",164.88,11
CC-12475,CA-2017-100811,"2017-11-21 00:00:00",39.296,12
CC-12475,CA-2017-100811,"2017-11-21 00:00:00",8.448,13
CC-12550,CA-2017-169901,"2017-06-15 00:00:00",47.976,1
CC-12550,CA-2017-118542,"2017-12-01 00:00:00",10.128,2
CC-12550,CA-2017-118542,"2017-12-01 00:00:00",45.36,3
CC-12550,CA-2017-123071,"2017-12-03 00:00:00",10.368,4
CC-12610,CA-2014-124688,"2014-08-27 00:00:00",579.95,1
CC-12610,CA-2014-124688,"2014-08-27 00:00:00",1202.94,2
CC-12610,CA-2014-124688,"2014-08-27 00:00:00",29.12,3
CC-12610,CA-2015-132507,"2015-07-30 00:00:00",61.792,4
CC-12610,CA-2015-161445,"2015-09-07 00:00:00",140.736,5
CC-12610,CA-2016-118178,"2016-03-19 00:00:00",31.086,6
CC-12610,CA-2016-146521,"2016-07-21 00:00:00",1.941,7
CC-12610,CA-2016-157707,"2016-10-10 00:00:00",15.992,8
CC-12610,CA-2016-157707,"2016-10-10 00:00:00",120.784,9
CC-12610,CA-2016-157707,"2016-10-10 00:00:00",90.882,10
CC-12610,CA-2017-155957,"2017-11-26 00:00:00",52.272,11
CC-12610,CA-2017-155957,"2017-11-26 00:00:00",213.136,12
CC-12670,CA-2014-154158,"2014-12-23 00:00:00",1.344,1
CC-12670,CA-2014-154158,"2014-12-23 00:00:00",45.528,2
CC-12670,CA-2014-154158,"2014-12-23 00:00:00",64.784,3
CC-12670,CA-2014-154158,"2014-12-23 00:00:00",424.272,4
CC-12670,CA-2014-154158,"2014-12-23 00:00:00",83.92,5
CC-12670,CA-2015-128993,"2015-09-12 00:00:00",21.98,6
CC-12670,CA-2016-167759,"2016-03-03 00:00:00",134.85,7
CC-12670,CA-2016-152121,"2016-11-27 00:00:00",271.992,8
CC-12670,US-2016-100419,"2016-12-16 00:00:00",4.788,9
CC-12670,CA-2017-112753,"2017-06-18 00:00:00",38.88,10
CC-12670,CA-2017-112753,"2017-06-18 00:00:00",917.9235,11
CC-12670,CA-2017-163139,"2017-12-01 00:00:00",17.52,12
CC-12670,CA-2017-163139,"2017-12-01 00:00:00",20.37,13
CC-12670,CA-2017-163139,"2017-12-01 00:00:00",221.55,14
CC-12685,US-2014-158057,"2014-03-22 00:00:00",7.644,1
CC-12685,US-2014-158057,"2014-03-22 00:00:00",51.465,2
CC-12685,CA-2015-119480,"2015-01-09 00:00:00",42.76,3
CC-12685,CA-2015-119480,"2015-01-09 00:00:00",163.44,4
CC-12685,CA-2015-119480,"2015-01-09 00:00:00",106.32,5
CC-12685,CA-2015-119480,"2015-01-09 00:00:00",51.55,6
CC-12685,CA-2015-140984,"2015-09-14 00:00:00",879.984,7
CC-12685,CA-2015-140984,"2015-09-14 00:00:00",12.96,8
CC-12685,CA-2015-140984,"2015-09-14 00:00:00",991.2,9
CC-12685,CA-2015-109190,"2015-10-23 00:00:00",6.08,10
CC-12685,CA-2015-109190,"2015-10-23 00:00:00",479.976,11
CC-12685,CA-2015-109190,"2015-10-23 00:00:00",60.736,12
CD-11920,CA-2014-147235,"2014-03-24 00:00:00",24.9,1
CD-11920,CA-2015-101910,"2015-11-27 00:00:00",283.92,2
CD-11920,CA-2016-122017,"2016-12-29 00:00:00",70.56,3
CD-11920,CA-2016-122017,"2016-12-29 00:00:00",81.96,4
CD-11920,CA-2017-107853,"2017-05-26 00:00:00",12.96,5
CD-11920,CA-2017-111556,"2017-11-20 00:00:00",46.76,6
CD-11920,CA-2017-111556,"2017-11-20 00:00:00",1259.97,7
CD-11920,CA-2017-111556,"2017-11-20 00:00:00",183.968,8
CD-11920,CA-2017-111556,"2017-11-20 00:00:00",68.97,9
CD-11980,CA-2016-100083,"2016-11-24 00:00:00",24.784,1
CD-11980,US-2017-119438,"2017-03-18 00:00:00",27.816,2
CD-11980,US-2017-119438,"2017-03-18 00:00:00",2.688,3
CD-11980,US-2017-119438,"2017-03-18 00:00:00",82.524,4
CD-11980,US-2017-119438,"2017-03-18 00:00:00",182.994,5
CD-11980,CA-2017-144596,"2017-11-06 00:00:00",318.96,6
CD-12280,CA-2017-102925,"2017-11-05 00:00:00",166.5,1
CD-12280,CA-2017-102925,"2017-11-05 00:00:00",12.96,2
CD-12280,CA-2017-102925,"2017-11-05 00:00:00",110.96,3
CD-12280,CA-2017-102925,"2017-11-05 00:00:00",99.98,4
CD-12280,CA-2017-102925,"2017-11-05 00:00:00",11.424,5
CD-12280,CA-2017-102925,"2017-11-05 00:00:00",128.124,6
CD-12280,CA-2017-102925,"2017-11-05 00:00:00",101.4,7
CD-12280,CA-2017-102925,"2017-11-05 00:00:00",164.688,8
CD-12280,US-2017-132444,"2017-11-18 00:00:00",169.68,9
CD-12280,US-2017-132444,"2017-11-18 00:00:00",132.52,10
CD-12280,US-2017-132444,"2017-11-18 00:00:00",2.96,11
CD-12280,US-2017-132444,"2017-11-18 00:00:00",8.448,12
CD-12280,US-2017-132444,"2017-11-18 00:00:00",95.94,13
CD-12790,CA-2014-139857,"2014-02-02 00:00:00",12.35,1
CD-12790,CA-2014-166961,"2014-12-27 00:00:00",7.86,2
CD-12790,CA-2014-166961,"2014-12-27 00:00:00",10.98,3
CD-12790,CA-2014-166961,"2014-12-27 00:00:00",37.056,4
CD-12790,CA-2014-166961,"2014-12-27 00:00:00",51.45,5
CD-12790,CA-2015-149972,"2015-09-21 00:00:00",7.9,6
CD-12790,CA-2015-149972,"2015-09-21 00:00:00",601.536,7
CD-12790,CA-2016-124352,"2016-10-15 00:00:00",20.16,8
CD-12790,CA-2016-124352,"2016-10-15 00:00:00",29.46,9
CD-12790,CA-2016-124352,"2016-10-15 00:00:00",868.59,10
CD-12790,CA-2016-124352,"2016-10-15 00:00:00",12.96,11
CD-12790,CA-2016-124352,"2016-10-15 00:00:00",5.5,12
CD-12790,CA-2016-124352,"2016-10-15 00:00:00",121.6,13
CD-12790,CA-2016-145135,"2016-11-26 00:00:00",13.36,14
CD-12790,CA-2016-145135,"2016-11-26 00:00:00",59.97,15
CG-12040,CA-2015-161242,"2015-06-01 00:00:00",11.76,1
CG-12040,CA-2016-140081,"2016-06-20 00:00:00",447.696,2
CG-12040,CA-2016-140081,"2016-06-20 00:00:00",15.552,3
CG-12040,CA-2016-140081,"2016-06-20 00:00:00",29.718,4
CG-12040,CA-2016-140081,"2016-06-20 00:00:00",45.056,5
CG-12040,CA-2016-164350,"2016-09-10 00:00:00",67.56,6
CG-12040,CA-2016-121020,"2016-10-24 00:00:00",239.976,7
CG-12040,US-2017-104955,"2017-03-19 00:00:00",28.91,8
CG-12040,CA-2017-143217,"2017-11-11 00:00:00",18.24,9
CG-12520,US-2015-123918,"2015-10-15 00:00:00",131.376,1
CG-12520,US-2015-123918,"2015-10-15 00:00:00",5.344,2
CG-12520,CA-2016-152156,"2016-11-08 00:00:00",261.96,3
CG-12520,CA-2016-152156,"2016-11-08 00:00:00",731.94,4
CG-12520,CA-2017-164098,"2017-01-26 00:00:00",18.16,5
CH-12070,CA-2015-127110,"2015-06-25 00:00:00",31.104,1
CH-12070,CA-2015-127110,"2015-06-25 00:00:00",78.256,2
CH-12070,CA-2015-123673,"2015-10-30 00:00:00",299.9,3
CH-12070,CA-2016-109344,"2016-02-08 00:00:00",1127.976,4
CJ-11875,CA-2016-163951,"2016-12-30 00:00:00",16.52,1
CJ-12010,US-2016-112977,"2016-03-10 00:00:00",176.784,1
CJ-12010,CA-2016-128818,"2016-05-07 00:00:00",85.232,2
CJ-12010,CA-2016-128818,"2016-05-07 00:00:00",3999.95,3
CJ-12010,CA-2016-128818,"2016-05-07 00:00:00",44.4,4
CJ-12010,CA-2016-128818,"2016-05-07 00:00:00",442.764,5
CJ-12010,CA-2016-128818,"2016-05-07 00:00:00",63.68,6
CJ-12010,CA-2016-128818,"2016-05-07 00:00:00",199.95,7
CJ-12010,CA-2016-122392,"2016-07-22 00:00:00",11.648,8
CJ-12010,CA-2016-122392,"2016-07-22 00:00:00",4.16,9
CJ-12010,US-2016-161683,"2016-12-03 00:00:00",18.192,10
CJ-12010,US-2016-161683,"2016-12-03 00:00:00",394.816,11
CJ-12010,CA-2017-150469,"2017-01-26 00:00:00",11.84,12
CJ-12010,CA-2017-144491,"2017-03-27 00:00:00",211.246,13
CJ-12010,CA-2017-144491,"2017-03-27 00:00:00",1023.332,14
CJ-12010,CA-2017-144491,"2017-03-27 00:00:00",600.558,15
CJ-12010,CA-2017-144491,"2017-03-27 00:00:00",39.992,16
CJ-12010,CA-2017-102204,"2017-05-01 00:00:00",2803.92,17
CJ-12010,CA-2017-102204,"2017-05-01 00:00:00",3.328,18
CJ-12010,CA-2017-102204,"2017-05-01 00:00:00",933.262,19
CJ-12010,CA-2017-122105,"2017-06-24 00:00:00",95.92,20
CK-12205,CA-2014-166884,"2014-03-11 00:00:00",10.464,1
CK-12205,CA-2014-166884,"2014-03-11 00:00:00",8.32,2
CK-12205,CA-2014-113929,"2014-06-16 00:00:00",35,3
CK-12205,CA-2014-113929,"2014-06-16 00:00:00",41.4,4
CK-12205,CA-2014-113929,"2014-06-16 00:00:00",39.552,5
CK-12205,CA-2014-131541,"2014-07-28 00:00:00",14.32,6
CK-12205,CA-2014-131541,"2014-07-28 00:00:00",129.888,7
CK-12205,CA-2014-131541,"2014-07-28 00:00:00",48.944,8
CK-12205,CA-2015-135363,"2015-03-28 00:00:00",15.552,9
CK-12205,CA-2015-135363,"2015-03-28 00:00:00",5.232,10
CK-12205,US-2015-144771,"2015-10-02 00:00:00",53.04,11
CK-12205,US-2015-144771,"2015-10-02 00:00:00",11.032,12
CK-12205,CA-2016-110982,"2016-06-05 00:00:00",58.24,13
CK-12205,CA-2016-110982,"2016-06-05 00:00:00",21.552,14
CK-12205,US-2016-100720,"2016-07-16 00:00:00",5.84,15
CK-12205,US-2016-100720,"2016-07-16 00:00:00",143.982,16
CK-12205,US-2016-100720,"2016-07-16 00:00:00",494.376,17
CK-12205,CA-2016-112256,"2016-07-23 00:00:00",13.344,18
CK-12205,CA-2016-112256,"2016-07-23 00:00:00",4.448,19
CK-12205,CA-2016-112256,"2016-07-23 00:00:00",175.92,20
CK-12205,CA-2016-112256,"2016-07-23 00:00:00",4.752,21
CK-12205,CA-2016-112256,"2016-07-23 00:00:00",5.184,22
CK-12205,CA-2016-140018,"2016-11-21 00:00:00",30.345,23
CK-12205,CA-2016-140018,"2016-11-21 00:00:00",127.554,24
CK-12205,CA-2016-140018,"2016-11-21 00:00:00",77.952,25
CK-12205,CA-2017-104577,"2017-05-12 00:00:00",87.6,26
CK-12205,CA-2017-110821,"2017-08-07 00:00:00",118.16,27
CK-12205,CA-2017-110821,"2017-08-07 00:00:00",119.448,28
CK-12205,CA-2017-122028,"2017-08-18 00:00:00",10.782,29
CK-12205,CA-2017-110443,"2017-11-21 00:00:00",51.84,30
CK-12205,CA-2017-110443,"2017-11-21 00:00:00",1039.992,31
CK-12205,CA-2017-110443,"2017-11-21 00:00:00",150.8,32
CK-12325,US-2014-125521,"2014-03-14 00:00:00",1139.92,1
CK-12325,CA-2014-104472,"2014-06-02 00:00:00",73.32,2
CK-12325,CA-2014-104472,"2014-06-02 00:00:00",59.808,3
CK-12325,CA-2016-134789,"2016-04-08 00:00:00",30,4
CK-12325,CA-2016-134789,"2016-04-08 00:00:00",159.92,5
CK-12325,CA-2016-134789,"2016-04-08 00:00:00",25.92,6
CK-12325,CA-2017-109085,"2017-02-17 00:00:00",5.715,7
CK-12325,CA-2017-109085,"2017-02-17 00:00:00",455.97,8
CK-12325,CA-2017-109085,"2017-02-17 00:00:00",899.43,9
CK-12325,CA-2017-109085,"2017-02-17 00:00:00",30.144,10
CK-12325,CA-2017-109085,"2017-02-17 00:00:00",57.594,11
CK-12325,US-2017-135230,"2017-09-01 00:00:00",7.58,12
CK-12595,CA-2014-106264,"2014-12-26 00:00:00",11.91,1
CK-12595,CA-2014-106264,"2014-12-26 00:00:00",3.48,2
CK-12595,CA-2015-142237,"2015-07-11 00:00:00",289.8,3
CK-12595,CA-2015-142237,"2015-07-11 00:00:00",341.488,4
CK-12595,CA-2015-142237,"2015-07-11 00:00:00",11.12,5
CK-12595,CA-2015-142237,"2015-07-11 00:00:00",25.344,6
CK-12595,CA-2015-142237,"2015-07-11 00:00:00",2.502,7
CK-12595,CA-2015-142237,"2015-07-11 00:00:00",6.48,8
CK-12595,CA-2015-120516,"2015-08-13 00:00:00",5.64,9
CK-12595,CA-2016-119683,"2016-03-12 00:00:00",29.34,10
CK-12595,CA-2016-124233,"2016-04-08 00:00:00",24.7,11
CK-12595,US-2016-167472,"2016-06-06 00:00:00",59.94,12
CK-12595,US-2016-167472,"2016-06-06 00:00:00",26.85,13
CK-12595,US-2016-167472,"2016-06-06 00:00:00",64.14,14
CK-12595,US-2016-167472,"2016-06-06 00:00:00",12.96,15
CK-12595,US-2016-167472,"2016-06-06 00:00:00",179.94,16
CK-12595,US-2016-167472,"2016-06-06 00:00:00",323.37,17
CK-12595,US-2016-167472,"2016-06-06 00:00:00",11.67,18
CK-12595,CA-2016-158610,"2016-09-19 00:00:00",69.52,19
CK-12595,US-2017-127341,"2017-01-29 00:00:00",12.128,20
CK-12595,CA-2017-104647,"2017-02-23 00:00:00",37.44,21
CK-12595,CA-2017-138611,"2017-11-14 00:00:00",119.94,22
CK-12595,CA-2017-138611,"2017-11-14 00:00:00",3.648,23
CK-12595,CA-2017-100902,"2017-11-17 00:00:00",268.24,24
CK-12595,CA-2017-100902,"2017-11-17 00:00:00",431.16,25
CK-12760,CA-2014-107755,"2014-02-07 00:00:00",115.36,1
CK-12760,CA-2014-104976,"2014-12-09 00:00:00",34.68,2
CK-12760,CA-2015-127754,"2015-07-26 00:00:00",266.352,3
CK-12760,CA-2015-160696,"2015-09-06 00:00:00",7.24,4
CK-12760,US-2016-140809,"2016-02-01 00:00:00",56.45,5
CK-12760,CA-2016-101630,"2016-02-19 00:00:00",25.71,6
CK-12760,CA-2016-101630,"2016-02-19 00:00:00",8.67,7
CK-12760,CA-2016-101336,"2016-11-13 00:00:00",36.63,8
CK-12760,CA-2016-101336,"2016-11-13 00:00:00",140.75,9
CK-12760,CA-2016-101336,"2016-11-13 00:00:00",77.55,10
CK-12760,CA-2016-101336,"2016-11-13 00:00:00",24.88,11
CK-12760,US-2017-166611,"2017-03-28 00:00:00",68.742,12
CK-12760,US-2017-117247,"2017-10-09 00:00:00",652.45,13
CK-12760,US-2017-117247,"2017-10-09 00:00:00",66.645,14
CL-11890,US-2014-155894,"2014-07-26 00:00:00",123.552,1
CL-11890,US-2016-150035,"2016-12-01 00:00:00",16.74,2
CL-11890,US-2017-131583,"2017-06-10 00:00:00",40.032,3
CL-11890,CA-2017-121888,"2017-09-15 00:00:00",242.48,4
CL-11890,CA-2017-121888,"2017-09-15 00:00:00",782.94,5
CL-11890,CA-2017-121888,"2017-09-15 00:00:00",16.28,6
CL-11890,CA-2017-121888,"2017-09-15 00:00:00",39.99,7
CL-12565,CA-2014-116239,"2014-03-04 00:00:00",354.9,1
CL-12565,CA-2014-131310,"2014-07-12 00:00:00",123.136,2
CL-12565,CA-2014-131310,"2014-07-12 00:00:00",11.264,3
CL-12565,CA-2014-127936,"2014-09-02 00:00:00",21.24,4
CL-12565,CA-2014-125731,"2014-09-10 00:00:00",1487.04,5
CL-12565,CA-2014-125731,"2014-09-10 00:00:00",21.728,6
CL-12565,CA-2015-135580,"2015-12-30 00:00:00",287.88,7
CL-12565,CA-2015-135580,"2015-12-30 00:00:00",271.44,8
CL-12565,CA-2015-135580,"2015-12-30 00:00:00",2548.56,9
CL-12565,CA-2015-135580,"2015-12-30 00:00:00",68.52,10
CL-12565,CA-2015-135580,"2015-12-30 00:00:00",74.94,11
CL-12565,CA-2016-106530,"2016-05-08 00:00:00",10.688,12
CL-12565,CA-2016-106530,"2016-05-08 00:00:00",1006.056,13
CL-12565,CA-2016-106530,"2016-05-08 00:00:00",58.112,14
CL-12565,CA-2016-106530,"2016-05-08 00:00:00",25.12,15
CL-12565,CA-2016-106530,"2016-05-08 00:00:00",10.368,16
CL-12565,CA-2016-134803,"2016-05-28 00:00:00",558.4,17
CL-12565,CA-2016-134803,"2016-05-28 00:00:00",131.6,18
CL-12565,CA-2016-134803,"2016-05-28 00:00:00",262.24,19
CL-12565,CA-2016-134803,"2016-05-28 00:00:00",22.72,20
CL-12565,CA-2016-134803,"2016-05-28 00:00:00",182.72,21
CL-12565,CA-2016-153178,"2016-09-14 00:00:00",437.85,22
CL-12565,CA-2016-153178,"2016-09-14 00:00:00",673.568,23
CL-12565,CA-2016-128867,"2016-11-03 00:00:00",75.96,24
CL-12565,CA-2016-128867,"2016-11-03 00:00:00",27.24,25
CL-12565,CA-2016-118129,"2016-12-19 00:00:00",303.92,26
CL-12565,CA-2017-129567,"2017-03-17 00:00:00",17.456,27
CL-12565,CA-2017-119452,"2017-03-21 00:00:00",1805.88,28
CL-12700,CA-2016-149279,"2016-04-24 00:00:00",15.552,1
CL-12700,CA-2016-149279,"2016-04-24 00:00:00",1325.76,2
CL-12700,CA-2016-149279,"2016-04-24 00:00:00",3.108,3
CL-12700,CA-2016-108875,"2016-09-24 00:00:00",21.44,4
CL-12700,CA-2016-108875,"2016-09-24 00:00:00",511.056,5
CL-12700,US-2017-166037,"2017-01-28 00:00:00",449.91,6
CL-12700,CA-2017-159604,"2017-04-14 00:00:00",8.76,7
CL-12700,CA-2017-141446,"2017-09-16 00:00:00",18,8
CM-11815,CA-2014-151554,"2014-11-14 00:00:00",20.736,1
CM-11815,CA-2014-127383,"2014-12-31 00:00:00",49.568,2
CM-11815,CA-2016-110730,"2016-09-23 00:00:00",13.68,3
CM-11815,CA-2017-140494,"2017-03-10 00:00:00",111.96,4
CM-11815,CA-2017-145765,"2017-05-28 00:00:00",15.552,5
CM-11815,CA-2017-145765,"2017-05-28 00:00:00",271.968,6
CM-11815,CA-2017-145765,"2017-05-28 00:00:00",195.96,7
CM-11815,CA-2017-121489,"2017-08-21 00:00:00",572.58,8
CM-11815,CA-2017-121489,"2017-08-21 00:00:00",388.704,9
CM-11815,CA-2017-121489,"2017-08-21 00:00:00",33.18,10
CM-11935,CA-2015-147816,"2015-09-24 00:00:00",35.12,1
CM-11935,US-2016-135923,"2016-01-22 00:00:00",64.864,2
CM-11935,US-2016-135923,"2016-01-22 00:00:00",14.272,3
CM-11935,US-2016-135923,"2016-01-22 00:00:00",451.136,4
CM-12115,CA-2015-105361,"2015-03-29 00:00:00",17.64,1
CM-12115,CA-2017-100524,"2017-03-31 00:00:00",75.04,2
CM-12115,CA-2017-100524,"2017-03-31 00:00:00",29.78,3
CM-12115,CA-2017-100524,"2017-03-31 00:00:00",677.58,4
CM-12115,CA-2017-137414,"2017-10-02 00:00:00",369.16,5
CM-12115,CA-2017-137414,"2017-10-02 00:00:00",17.46,6
CM-12115,CA-2017-149699,"2017-12-22 00:00:00",474.95,7
CM-12160,CA-2016-111493,"2016-10-21 00:00:00",98.16,1
CM-12160,CA-2016-155530,"2016-12-17 00:00:00",2003.52,2
CM-12160,CA-2017-162936,"2017-08-18 00:00:00",23.18,3
CM-12160,US-2017-139955,"2017-09-28 00:00:00",1.744,4
CM-12160,CA-2017-113453,"2017-10-21 00:00:00",329.988,5
CM-12160,CA-2017-113453,"2017-10-21 00:00:00",71.376,6
CM-12160,CA-2017-156412,"2017-12-04 00:00:00",5.346,7
CM-12190,CA-2015-101154,"2015-09-18 00:00:00",443.92,1
CM-12190,CA-2015-152527,"2015-10-17 00:00:00",77.88,2
CM-12190,CA-2015-158554,"2015-11-09 00:00:00",11.352,3
CM-12190,CA-2017-165386,"2017-08-03 00:00:00",183.372,4
CM-12190,US-2017-118598,"2017-11-16 00:00:00",119.94,5
CM-12190,CA-2017-146164,"2017-12-22 00:00:00",31.16,6
CM-12190,CA-2017-146164,"2017-12-22 00:00:00",607.52,7
CM-12235,CA-2016-101525,"2016-05-01 00:00:00",109.92,1
CM-12235,CA-2016-101525,"2016-05-01 00:00:00",19.44,2
CM-12235,CA-2016-101525,"2016-05-01 00:00:00",11.16,3
CM-12235,CA-2016-149237,"2016-05-26 00:00:00",26.94,4
CM-12235,CA-2016-155845,"2016-08-12 00:00:00",1399.944,5
CM-12235,US-2016-114230,"2016-11-27 00:00:00",39.808,6
CM-12235,CA-2016-144309,"2016-12-10 00:00:00",18.54,7
CM-12235,CA-2016-144309,"2016-12-10 00:00:00",679.96,8
CM-12385,CA-2015-145352,"2015-03-16 00:00:00",8.34,1
CM-12385,CA-2015-145352,"2015-03-16 00:00:00",46.74,2
CM-12385,CA-2015-145352,"2015-03-16 00:00:00",6354.95,3
CM-12385,CA-2015-145352,"2015-03-16 00:00:00",2.74,4
CM-12385,CA-2015-128027,"2015-09-14 00:00:00",269.49,5
CM-12385,CA-2017-111738,"2017-01-03 00:00:00",9.12,6
CM-12385,CA-2017-111738,"2017-01-03 00:00:00",2022.272,7
CM-12385,CA-2017-119746,"2017-11-23 00:00:00",222.384,8
CM-12385,CA-2017-119746,"2017-11-23 00:00:00",11.52,9
CM-12385,CA-2017-119746,"2017-11-23 00:00:00",6.464,10
CM-12445,CA-2014-133851,"2014-06-09 00:00:00",23.1,1
CM-12445,CA-2014-133851,"2014-06-09 00:00:00",7.36,2
CM-12445,CA-2016-145898,"2016-09-26 00:00:00",29.9,3
CM-12445,CA-2016-145898,"2016-09-26 00:00:00",35.4,4
CM-12445,CA-2016-145898,"2016-09-26 00:00:00",7.83,5
CM-12445,CA-2016-145898,"2016-09-26 00:00:00",51.45,6
CM-12445,CA-2016-133697,"2016-10-20 00:00:00",51.016,7
CM-12445,CA-2016-133697,"2016-10-20 00:00:00",25.248,8
CM-12445,CA-2016-133697,"2016-10-20 00:00:00",56.686,9
CM-12655,CA-2015-168088,"2015-03-19 00:00:00",65.584,1
CM-12655,CA-2015-168088,"2015-03-19 00:00:00",383.4656,2
CM-12655,CA-2015-140410,"2015-11-03 00:00:00",42.6,3
CM-12655,CA-2015-140410,"2015-11-03 00:00:00",89.97,4
CM-12655,CA-2015-140410,"2015-11-03 00:00:00",1212.848,5
CM-12655,CA-2016-169026,"2016-08-08 00:00:00",23.34,6
CM-12655,US-2016-113677,"2016-11-13 00:00:00",2279.96,7
CM-12655,US-2016-113677,"2016-11-13 00:00:00",14.94,8
CM-12655,CA-2017-113418,"2017-10-01 00:00:00",1704.89,9
CM-12655,CA-2017-143126,"2017-12-03 00:00:00",521.96,10
CM-12715,CA-2014-104563,"2014-03-07 00:00:00",204.9,1
CM-12715,CA-2014-104563,"2014-03-07 00:00:00",20.65,2
CM-12715,CA-2014-104563,"2014-03-07 00:00:00",436.704,3
CM-12715,CA-2014-104563,"2014-03-07 00:00:00",481.568,4
CM-12715,CA-2014-144974,"2014-09-26 00:00:00",41.376,5
CM-12715,CA-2014-144974,"2014-09-26 00:00:00",21.184,6
CM-12715,CA-2014-144974,"2014-09-26 00:00:00",5.97,7
CM-12715,CA-2014-103492,"2014-10-10 00:00:00",755.944,8
CM-12715,CA-2014-103492,"2014-10-10 00:00:00",719.952,9
CM-12715,CA-2014-103492,"2014-10-10 00:00:00",0.898,10
CM-12715,CA-2014-103492,"2014-10-10 00:00:00",11.98,11
CM-12715,CA-2015-133585,"2015-03-01 00:00:00",55.328,12
CM-12715,CA-2015-133585,"2015-03-01 00:00:00",1227.9984,13
Co-12640,US-2014-112949,"2014-06-20 00:00:00",471.9,1
Co-12640,US-2014-112949,"2014-06-20 00:00:00",3.52,2
Co-12640,CA-2014-136280,"2014-11-29 00:00:00",5.04,3
Co-12640,CA-2014-162866,"2014-12-27 00:00:00",30.016,4
Co-12640,CA-2014-162866,"2014-12-27 00:00:00",32.952,5
Co-12640,CA-2015-147501,"2015-08-02 00:00:00",6.368,6
Co-12640,CA-2015-147501,"2015-08-02 00:00:00",558.4,7
Co-12640,CA-2016-140543,"2016-06-29 00:00:00",191.88,8
CP-12085,CA-2014-127187,"2014-12-04 00:00:00",129.98,1
CP-12085,CA-2015-145457,"2015-03-24 00:00:00",46.9,2
CP-12085,CA-2015-113215,"2015-09-03 00:00:00",238.152,3
CP-12085,CA-2016-128258,"2016-03-30 00:00:00",11.34,4
CP-12085,CA-2016-113236,"2016-05-26 00:00:00",47.92,5
CP-12085,CA-2016-113236,"2016-05-26 00:00:00",184.704,6
CP-12085,US-2017-167402,"2017-01-13 00:00:00",4164.05,7
CP-12085,US-2017-167402,"2017-01-13 00:00:00",209.94,8
CP-12085,US-2017-167402,"2017-01-13 00:00:00",212.94,9
CP-12085,US-2017-167402,"2017-01-13 00:00:00",32.4,10
CP-12085,CA-2017-144064,"2017-08-29 00:00:00",27.44,11
CP-12085,CA-2017-144064,"2017-08-29 00:00:00",3.24,12
CP-12085,CA-2017-144064,"2017-08-29 00:00:00",47.36,13
CP-12085,CA-2017-132430,"2017-10-09 00:00:00",45.888,14
CP-12340,US-2014-148838,"2014-03-17 00:00:00",613.908,1
CP-12340,US-2014-148838,"2014-03-17 00:00:00",1071.576,2
CP-12340,US-2014-148838,"2014-03-17 00:00:00",1579.746,3
CP-12340,US-2014-148838,"2014-03-17 00:00:00",34.86,4
CP-12340,US-2014-148838,"2014-03-17 00:00:00",155.04,5
CP-12340,CA-2015-105571,"2015-11-07 00:00:00",16.146,6
CP-12340,CA-2015-105571,"2015-11-07 00:00:00",1345.485,7
CP-12340,CA-2016-127642,"2016-05-21 00:00:00",111.96,8
CP-12340,CA-2016-164889,"2016-06-03 00:00:00",71.088,9
CP-12340,CA-2016-133613,"2016-06-17 00:00:00",9.84,10
CP-12340,CA-2016-133613,"2016-06-17 00:00:00",566.97,11
CP-12340,CA-2016-133613,"2016-06-17 00:00:00",7.96,12
CP-12340,US-2016-108098,"2016-10-14 00:00:00",177,13
CP-12340,CA-2017-168102,"2017-04-24 00:00:00",113.568,14
CP-12340,CA-2017-117240,"2017-07-23 00:00:00",13.128,15
CR-12580,CA-2016-155551,"2016-04-18 00:00:00",230.376,1
CR-12580,CA-2016-155551,"2016-04-18 00:00:00",9.664,2
CR-12580,CA-2016-101742,"2016-09-23 00:00:00",10.528,3
CR-12580,CA-2016-165561,"2016-11-24 00:00:00",25.35,4
CR-12580,US-2017-105998,"2017-11-03 00:00:00",199.75,5
CR-12580,US-2017-105998,"2017-11-03 00:00:00",1673.184,6
CR-12625,CA-2014-111003,"2014-06-01 00:00:00",289.2,1
CR-12625,CA-2014-111003,"2014-06-01 00:00:00",45.48,2
CR-12625,US-2014-112795,"2014-08-23 00:00:00",19.44,3
CR-12625,CA-2016-162159,"2016-09-16 00:00:00",121.78,4
CR-12730,CA-2014-166716,"2014-08-20 00:00:00",421.372,1
CR-12730,CA-2016-164035,"2016-06-12 00:00:00",23.12,2
CR-12730,CA-2016-137239,"2016-08-22 00:00:00",3.318,3
CR-12730,CA-2016-137239,"2016-08-22 00:00:00",134.288,4
CR-12730,CA-2016-137239,"2016-08-22 00:00:00",113.552,5
CR-12730,CA-2017-116519,"2017-10-13 00:00:00",904.9,6
CR-12820,CA-2015-128958,"2015-01-24 00:00:00",13.12,1
CR-12820,CA-2017-159149,"2017-02-17 00:00:00",175.44,2
CR-12820,CA-2017-159149,"2017-02-17 00:00:00",438.336,3
CR-12820,CA-2017-159149,"2017-02-17 00:00:00",89.0664,4
CR-12820,US-2017-136868,"2017-10-06 00:00:00",319.96,5
CR-12820,US-2017-136868,"2017-10-06 00:00:00",17.04,6
CR-12820,US-2017-136868,"2017-10-06 00:00:00",344.91,7
CS-11845,CA-2014-130575,"2014-12-14 00:00:00",9.264,1
CS-11845,CA-2015-136378,"2015-04-02 00:00:00",9.156,2
CS-11845,US-2015-138716,"2015-09-17 00:00:00",25.032,3
CS-11845,CA-2017-131828,"2017-02-11 00:00:00",963.136,4
CS-11845,CA-2017-131828,"2017-02-11 00:00:00",88.776,5
CS-11845,CA-2017-147452,"2017-09-30 00:00:00",11.76,6
CS-11845,CA-2017-147452,"2017-09-30 00:00:00",167.94,7
CS-11845,CA-2017-147452,"2017-09-30 00:00:00",3.89,8
CS-11860,CA-2014-124618,"2014-05-02 00:00:00",479.984,1
CS-11860,US-2014-121566,"2014-06-30 00:00:00",6.6,2
CS-11860,US-2014-121566,"2014-06-30 00:00:00",2.688,3
CS-11860,CA-2015-150413,"2015-10-19 00:00:00",1.72,4
CS-11860,CA-2017-158883,"2017-06-02 00:00:00",25.344,5
CS-11860,CA-2017-106047,"2017-07-12 00:00:00",3.816,6
CS-11860,US-2017-123204,"2017-07-21 00:00:00",17.48,7
CS-11950,US-2014-141257,"2014-06-08 00:00:00",585.552,1
CS-11950,US-2014-159926,"2014-11-18 00:00:00",539.964,2
CS-11950,US-2014-159926,"2014-11-18 00:00:00",60.312,3
CS-11950,US-2014-159926,"2014-11-18 00:00:00",1.944,4
CS-11950,US-2014-159926,"2014-11-18 00:00:00",50.997,5
CS-11950,US-2014-159926,"2014-11-18 00:00:00",76.792,6
CS-11950,CA-2015-151869,"2015-09-25 00:00:00",20.04,7
CS-11950,CA-2015-151869,"2015-09-25 00:00:00",102.582,8
CS-11950,US-2016-151827,"2016-03-31 00:00:00",31.984,9
CS-11950,US-2016-151827,"2016-03-31 00:00:00",280.782,10
CS-11950,CA-2016-120796,"2016-04-03 00:00:00",99.846,11
CS-11950,CA-2016-159737,"2016-09-03 00:00:00",8.808,12
CS-11950,CA-2016-161746,"2016-10-21 00:00:00",12.39,13
CS-11950,CA-2016-161746,"2016-10-21 00:00:00",242.136,14
CS-11950,CA-2016-161746,"2016-10-21 00:00:00",19.96,15
CS-11950,CA-2016-161746,"2016-10-21 00:00:00",340.92,16
CS-11950,CA-2017-102820,"2017-05-07 00:00:00",419.944,17
CS-11950,CA-2017-118640,"2017-07-20 00:00:00",69.712,18
CS-11950,CA-2017-118640,"2017-07-20 00:00:00",8.792,19
CS-11950,CA-2017-144365,"2017-10-24 00:00:00",11.68,20
CS-11950,US-2017-126053,"2017-12-05 00:00:00",41.96,21
CS-11950,US-2017-126053,"2017-12-05 00:00:00",9.45,22
CS-12130,CA-2014-118962,"2014-08-05 00:00:00",20.94,1
CS-12130,CA-2014-118962,"2014-08-05 00:00:00",340.144,2
CS-12130,CA-2014-118962,"2014-08-05 00:00:00",110.96,3
CS-12130,CA-2015-102036,"2015-09-21 00:00:00",199.74,4
CS-12130,US-2015-120712,"2015-12-20 00:00:00",88.8,5
CS-12130,US-2016-144211,"2016-08-28 00:00:00",108.576,6
CS-12130,US-2016-144211,"2016-08-28 00:00:00",15.48,7
CS-12175,CA-2014-109302,"2014-08-12 00:00:00",196.21,1
CS-12175,US-2016-159415,"2016-04-17 00:00:00",79.12,2
CS-12175,CA-2016-157714,"2016-09-26 00:00:00",9.99,3
CS-12175,CA-2017-161592,"2017-04-06 00:00:00",8.1,4
CS-12175,CA-2017-117632,"2017-05-12 00:00:00",238.62,5
CS-12175,CA-2017-117632,"2017-05-12 00:00:00",7.77,6
CS-12175,CA-2017-117632,"2017-05-12 00:00:00",285.48,7
CS-12175,CA-2017-117632,"2017-05-12 00:00:00",19.168,8
CS-12250,CA-2014-162775,"2014-01-13 00:00:00",572.58,1
CS-12250,CA-2014-162775,"2014-01-13 00:00:00",5.64,2
CS-12250,CA-2014-162775,"2014-01-13 00:00:00",646.74,3
CS-12250,CA-2014-162775,"2014-01-13 00:00:00",50.94,4
CS-12250,CA-2014-162775,"2014-01-13 00:00:00",11.36,5
CS-12250,US-2014-169390,"2014-02-07 00:00:00",64.96,6
CS-12250,CA-2014-101560,"2014-11-28 00:00:00",45.66,7
CS-12250,CA-2014-101560,"2014-11-28 00:00:00",85.96,8
CS-12250,CA-2014-101560,"2014-11-28 00:00:00",397.6,9
CS-12250,CA-2014-101560,"2014-11-28 00:00:00",13.12,10
CS-12250,CA-2015-149811,"2015-01-04 00:00:00",32.34,11
CS-12250,CA-2015-149811,"2015-01-04 00:00:00",39.9,12
CS-12250,CA-2015-121041,"2015-11-03 00:00:00",6.608,13
CS-12250,CA-2015-136420,"2015-11-20 00:00:00",50.12,14
CS-12250,CA-2015-136420,"2015-11-20 00:00:00",89.696,15
CS-12250,CA-2016-161095,"2016-06-28 00:00:00",7.752,16
CS-12250,CA-2016-161095,"2016-06-28 00:00:00",33.568,17
CS-12250,CA-2016-119641,"2016-09-22 00:00:00",18.96,18
CS-12250,CA-2017-139080,"2017-01-23 00:00:00",25.92,19
CS-12250,CA-2017-139080,"2017-01-23 00:00:00",19.68,20
CS-12250,CA-2017-139080,"2017-01-23 00:00:00",86.352,21
CS-12250,CA-2017-139080,"2017-01-23 00:00:00",6.48,22
CS-12250,CA-2017-105487,"2017-10-08 00:00:00",36,23
CS-12250,CA-2017-105487,"2017-10-08 00:00:00",40.68,24
CS-12250,CA-2017-105487,"2017-10-08 00:00:00",103.192,25
CS-12250,CA-2017-105487,"2017-10-08 00:00:00",239.96,26
CS-12250,CA-2017-148992,"2017-11-23 00:00:00",10.688,27
CS-12250,CA-2017-153227,"2017-12-04 00:00:00",11.76,28
CS-12355,CA-2014-109043,"2014-08-15 00:00:00",91.36,1
CS-12355,CA-2014-141005,"2014-08-15 00:00:00",62.94,2
CS-12355,CA-2014-109043,"2014-08-15 00:00:00",152.24,3
CS-12355,CA-2015-139164,"2015-06-23 00:00:00",217.584,4
CS-12355,CA-2015-139164,"2015-06-23 00:00:00",143.976,5
CS-12355,CA-2015-139164,"2015-06-23 00:00:00",5.43,6
CS-12355,CA-2015-142755,"2015-09-04 00:00:00",4.36,7
CS-12355,CA-2015-142755,"2015-09-04 00:00:00",619.95,8
CS-12355,CA-2015-142755,"2015-09-04 00:00:00",279.9,9
CS-12355,CA-2015-142755,"2015-09-04 00:00:00",15.28,10
CS-12355,CA-2016-128111,"2016-03-17 00:00:00",39.68,11
CS-12355,CA-2017-131233,"2017-04-14 00:00:00",242.352,12
CS-12355,CA-2017-131233,"2017-04-14 00:00:00",10.776,13
CS-12355,CA-2017-111269,"2017-06-16 00:00:00",23.92,14
CS-12355,CA-2017-111269,"2017-06-16 00:00:00",479.952,15
CS-12355,CA-2017-105053,"2017-07-07 00:00:00",17.472,16
CS-12355,CA-2017-164364,"2017-11-12 00:00:00",9.96,17
CS-12355,CA-2017-164364,"2017-11-12 00:00:00",9.21,18
CS-12355,CA-2017-164364,"2017-11-12 00:00:00",27.93,19
CS-12355,CA-2017-165687,"2017-11-17 00:00:00",35.04,20
CS-12355,CA-2017-124296,"2017-12-24 00:00:00",479.97,21
CS-12355,CA-2017-124296,"2017-12-24 00:00:00",232.88,22
CS-12400,CA-2014-127586,"2014-09-26 00:00:00",310.12,1
CS-12400,US-2015-119312,"2015-10-02 00:00:00",270.34,2
CS-12400,CA-2016-133816,"2016-05-10 00:00:00",743.988,3
CS-12400,CA-2016-140207,"2016-11-05 00:00:00",29.12,4
CS-12400,US-2017-100930,"2017-04-07 00:00:00",233.86,5
CS-12400,US-2017-100930,"2017-04-07 00:00:00",620.6145,6
CS-12400,US-2017-100930,"2017-04-07 00:00:00",5.328,7
CS-12400,US-2017-100930,"2017-04-07 00:00:00",258.072,8
CS-12400,US-2017-100930,"2017-04-07 00:00:00",617.976,9
CS-12400,CA-2017-107293,"2017-09-05 00:00:00",2.78,10
CS-12400,CA-2017-127096,"2017-09-15 00:00:00",300.904,11
CS-12400,US-2017-119662,"2017-11-13 00:00:00",230.376,12
CS-12400,CA-2017-135111,"2017-12-28 00:00:00",2.48,13
CS-12400,CA-2017-135111,"2017-12-28 00:00:00",25.9,14
CS-12460,US-2017-126179,"2017-07-03 00:00:00",23.99,1
CS-12460,US-2017-126179,"2017-07-03 00:00:00",287.97,2
CS-12460,CA-2017-148691,"2017-12-03 00:00:00",14.624,3
CS-12460,CA-2017-148691,"2017-12-03 00:00:00",83.92,4
CS-12460,CA-2017-148691,"2017-12-03 00:00:00",136.99,5
CS-12460,CA-2017-148691,"2017-12-03 00:00:00",3.15,6
CS-12490,CA-2015-128608,"2015-01-12 00:00:00",10.368,1
CS-12490,CA-2015-128608,"2015-01-12 00:00:00",235.188,2
CS-12490,CA-2015-128608,"2015-01-12 00:00:00",26.376,3
CS-12490,CA-2015-128608,"2015-01-12 00:00:00",10.384,4
CS-12490,CA-2015-128608,"2015-01-12 00:00:00",107.118,5
CS-12490,CA-2016-144785,"2016-04-18 00:00:00",6.84,6
CS-12490,CA-2016-144785,"2016-04-18 00:00:00",6.99,7
CS-12490,CA-2016-118073,"2016-08-12 00:00:00",562.2925,8
CS-12490,CA-2016-100671,"2016-11-01 00:00:00",111.672,9
CS-12505,CA-2014-100860,"2014-03-26 00:00:00",18.75,1
CS-12505,CA-2015-159380,"2015-05-12 00:00:00",12.84,2
CS-12505,CA-2015-159380,"2015-05-12 00:00:00",25.68,3
CS-12505,CA-2016-134208,"2016-09-17 00:00:00",396,4
CS-12505,CA-2016-121958,"2016-11-13 00:00:00",52.136,5
CS-12505,CA-2016-108196,"2016-11-25 00:00:00",59.976,6
CS-12505,CA-2016-108196,"2016-11-25 00:00:00",456.588,7
CS-12505,CA-2016-108196,"2016-11-25 00:00:00",4499.985,8
CS-12505,US-2017-115609,"2017-11-02 00:00:00",168.1,9
CT-11995,CA-2014-166086,"2014-05-07 00:00:00",872.32,1
CT-11995,CA-2014-166086,"2014-05-07 00:00:00",8.64,2
CT-11995,CA-2014-166086,"2014-05-07 00:00:00",194.25,3
CT-11995,CA-2014-166086,"2014-05-07 00:00:00",16.14,4
CT-11995,CA-2014-138681,"2014-12-20 00:00:00",71.976,5
CT-11995,CA-2014-138681,"2014-12-20 00:00:00",51.968,6
CT-11995,CA-2014-138681,"2014-12-20 00:00:00",242.352,7
CT-11995,CA-2014-138681,"2014-12-20 00:00:00",221.92,8
CT-11995,CA-2014-138681,"2014-12-20 00:00:00",8.448,9
CT-11995,CA-2015-145849,"2015-09-15 00:00:00",24.32,10
CT-11995,CA-2015-145849,"2015-09-15 00:00:00",190.86,11
CT-11995,US-2016-141264,"2016-08-13 00:00:00",58.924,12
CT-11995,US-2016-141264,"2016-08-13 00:00:00",185.376,13
CT-11995,US-2016-126893,"2016-11-26 00:00:00",494.982,14
CT-11995,CA-2017-158106,"2017-06-04 00:00:00",8.64,15
CT-11995,CA-2017-137085,"2017-06-29 00:00:00",312.552,16
CT-11995,CA-2017-162481,"2017-09-25 00:00:00",8.26,17
CT-11995,CA-2017-162481,"2017-09-25 00:00:00",269.97,18
CV-12295,US-2014-137869,"2014-03-28 00:00:00",1184.72,1
CV-12295,US-2014-137869,"2014-03-28 00:00:00",6.12,2
CV-12295,CA-2014-151792,"2014-09-02 00:00:00",239.976,3
CV-12295,CA-2016-123120,"2016-09-04 00:00:00",63.94,4
CV-12295,CA-2016-123120,"2016-09-04 00:00:00",60.6,5
CV-12295,CA-2016-123120,"2016-09-04 00:00:00",22.72,6
CV-12295,US-2017-117534,"2017-03-25 00:00:00",479.984,7
CV-12295,US-2017-117534,"2017-03-25 00:00:00",176.04,8
CV-12295,US-2017-117534,"2017-03-25 00:00:00",16.02,9
CV-12295,US-2017-117534,"2017-03-25 00:00:00",185.92,10
CV-12295,US-2017-117534,"2017-03-25 00:00:00",211.168,11
CV-12295,CA-2017-119655,"2017-04-20 00:00:00",146.86,12
CV-12295,CA-2017-119655,"2017-04-20 00:00:00",36.56,13
CV-12805,US-2016-144057,"2016-05-09 00:00:00",48.784,1
CV-12805,US-2016-144057,"2016-05-09 00:00:00",76.64,2
CV-12805,US-2016-144057,"2016-05-09 00:00:00",18.528,3
CV-12805,US-2016-144057,"2016-05-09 00:00:00",13.184,4
CV-12805,US-2016-144057,"2016-05-09 00:00:00",856.656,5
CV-12805,CA-2016-120859,"2016-09-01 00:00:00",21.88,6
CV-12805,CA-2017-157252,"2017-01-20 00:00:00",207.846,7
CV-12805,CA-2017-164707,"2017-02-18 00:00:00",109.53,8
CV-12805,CA-2017-164707,"2017-02-18 00:00:00",167.976,9
CV-12805,CA-2017-164707,"2017-02-18 00:00:00",9.82,10
CV-12805,CA-2017-151484,"2017-04-20 00:00:00",42.408,11
CV-12805,CA-2017-151484,"2017-04-20 00:00:00",332.704,12
CV-12805,CA-2017-151484,"2017-04-20 00:00:00",51.336,13
CV-12805,CA-2017-151484,"2017-04-20 00:00:00",51.968,14
CV-12805,CA-2017-135692,"2017-04-27 00:00:00",33.12,15
CV-12805,CA-2017-135692,"2017-04-27 00:00:00",220.2656,16
CV-12805,CA-2017-146493,"2017-06-01 00:00:00",53.9,17
CV-12805,CA-2017-137582,"2017-09-04 00:00:00",11.808,18
CV-12805,CA-2017-146780,"2017-12-25 00:00:00",41.96,19
CW-11905,CA-2014-133753,"2014-06-09 00:00:00",7.992,1
CW-11905,CA-2014-133753,"2014-06-09 00:00:00",63.984,2
CW-11905,CA-2014-133753,"2014-06-09 00:00:00",70.368,3
CW-11905,CA-2015-119214,"2015-01-23 00:00:00",29.04,4
CW-11905,CA-2015-119214,"2015-01-23 00:00:00",14.62,5
CW-11905,CA-2015-156153,"2015-05-31 00:00:00",7.56,6
CW-11905,CA-2016-119018,"2016-11-04 00:00:00",7.712,7
CW-11905,CA-2016-119018,"2016-11-04 00:00:00",38.88,8
CW-11905,CA-2016-119018,"2016-11-04 00:00:00",4.176,9
CW-11905,CA-2017-161655,"2017-05-13 00:00:00",299.52,10
CW-11905,CA-2017-152436,"2017-12-08 00:00:00",592.74,11
CY-12745,US-2014-122959,"2014-12-12 00:00:00",210.392,1
CY-12745,CA-2015-109708,"2015-05-25 00:00:00",467.04,2
CY-12745,CA-2015-112144,"2015-06-28 00:00:00",621.76,3
CY-12745,CA-2015-112144,"2015-06-28 00:00:00",5.904,4
CY-12745,CA-2016-166163,"2016-08-15 00:00:00",71.976,5
CY-12745,CA-2016-166163,"2016-08-15 00:00:00",3.15,6
CY-12745,US-2016-101616,"2016-09-03 00:00:00",87.28,7
CY-12745,CA-2017-130302,"2017-09-14 00:00:00",895.944,8
CY-12745,CA-2017-130715,"2017-09-16 00:00:00",17.9,9
CY-12745,CA-2017-117114,"2017-10-31 00:00:00",9.912,10
CY-12745,CA-2017-117114,"2017-10-31 00:00:00",508.768,11
DA-13450,US-2014-157406,"2014-04-25 00:00:00",10.368,1
DA-13450,US-2014-157406,"2014-04-25 00:00:00",6.24,2
DA-13450,US-2014-138835,"2014-09-10 00:00:00",9.64,3
DA-13450,CA-2014-115133,"2014-09-26 00:00:00",32.896,4
DA-13450,CA-2014-115133,"2014-09-26 00:00:00",16.704,5
DA-13450,CA-2014-115133,"2014-09-26 00:00:00",3.152,6
DA-13450,US-2017-158512,"2017-01-12 00:00:00",37.68,7
DA-13450,US-2017-158512,"2017-01-12 00:00:00",40.08,8
DB-12910,CA-2014-108707,"2014-10-24 00:00:00",10.368,1
DB-12910,CA-2016-127985,"2016-04-01 00:00:00",7.04,2
DB-12910,CA-2016-137176,"2016-09-09 00:00:00",15.008,3
DB-12910,CA-2016-101672,"2016-10-03 00:00:00",6.16,4
DB-12910,CA-2016-101672,"2016-10-03 00:00:00",915.136,5
DB-12910,CA-2016-101672,"2016-10-03 00:00:00",8.56,6
DB-12910,CA-2016-101672,"2016-10-03 00:00:00",97.82,7
DB-12910,US-2017-159205,"2017-03-31 00:00:00",671.93,8
DB-12910,US-2017-159205,"2017-03-31 00:00:00",61,9
DB-12910,CA-2017-124898,"2017-09-11 00:00:00",184.66,10
DB-12910,CA-2017-155089,"2017-12-02 00:00:00",45.66,11
DB-12910,CA-2017-141201,"2017-12-09 00:00:00",148.257,12
DB-12970,US-2014-159618,"2014-11-12 00:00:00",36.288,1
DB-12970,US-2014-159618,"2014-11-12 00:00:00",79.512,2
DB-12970,US-2014-159618,"2014-11-12 00:00:00",16.656,3
DB-12970,US-2014-159618,"2014-11-12 00:00:00",67.9932,4
DB-12970,US-2014-159618,"2014-11-12 00:00:00",2.672,5
DB-12970,CA-2015-141593,"2015-12-14 00:00:00",273.568,6
DB-12970,CA-2015-141593,"2015-12-14 00:00:00",6.48,7
DB-12970,CA-2015-141593,"2015-12-14 00:00:00",34.248,8
DB-12970,CA-2015-141593,"2015-12-14 00:00:00",55.264,9
DB-12970,CA-2016-162943,"2016-07-24 00:00:00",253.764,10
DB-12970,CA-2016-110975,"2016-12-25 00:00:00",866.646,11
DB-12970,CA-2016-110975,"2016-12-25 00:00:00",313.176,12
DB-12970,CA-2017-132178,"2017-05-03 00:00:00",69.52,13
DB-12970,CA-2017-132178,"2017-05-03 00:00:00",763.44,14
DB-13060,CA-2014-104269,"2014-03-01 00:00:00",457.568,1
DB-13060,CA-2014-128146,"2014-06-21 00:00:00",1322.93,2
DB-13060,CA-2014-128146,"2014-06-21 00:00:00",3.76,3
DB-13060,CA-2016-113292,"2016-03-18 00:00:00",871.8,4
DB-13060,CA-2016-127369,"2016-06-06 00:00:00",714.3,5
DB-13060,CA-2017-121258,"2017-02-26 00:00:00",29.6,6
DB-13060,CA-2017-121258,"2017-02-26 00:00:00",91.96,7
DB-13060,CA-2017-121258,"2017-02-26 00:00:00",258.576,8
DB-13060,CA-2017-132353,"2017-09-15 00:00:00",323.976,9
DB-13060,CA-2017-107629,"2017-12-14 00:00:00",56.328,10
DB-13060,CA-2017-107629,"2017-12-14 00:00:00",95.232,11
DB-13060,CA-2017-107629,"2017-12-14 00:00:00",266.352,12
DB-13060,CA-2017-107629,"2017-12-14 00:00:00",39.264,13
DB-13120,CA-2015-161998,"2015-05-01 00:00:00",63.552,1
DB-13120,CA-2015-161998,"2015-05-01 00:00:00",41.376,2
DB-13120,CA-2015-161998,"2015-05-01 00:00:00",172.704,3
DB-13120,CA-2015-130204,"2015-09-03 00:00:00",31.44,4
DB-13120,CA-2015-130204,"2015-09-03 00:00:00",129.45,5
DB-13120,CA-2015-130204,"2015-09-03 00:00:00",17.9,6
DB-13120,CA-2015-136700,"2015-12-06 00:00:00",8.96,7
DB-13120,CA-2015-124653,"2015-12-24 00:00:00",132.79,8
DB-13120,CA-2015-124653,"2015-12-24 00:00:00",12.96,9
DB-13120,CA-2015-124653,"2015-12-24 00:00:00",21.56,10
DB-13120,CA-2015-101889,"2015-12-27 00:00:00",1548.99,11
DB-13120,CA-2015-101889,"2015-12-27 00:00:00",19.872,12
DB-13120,US-2017-148551,"2017-01-12 00:00:00",760.98,13
DB-13120,CA-2017-160514,"2017-11-12 00:00:00",10.56,14
DB-13210,CA-2015-157812,"2015-03-22 00:00:00",14.112,1
DB-13210,CA-2015-157812,"2015-03-22 00:00:00",129.568,2
DB-13210,CA-2015-157812,"2015-03-22 00:00:00",18.392,3
DB-13210,US-2016-162677,"2016-03-26 00:00:00",119.976,4
DB-13210,US-2016-162677,"2016-03-26 00:00:00",67.64,5
DB-13210,CA-2016-108567,"2016-05-20 00:00:00",2.694,6
DB-13210,CA-2016-122448,"2016-06-09 00:00:00",122.352,7
DB-13210,CA-2016-158778,"2016-09-05 00:00:00",7.872,8
DB-13210,CA-2016-158778,"2016-09-05 00:00:00",71.246,9
DB-13210,CA-2016-158778,"2016-09-05 00:00:00",58.248,10
DB-13210,CA-2016-158778,"2016-09-05 00:00:00",887.271,11
DB-13210,CA-2016-149370,"2016-09-15 00:00:00",5.344,12
DB-13210,US-2016-134761,"2016-11-30 00:00:00",36.192,13
DB-13210,CA-2017-152709,"2017-10-07 00:00:00",85.52,14
DB-13210,CA-2017-109960,"2017-12-09 00:00:00",104.88,15
DB-13210,CA-2017-109960,"2017-12-09 00:00:00",34.7,16
DB-13210,CA-2017-109960,"2017-12-09 00:00:00",33.72,17
DB-13210,CA-2017-109960,"2017-12-09 00:00:00",14.94,18
DB-13210,CA-2017-165841,"2017-12-21 00:00:00",281.97,19
DB-13210,CA-2017-165841,"2017-12-21 00:00:00",69.5,20
DB-13210,CA-2017-165841,"2017-12-21 00:00:00",166.44,21
DB-13270,CA-2014-107181,"2014-02-04 00:00:00",34.24,1
DB-13270,CA-2014-107181,"2014-02-04 00:00:00",82.896,2
DB-13270,CA-2015-118227,"2015-04-24 00:00:00",25.99,3
DB-13270,US-2015-141453,"2015-11-30 00:00:00",3.882,4
DB-13270,US-2016-144477,"2016-08-12 00:00:00",37.312,5
DB-13270,CA-2016-163804,"2016-12-02 00:00:00",72.42,6
DB-13270,CA-2016-163804,"2016-12-02 00:00:00",629.95,7
DB-13270,CA-2016-163804,"2016-12-02 00:00:00",2079.4,8
DB-13270,CA-2016-143609,"2016-12-11 00:00:00",403.92,9
DB-13270,CA-2017-154011,"2017-06-19 00:00:00",6.888,10
DB-13270,CA-2017-154011,"2017-06-19 00:00:00",457.485,11
DB-13270,CA-2017-122504,"2017-11-07 00:00:00",761.544,12
DB-13270,CA-2017-122504,"2017-11-07 00:00:00",59.97,13
DB-13360,CA-2014-100972,"2014-11-19 00:00:00",166.44,1
DB-13360,CA-2015-143882,"2015-06-26 00:00:00",43.056,2
DB-13360,CA-2016-119123,"2016-03-13 00:00:00",51.184,3
DB-13360,CA-2016-139556,"2016-04-26 00:00:00",434.646,4
DB-13360,CA-2017-150623,"2017-04-10 00:00:00",286.15,5
DB-13360,CA-2017-150623,"2017-04-10 00:00:00",99.99,6
DB-13405,CA-2015-129322,"2015-08-08 00:00:00",447.86,1
DB-13405,CA-2015-129322,"2015-08-08 00:00:00",113.92,2
DB-13405,CA-2015-129322,"2015-08-08 00:00:00",39.66,3
DB-13405,CA-2015-141145,"2015-09-17 00:00:00",87.168,4
DB-13405,CA-2017-140949,"2017-03-17 00:00:00",57.06,5
DB-13405,CA-2017-140949,"2017-03-17 00:00:00",7.31,6
DB-13405,CA-2017-140949,"2017-03-17 00:00:00",71.6,7
DB-13405,CA-2017-140949,"2017-03-17 00:00:00",107.44,8
DB-13405,CA-2017-140949,"2017-03-17 00:00:00",46.53,9
DB-13405,CA-2017-140949,"2017-03-17 00:00:00",119.7,10
DB-13405,CA-2017-140949,"2017-03-17 00:00:00",59.1,11
DB-13405,CA-2017-140949,"2017-03-17 00:00:00",18.75,12
DB-13405,CA-2017-140949,"2017-03-17 00:00:00",9.144,13
DB-13405,CA-2017-157091,"2017-06-26 00:00:00",526.45,14
DB-13555,CA-2014-136336,"2014-04-21 00:00:00",828.84,1
DB-13555,CA-2014-151953,"2014-09-20 00:00:00",2.816,2
DB-13555,CA-2014-114314,"2014-10-11 00:00:00",7.31,3
DB-13555,CA-2014-114314,"2014-10-11 00:00:00",8.92,4
DB-13555,CA-2017-104885,"2017-03-02 00:00:00",59.52,5
DB-13555,CA-2017-104885,"2017-03-02 00:00:00",57.96,6
DB-13555,CA-2017-104885,"2017-03-02 00:00:00",441.96,7
DB-13555,CA-2017-104885,"2017-03-02 00:00:00",68.04,8
DB-13555,US-2017-133200,"2017-05-06 00:00:00",772.68,9
DB-13555,US-2017-133200,"2017-05-06 00:00:00",11.06,10
DB-13555,US-2017-133200,"2017-05-06 00:00:00",623.4648,11
DB-13555,CA-2017-158036,"2017-09-08 00:00:00",9.096,12
DB-13555,CA-2017-115882,"2017-09-14 00:00:00",942.784,13
DB-13555,CA-2017-115882,"2017-09-14 00:00:00",74.352,14
DB-13615,CA-2014-137351,"2014-09-30 00:00:00",43.176,1
DB-13615,CA-2015-137946,"2015-09-01 00:00:00",4.752,2
DB-13615,CA-2015-137946,"2015-09-01 00:00:00",14.368,3
DB-13615,CA-2015-137946,"2015-09-01 00:00:00",959.984,4
DB-13615,CA-2016-135636,"2016-10-08 00:00:00",387.72,5
DB-13615,CA-2016-115224,"2016-12-08 00:00:00",34.05,6
DB-13615,CA-2016-115224,"2016-12-08 00:00:00",352.38,7
DB-13615,CA-2017-145779,"2017-05-06 00:00:00",84.416,8
DB-13615,CA-2017-133074,"2017-09-21 00:00:00",55.86,9
DB-13615,CA-2017-132185,"2017-11-27 00:00:00",8.76,10
DB-13615,CA-2017-132185,"2017-11-27 00:00:00",43.584,11
DB-13660,CA-2014-104402,"2014-06-17 00:00:00",65.97,1
DB-13660,CA-2015-111990,"2015-11-08 00:00:00",10.476,2
DB-13660,US-2017-105830,"2016-12-31 00:00:00",156.512,3
DB-13660,CA-2017-101959,"2017-02-28 00:00:00",7.78,4
DB-13660,CA-2017-101959,"2017-02-28 00:00:00",9.84,5
DB-13660,CA-2017-101077,"2017-03-25 00:00:00",6.848,6
DB-13660,CA-2017-121853,"2017-09-23 00:00:00",211.04,7
DB-13660,CA-2017-121853,"2017-09-23 00:00:00",594.816,8
DB-13660,CA-2017-121853,"2017-09-23 00:00:00",72.96,9
DB-13660,CA-2017-105886,"2017-12-18 00:00:00",18.96,10
DC-12850,US-2014-160444,"2014-07-05 00:00:00",220.776,1
DC-12850,US-2014-160444,"2014-07-05 00:00:00",281.424,2
DC-12850,CA-2014-145212,"2014-09-13 00:00:00",5.46,3
DC-12850,CA-2015-143532,"2015-03-19 00:00:00",14.496,4
DC-12850,CA-2016-130911,"2016-03-24 00:00:00",18.656,5
DC-12850,CA-2016-130911,"2016-03-24 00:00:00",301.47,6
DC-12850,CA-2017-100426,"2017-06-04 00:00:00",12.48,7
DC-12850,US-2017-133781,"2017-06-22 00:00:00",37.608,8
DC-12850,CA-2017-128363,"2017-08-13 00:00:00",272.048,9
DC-12850,CA-2017-128363,"2017-08-13 00:00:00",1614.582,10
DC-12850,CA-2017-128363,"2017-08-13 00:00:00",24.32,11
DC-12850,CA-2017-128363,"2017-08-13 00:00:00",1.584,12
DC-12850,CA-2017-128363,"2017-08-13 00:00:00",31.984,13
DC-12850,CA-2017-128363,"2017-08-13 00:00:00",14.76,14
DC-12850,CA-2017-128363,"2017-08-13 00:00:00",423.648,15
DC-12850,CA-2017-131016,"2017-09-18 00:00:00",8.928,16
DC-12850,CA-2017-131016,"2017-09-18 00:00:00",47.584,17
DC-12850,CA-2017-167017,"2017-11-23 00:00:00",4.36,18
DC-13285,CA-2014-106803,"2014-12-29 00:00:00",119.8,1
DC-13285,CA-2014-106803,"2014-12-29 00:00:00",24.56,2
DC-13285,CA-2015-117884,"2015-03-22 00:00:00",150.408,3
DC-13285,CA-2015-117884,"2015-03-22 00:00:00",447.944,4
DC-13285,CA-2016-137736,"2016-11-10 00:00:00",41.86,5
DC-13285,CA-2017-104003,"2017-10-07 00:00:00",307.666,6
DC-13285,US-2017-136189,"2017-12-07 00:00:00",82.38,7
DD-13570,US-2014-104759,"2014-03-31 00:00:00",79.984,1
DD-13570,US-2014-104759,"2014-03-31 00:00:00",8.134,2
DD-13570,CA-2014-166730,"2014-12-30 00:00:00",39.128,3
DD-13570,US-2016-148334,"2016-08-22 00:00:00",4.312,4
DD-13570,CA-2017-147844,"2017-05-02 00:00:00",34.4,5
DD-13570,CA-2017-147844,"2017-05-02 00:00:00",59.52,6
DD-13570,CA-2017-147844,"2017-05-02 00:00:00",15.7,7
DD-13570,CA-2017-125640,"2017-07-25 00:00:00",3.304,8
DD-13570,CA-2017-110926,"2017-11-19 00:00:00",25.06,9
DE-13255,CA-2014-123253,"2014-08-22 00:00:00",3.912,1
DE-13255,CA-2014-109134,"2014-11-05 00:00:00",20.04,2
DE-13255,CA-2015-142601,"2015-04-18 00:00:00",947.17,3
DE-13255,CA-2015-142601,"2015-04-18 00:00:00",61.96,4
DE-13255,CA-2015-153381,"2015-09-24 00:00:00",15.24,5
DE-13255,CA-2015-153381,"2015-09-24 00:00:00",1408.1,6
DE-13255,CA-2016-126529,"2016-01-11 00:00:00",15.588,7
DE-13255,CA-2016-126529,"2016-01-11 00:00:00",15.552,8
DE-13255,CA-2016-126529,"2016-01-11 00:00:00",63.312,9
DF-13135,CA-2014-153479,"2014-10-04 00:00:00",95.648,1
DF-13135,CA-2014-153479,"2014-10-04 00:00:00",14.45,2
DF-13135,CA-2015-124933,"2015-12-26 00:00:00",212.64,3
DF-13135,CA-2016-168032,"2016-01-30 00:00:00",1.728,4
DF-13135,CA-2016-168032,"2016-01-30 00:00:00",1439.968,5
DF-13135,CA-2016-168032,"2016-01-30 00:00:00",626.1,6
DG-13300,CA-2014-139423,"2014-11-01 00:00:00",76.12,1
DG-13300,US-2015-153500,"2015-07-03 00:00:00",282.888,2
DG-13300,US-2015-153500,"2015-07-03 00:00:00",6.72,3
DG-13300,US-2015-153500,"2015-07-03 00:00:00",168.464,4
DG-13300,CA-2015-130848,"2015-10-25 00:00:00",582.336,5
DG-13300,US-2016-106313,"2016-08-22 00:00:00",19.44,6
DG-13300,CA-2017-123372,"2017-11-28 00:00:00",1979.89,7
DG-13300,CA-2017-123372,"2017-11-28 00:00:00",79.96,8
DH-13075,CA-2014-102274,"2014-11-21 00:00:00",629.1,1
DH-13075,CA-2014-102274,"2014-11-21 00:00:00",5.46,2
DH-13075,CA-2014-102274,"2014-11-21 00:00:00",36.99,3
DH-13075,CA-2014-102274,"2014-11-21 00:00:00",193.95,4
DH-13075,CA-2015-102316,"2015-03-01 00:00:00",15.984,5
DH-13075,CA-2015-102316,"2015-03-01 00:00:00",184.752,6
DH-13075,CA-2015-159534,"2015-03-20 00:00:00",23.99,7
DH-13075,CA-2015-159534,"2015-03-20 00:00:00",49.848,8
DH-13075,CA-2015-159534,"2015-03-20 00:00:00",83.92,9
DH-13075,CA-2015-159534,"2015-03-20 00:00:00",199.98,10
DH-13075,CA-2015-159534,"2015-03-20 00:00:00",1087.936,11
DH-13075,CA-2015-104941,"2015-06-13 00:00:00",899.97,12
DH-13075,CA-2015-104941,"2015-06-13 00:00:00",24.78,13
DH-13075,CA-2015-104941,"2015-06-13 00:00:00",19.14,14
DH-13075,CA-2015-104941,"2015-06-13 00:00:00",32.4,15
DH-13075,CA-2016-166240,"2016-06-24 00:00:00",8.712,16
DH-13075,US-2017-147886,"2017-03-28 00:00:00",21.56,17
DH-13075,US-2017-147886,"2017-03-28 00:00:00",795.48,18
DH-13075,US-2017-147886,"2017-03-28 00:00:00",532.72,19
DH-13075,US-2017-147886,"2017-03-28 00:00:00",26.72,20
DH-13075,US-2017-147886,"2017-03-28 00:00:00",20.04,21
DH-13075,US-2017-147886,"2017-03-28 00:00:00",12.96,22
DH-13075,US-2017-147886,"2017-03-28 00:00:00",26.48,23
DH-13675,CA-2014-156244,"2014-08-12 00:00:00",47.96,1
DH-13675,CA-2014-156244,"2014-08-12 00:00:00",158.928,2
DH-13675,CA-2014-156244,"2014-08-12 00:00:00",2.952,3
DH-13675,CA-2014-156244,"2014-08-12 00:00:00",5.552,4
DH-13675,CA-2014-156244,"2014-08-12 00:00:00",31.104,5
DH-13675,CA-2014-156244,"2014-08-12 00:00:00",211.248,6
DH-13675,CA-2014-105249,"2014-11-28 00:00:00",41.4,7
DH-13675,CA-2014-105249,"2014-11-28 00:00:00",411.332,8
DH-13675,CA-2014-105249,"2014-11-28 00:00:00",7.36,9
DH-13675,CA-2015-127593,"2015-09-21 00:00:00",85.3,10
DH-13675,CA-2015-145324,"2015-11-15 00:00:00",39.96,11
DJ-13420,CA-2014-144071,"2014-12-08 00:00:00",39.88,1
DJ-13420,CA-2014-144071,"2014-12-08 00:00:00",79.44,2
DJ-13420,CA-2015-168004,"2015-10-04 00:00:00",392.94,3
DJ-13420,CA-2015-109736,"2015-10-10 00:00:00",45.36,4
DJ-13420,CA-2016-123540,"2016-04-02 00:00:00",1454.9,5
DJ-13510,CA-2014-111500,"2014-08-17 00:00:00",114.2,1
DJ-13510,CA-2014-111500,"2014-08-17 00:00:00",17.96,2
DJ-13510,CA-2014-111500,"2014-08-17 00:00:00",339.96,3
DJ-13510,CA-2014-111500,"2014-08-17 00:00:00",12.67,4
DJ-13510,CA-2016-128594,"2016-08-26 00:00:00",1603.136,5
DJ-13510,US-2017-118535,"2017-02-11 00:00:00",20.7,6
DJ-13510,CA-2017-137876,"2017-04-30 00:00:00",30.56,7
DJ-13510,CA-2017-137876,"2017-04-30 00:00:00",64.96,8
DJ-13510,CA-2017-156895,"2017-05-08 00:00:00",128.058,9
DJ-13510,CA-2017-108749,"2017-09-12 00:00:00",45.36,10
DJ-13510,CA-2017-108749,"2017-09-12 00:00:00",45.78,11
DJ-13510,CA-2017-153339,"2017-11-03 00:00:00",15.992,12
DJ-13510,US-2017-132220,"2017-11-12 00:00:00",62.352,13
DJ-13630,CA-2015-123232,"2015-12-14 00:00:00",319.968,1
DJ-13630,CA-2016-164511,"2016-11-19 00:00:00",68.6,2
DJ-13630,CA-2016-164511,"2016-11-19 00:00:00",64.96,3
DJ-13630,CA-2016-164511,"2016-11-19 00:00:00",14.352,4
DJ-13630,CA-2017-115602,"2017-12-18 00:00:00",3.2,5
DJ-13630,CA-2017-115602,"2017-12-18 00:00:00",1141.938,6
DJ-13630,CA-2017-115602,"2017-12-18 00:00:00",1704.56,7
DJ-13630,CA-2017-115602,"2017-12-18 00:00:00",38.82,8
DK-12835,CA-2014-141838,"2014-03-26 00:00:00",3.36,1
DK-12835,CA-2014-141838,"2014-03-26 00:00:00",27.936,2
DK-12835,CA-2014-141838,"2014-03-26 00:00:00",28.784,3
DK-12835,US-2014-143721,"2014-11-23 00:00:00",155.372,4
DK-12835,CA-2015-147529,"2015-02-07 00:00:00",12.96,5
DK-12835,CA-2015-147529,"2015-02-07 00:00:00",311.15,6
DK-12835,US-2015-164448,"2015-10-31 00:00:00",14.75,7
DK-12835,US-2015-164448,"2015-10-31 00:00:00",29.8,8
DK-12835,US-2015-164448,"2015-10-31 00:00:00",427.42,9
DK-12835,US-2015-164448,"2015-10-31 00:00:00",9.728,10
DK-12835,CA-2016-120082,"2016-03-25 00:00:00",59.52,11
DK-12835,CA-2016-160941,"2016-07-21 00:00:00",3.15,12
DK-12835,CA-2016-160941,"2016-07-21 00:00:00",419.9,13
DK-12835,US-2016-161844,"2016-12-09 00:00:00",2.946,14
DK-12835,US-2016-161844,"2016-12-09 00:00:00",79.974,15
DK-12835,CA-2017-149489,"2017-04-24 00:00:00",1.188,16
DK-12835,CA-2017-149489,"2017-04-24 00:00:00",99.28,17
DK-12835,CA-2017-149489,"2017-04-24 00:00:00",7.518,18
DK-12835,CA-2017-104388,"2017-07-05 00:00:00",79.96,19
DK-12835,CA-2017-168403,"2017-09-09 00:00:00",31.104,20
DK-12835,CA-2017-168403,"2017-09-09 00:00:00",11.176,21
DK-12835,CA-2017-167094,"2017-10-21 00:00:00",5.184,22
DK-12835,CA-2017-167094,"2017-10-21 00:00:00",478.48,23
DK-12835,CA-2017-167094,"2017-10-21 00:00:00",28.4,24
DK-12835,CA-2017-139199,"2017-12-09 00:00:00",12.96,25
DK-12835,CA-2017-139199,"2017-12-09 00:00:00",41.54,26
DK-12835,CA-2017-139199,"2017-12-09 00:00:00",872.94,27
DK-12895,CA-2015-105627,"2015-03-08 00:00:00",769.95,1
DK-12895,CA-2015-105627,"2015-03-08 00:00:00",373.08,2
DK-12895,CA-2015-105627,"2015-03-08 00:00:00",14.98,3
DK-12895,CA-2015-105627,"2015-03-08 00:00:00",860.93,4
DK-12895,CA-2015-105627,"2015-03-08 00:00:00",512.94,5
DK-12895,CA-2015-139738,"2015-09-25 00:00:00",128.744,6
DK-12895,CA-2017-152310,"2017-08-12 00:00:00",100.704,7
DK-12895,CA-2017-152310,"2017-08-12 00:00:00",242.624,8
DK-12895,CA-2017-152310,"2017-08-12 00:00:00",174.95,9
DK-12895,CA-2017-152310,"2017-08-12 00:00:00",299.99,10
DK-12895,CA-2017-152310,"2017-08-12 00:00:00",46.74,11
DK-12895,CA-2017-152310,"2017-08-12 00:00:00",192.16,12
DK-12895,CA-2017-133501,"2017-08-27 00:00:00",5.184,13
DK-12895,CA-2017-108112,"2017-11-15 00:00:00",220.064,14
DK-12895,CA-2017-108112,"2017-11-15 00:00:00",339.136,15
DK-12985,CA-2014-163034,"2014-11-24 00:00:00",646.2,1
DK-12985,CA-2015-112767,"2015-08-02 00:00:00",277.5,2
DK-12985,CA-2015-134894,"2015-12-07 00:00:00",283.92,3
DK-12985,CA-2015-134894,"2015-12-07 00:00:00",152.94,4
DK-12985,US-2017-141943,"2017-05-05 00:00:00",23.16,5
DK-12985,CA-2017-140627,"2017-12-23 00:00:00",218.352,6
DK-12985,CA-2017-140627,"2017-12-23 00:00:00",72.704,7
DK-12985,CA-2017-140627,"2017-12-23 00:00:00",12.264,8
DK-13090,CA-2015-110457,"2015-03-02 00:00:00",787.53,1
DK-13090,CA-2015-129098,"2015-10-09 00:00:00",30.84,2
DK-13090,CA-2016-134334,"2016-02-14 00:00:00",550.431,3
DK-13090,CA-2016-134334,"2016-02-14 00:00:00",10.56,4
DK-13090,CA-2016-134334,"2016-02-14 00:00:00",4.77,5
DK-13090,CA-2016-134334,"2016-02-14 00:00:00",7.98,6
DK-13090,CA-2017-124940,"2017-02-21 00:00:00",47.904,7
DK-13090,CA-2017-117807,"2017-10-01 00:00:00",104.85,8
DK-13090,CA-2017-100622,"2017-11-03 00:00:00",10.688,9
DK-13090,CA-2017-100622,"2017-11-03 00:00:00",55.984,10
DK-13090,CA-2017-100622,"2017-11-03 00:00:00",4.086,11
DK-13090,CA-2017-100622,"2017-11-03 00:00:00",959.984,12
DK-13090,CA-2017-104913,"2017-11-18 00:00:00",74.95,13
DK-13150,CA-2014-166191,"2014-12-05 00:00:00",24.816,1
DK-13150,CA-2014-166191,"2014-12-05 00:00:00",408.744,2
DK-13150,CA-2017-102197,"2017-12-20 00:00:00",34.02,3
DK-13150,CA-2017-102197,"2017-12-20 00:00:00",50.352,4
DK-13150,CA-2017-102197,"2017-12-20 00:00:00",279.9,5
DK-13225,CA-2014-157623,"2014-03-14 00:00:00",3.38,1
DK-13225,CA-2014-157623,"2014-03-14 00:00:00",10.56,2
DK-13225,CA-2015-113173,"2015-11-15 00:00:00",250.272,3
DK-13225,CA-2015-113173,"2015-11-15 00:00:00",11.364,4
DK-13225,CA-2015-113173,"2015-11-15 00:00:00",8.72,5
DK-13225,CA-2015-122756,"2015-12-03 00:00:00",482.34,6
DK-13225,CA-2015-122756,"2015-12-03 00:00:00",2.96,7
DK-13225,CA-2016-127138,"2016-03-12 00:00:00",154.9,8
DK-13225,CA-2016-127138,"2016-03-12 00:00:00",676.55,9
DK-13225,CA-2016-127138,"2016-03-12 00:00:00",770.352,10
DK-13225,CA-2016-127138,"2016-03-12 00:00:00",30.56,11
DK-13225,CA-2016-168543,"2016-07-03 00:00:00",706.86,12
DK-13225,CA-2016-155481,"2016-09-01 00:00:00",30.48,13
DK-13225,CA-2016-155481,"2016-09-01 00:00:00",16.688,14
DK-13225,CA-2016-155481,"2016-09-01 00:00:00",23.988,15
DK-13225,CA-2016-130288,"2016-11-26 00:00:00",313.176,16
DK-13225,CA-2017-100650,"2017-06-29 00:00:00",1295.78,17
DK-13225,CA-2017-105480,"2017-12-20 00:00:00",6.984,18
DK-13225,CA-2017-105480,"2017-12-20 00:00:00",6.48,19
DK-13375,CA-2014-100006,"2014-09-07 00:00:00",377.97,1
DK-13375,CA-2015-131884,"2015-12-06 00:00:00",37.376,2
DK-13375,CA-2015-131884,"2015-12-06 00:00:00",485.94,3
DK-13375,CA-2015-131884,"2015-12-06 00:00:00",70.686,4
DK-13375,CA-2015-145065,"2015-12-12 00:00:00",7.86,5
DK-13375,CA-2015-145065,"2015-12-12 00:00:00",24.448,6
DK-13375,US-2016-139087,"2016-07-17 00:00:00",12.42,7
DK-13375,US-2016-139087,"2016-07-17 00:00:00",69.52,8
DK-13375,US-2016-139087,"2016-07-17 00:00:00",20.784,9
DK-13375,US-2016-139087,"2016-07-17 00:00:00",428.4,10
DK-13375,US-2016-139087,"2016-07-17 00:00:00",24.75,11
DK-13375,US-2016-139087,"2016-07-17 00:00:00",12.816,12
DK-13375,US-2016-139087,"2016-07-17 00:00:00",87.71,13
DK-13375,US-2016-111290,"2016-07-22 00:00:00",109.95,14
DK-13375,US-2016-111290,"2016-07-22 00:00:00",965.85,15
DK-13375,US-2016-111290,"2016-07-22 00:00:00",32.4,16
DK-13375,US-2016-111290,"2016-07-22 00:00:00",29.2,17
DK-13375,CA-2017-133046,"2017-07-27 00:00:00",23.88,18
DK-13375,CA-2017-133046,"2017-07-27 00:00:00",26.2,19
DK-13375,CA-2017-133046,"2017-07-27 00:00:00",12.96,20
DK-13375,CA-2017-133046,"2017-07-27 00:00:00",234.95,21
DK-13375,CA-2017-166835,"2017-11-12 00:00:00",221.024,22
DK-13375,CA-2017-165099,"2017-12-11 00:00:00",1.392,23
DL-12865,CA-2014-165974,"2014-06-29 00:00:00",32.76,1
DL-12865,CA-2014-143182,"2014-10-15 00:00:00",15.384,2
DL-12865,CA-2015-156524,"2015-11-20 00:00:00",19.65,3
DL-12865,CA-2016-102456,"2016-02-27 00:00:00",170.88,4
DL-12865,CA-2016-154060,"2016-05-02 00:00:00",187.056,5
DL-12865,US-2016-125402,"2016-09-25 00:00:00",479.976,6
DL-12865,US-2016-125402,"2016-09-25 00:00:00",10.9,7
DL-12865,US-2016-125402,"2016-09-25 00:00:00",29.6,8
DL-12865,US-2016-125402,"2016-09-25 00:00:00",44.736,9
DL-12865,US-2016-125402,"2016-09-25 00:00:00",4.98,10
DL-12865,US-2016-125402,"2016-09-25 00:00:00",5.76,11
DL-12865,US-2016-125402,"2016-09-25 00:00:00",483.136,12
DL-12865,CA-2017-154718,"2017-01-19 00:00:00",6,13
DL-12865,US-2017-146878,"2017-09-21 00:00:00",12.294,14
DL-12925,US-2014-115196,"2014-09-09 00:00:00",1299.99,1
DL-12925,US-2014-137155,"2014-11-01 00:00:00",167.94,2
DL-12925,US-2014-137155,"2014-11-01 00:00:00",533.94,3
DL-12925,US-2014-137155,"2014-11-01 00:00:00",31.68,4
DL-12925,CA-2015-136798,"2015-05-08 00:00:00",123.96,5
DL-12925,CA-2015-136798,"2015-05-08 00:00:00",377.97,6
DL-12925,CA-2015-136798,"2015-05-08 00:00:00",43.98,7
DL-12925,CA-2015-112571,"2015-09-22 00:00:00",204.6,8
DL-12925,CA-2015-134747,"2015-10-12 00:00:00",135.72,9
DL-12925,CA-2015-134747,"2015-10-12 00:00:00",12.56,10
DL-12925,CA-2015-134747,"2015-10-12 00:00:00",263.96,11
DL-12925,CA-2017-121615,"2017-11-03 00:00:00",8.56,12
DL-12925,CA-2017-121615,"2017-11-03 00:00:00",14.94,13
DL-12925,CA-2017-121615,"2017-11-03 00:00:00",52.4,14
DL-13315,CA-2014-115791,"2014-01-16 00:00:00",30.072,1
DL-13315,CA-2014-115791,"2014-01-16 00:00:00",18.588,2
DL-13315,CA-2014-115791,"2014-01-16 00:00:00",124.2,3
DL-13315,CA-2014-115791,"2014-01-16 00:00:00",127.104,4
DL-13315,CA-2014-108182,"2014-02-06 00:00:00",8.952,5
DL-13315,CA-2014-154165,"2014-02-17 00:00:00",54.208,6
DL-13315,CA-2016-149783,"2016-09-04 00:00:00",12.192,7
DL-13315,CA-2016-149783,"2016-09-04 00:00:00",87.168,8
DL-13315,CA-2016-149783,"2016-09-04 00:00:00",31.744,9
DL-13315,CA-2016-146941,"2016-12-10 00:00:00",80.58,10
DL-13315,CA-2016-146941,"2016-12-10 00:00:00",361.92,11
DL-13315,US-2017-114034,"2017-01-03 00:00:00",38.88,12
DL-13315,CA-2017-155159,"2017-11-25 00:00:00",48.87,13
DL-13315,CA-2017-145226,"2017-12-08 00:00:00",272.94,14
DL-13315,CA-2017-145226,"2017-12-08 00:00:00",109.48,15
DL-13315,CA-2017-145226,"2017-12-08 00:00:00",19.44,16
DL-13315,CA-2017-145226,"2017-12-08 00:00:00",31.92,17
DL-13330,US-2014-130358,"2014-06-23 00:00:00",3.104,1
DL-13330,US-2014-130358,"2014-06-23 00:00:00",20.016,2
DL-13330,CA-2015-109337,"2015-11-21 00:00:00",393.54,3
DL-13330,CA-2015-109337,"2015-11-21 00:00:00",10.92,4
DL-13330,CA-2015-109337,"2015-11-21 00:00:00",83.9,5
DL-13330,CA-2015-109337,"2015-11-21 00:00:00",19.75,6
DL-13330,CA-2016-125815,"2016-10-28 00:00:00",12.42,7
DL-13330,CA-2017-143329,"2017-11-03 00:00:00",41.37,8
DL-13495,CA-2015-153717,"2015-12-25 00:00:00",73.98,1
DL-13495,CA-2015-153717,"2015-12-25 00:00:00",160.98,2
DL-13495,CA-2015-153717,"2015-12-25 00:00:00",17.34,3
DL-13495,CA-2015-153717,"2015-12-25 00:00:00",3.28,4
DL-13495,CA-2016-106558,"2016-01-17 00:00:00",316,5
DL-13495,CA-2016-144855,"2016-07-22 00:00:00",6.3,6
DL-13495,CA-2016-127649,"2016-10-07 00:00:00",837.6,7
DL-13495,CA-2017-151911,"2017-04-30 00:00:00",62.96,8
DL-13495,US-2017-117723,"2017-08-15 00:00:00",1801.632,9
DL-13495,CA-2017-144750,"2017-08-21 00:00:00",83.88,10
DL-13495,CA-2017-142643,"2017-10-15 00:00:00",22.72,11
DL-13495,CA-2017-142643,"2017-10-15 00:00:00",152.65,12
Dl-13600,CA-2014-133424,"2014-03-30 00:00:00",44.4,1
Dl-13600,CA-2014-133424,"2014-03-30 00:00:00",15.84,2
Dl-13600,CA-2014-153150,"2014-07-01 00:00:00",19.92,3
Dl-13600,CA-2016-120530,"2016-04-07 00:00:00",658.746,4
Dl-13600,US-2017-155299,"2017-06-08 00:00:00",1.624,5
Dl-13600,CA-2017-114552,"2017-09-02 00:00:00",15.072,6
DM-12955,CA-2014-141649,"2014-09-30 00:00:00",795.408,1
DM-12955,CA-2014-101175,"2014-12-09 00:00:00",100.704,2
DM-12955,CA-2015-168767,"2015-04-10 00:00:00",12.832,3
DM-12955,CA-2015-168480,"2015-09-21 00:00:00",194.32,4
DM-12955,CA-2015-168480,"2015-09-21 00:00:00",25.99,5
DM-12955,CA-2016-163153,"2016-03-21 00:00:00",1.344,6
DM-12955,CA-2016-163153,"2016-03-21 00:00:00",99.372,7
DM-12955,CA-2016-106621,"2016-09-29 00:00:00",10.496,8
DM-12955,CA-2017-128769,"2017-09-07 00:00:00",81.568,9
DM-13015,CA-2014-160766,"2014-09-14 00:00:00",68.46,1
DM-13015,CA-2014-160766,"2014-09-14 00:00:00",601.3,2
DM-13015,CA-2014-160766,"2014-09-14 00:00:00",287.97,3
DM-13015,CA-2014-160766,"2014-09-14 00:00:00",16.99,4
DM-13015,CA-2014-160766,"2014-09-14 00:00:00",44.82,5
DM-13015,CA-2014-160766,"2014-09-14 00:00:00",464.292,6
DM-13015,CA-2014-160766,"2014-09-14 00:00:00",2799.96,7
DM-13015,CA-2015-129392,"2015-07-08 00:00:00",21.12,8
DM-13015,CA-2016-160500,"2016-05-05 00:00:00",6.72,9
DM-13015,CA-2016-160500,"2016-05-05 00:00:00",298.776,10
DM-13015,CA-2016-136231,"2016-09-05 00:00:00",86.058,11
DM-13015,CA-2016-136231,"2016-09-05 00:00:00",23.472,12
DM-13015,CA-2016-136231,"2016-09-05 00:00:00",10.272,13
DM-13015,CA-2016-136231,"2016-09-05 00:00:00",108.784,14
DM-13015,CA-2017-139717,"2017-08-24 00:00:00",10.368,15
DM-13015,CA-2017-139717,"2017-08-24 00:00:00",646.272,16
DM-13015,US-2017-105389,"2017-10-23 00:00:00",10.272,17
DM-13015,US-2017-105389,"2017-10-23 00:00:00",823.96,18
DM-13015,US-2017-105389,"2017-10-23 00:00:00",3.564,19
DM-13015,CA-2017-110429,"2017-11-03 00:00:00",11.673,20
DM-13345,CA-2014-119529,"2014-11-03 00:00:00",5.76,1
DM-13345,CA-2014-164910,"2014-11-12 00:00:00",7.872,2
DM-13345,CA-2015-142734,"2015-04-16 00:00:00",127.764,3
DM-13345,CA-2016-129861,"2016-06-17 00:00:00",376.866,4
DM-13345,CA-2016-144554,"2016-11-07 00:00:00",119.976,5
DM-13345,CA-2016-114482,"2016-11-21 00:00:00",404.94,6
DM-13345,CA-2016-114482,"2016-11-21 00:00:00",40.46,7
DM-13345,CA-2017-157854,"2017-04-08 00:00:00",2690.97,8
DM-13345,CA-2017-157854,"2017-04-08 00:00:00",56.28,9
DM-13345,CA-2017-108854,"2017-12-08 00:00:00",22.424,10
DM-13345,CA-2017-108854,"2017-12-08 00:00:00",87.92,11
DM-13345,CA-2017-108854,"2017-12-08 00:00:00",42.76,12
DM-13345,CA-2017-108854,"2017-12-08 00:00:00",90.48,13
DM-13525,CA-2014-103317,"2014-07-05 00:00:00",9.81,1
DM-13525,CA-2014-103317,"2014-07-05 00:00:00",19.52,2
DM-13525,CA-2014-103317,"2014-07-05 00:00:00",213.216,3
DM-13525,CA-2015-132465,"2015-09-11 00:00:00",210.68,4
DM-13525,CA-2015-132465,"2015-09-11 00:00:00",78.8,5
DM-13525,CA-2015-132465,"2015-09-11 00:00:00",19.99,6
DM-13525,CA-2015-132465,"2015-09-11 00:00:00",772.68,7
DM-13525,CA-2016-149195,"2016-09-05 00:00:00",25.92,8
DM-13525,CA-2016-149195,"2016-09-05 00:00:00",10.368,9
DM-13525,CA-2016-149195,"2016-09-05 00:00:00",15.808,10
DN-13690,CA-2014-166744,"2014-09-20 00:00:00",59.98,1
DN-13690,CA-2014-166744,"2014-09-20 00:00:00",362.94,2
DN-13690,CA-2014-166744,"2014-09-20 00:00:00",164.22,3
DN-13690,CA-2014-119977,"2014-10-08 00:00:00",123.92,4
DN-13690,CA-2014-139451,"2014-10-12 00:00:00",21.39,5
DN-13690,CA-2014-139451,"2014-10-12 00:00:00",14.9,6
DN-13690,CA-2016-151498,"2016-04-21 00:00:00",8.32,7
DN-13690,CA-2016-114951,"2016-06-26 00:00:00",22.14,8
DN-13690,CA-2016-114860,"2016-12-22 00:00:00",41.96,9
DN-13690,CA-2016-114860,"2016-12-22 00:00:00",842.72,10
DN-13690,CA-2017-136882,"2017-05-27 00:00:00",477.3,11
DO-13435,CA-2014-108903,"2014-10-03 00:00:00",142.488,1
DO-13435,CA-2014-108903,"2014-10-03 00:00:00",14.48,2
DO-13435,CA-2014-108903,"2014-10-03 00:00:00",55.984,3
DO-13435,CA-2015-121272,"2015-03-29 00:00:00",73.28,4
DO-13435,CA-2015-169299,"2015-08-24 00:00:00",7.152,5
DO-13435,US-2015-168935,"2015-11-27 00:00:00",83.976,6
DO-13435,US-2015-168935,"2015-11-27 00:00:00",375.4575,7
DO-13435,CA-2016-133144,"2016-05-16 00:00:00",17.34,8
DO-13435,CA-2017-102771,"2017-03-31 00:00:00",84.95,9
DO-13435,CA-2017-140760,"2017-06-02 00:00:00",25.344,10
DO-13435,CA-2017-140760,"2017-06-02 00:00:00",43.92,11
DO-13435,CA-2017-100636,"2017-06-26 00:00:00",272.94,12
DO-13435,US-2017-100398,"2017-08-19 00:00:00",102.72,13
DO-13645,CA-2015-126669,"2015-11-07 00:00:00",76.64,1
DO-13645,CA-2017-115777,"2017-08-19 00:00:00",19.44,2
DO-13645,US-2017-117450,"2017-09-04 00:00:00",97.184,3
DO-13645,US-2017-117450,"2017-09-04 00:00:00",10.368,4
DO-13645,CA-2017-165008,"2017-09-15 00:00:00",295.056,5
DO-13645,CA-2017-102309,"2017-09-23 00:00:00",199.95,6
DO-13645,CA-2017-102309,"2017-09-23 00:00:00",12.96,7
DO-13645,CA-2017-133207,"2017-11-27 00:00:00",57.568,8
DO-13645,CA-2017-118003,"2017-12-04 00:00:00",12.99,9
DO-13645,CA-2017-118003,"2017-12-04 00:00:00",182.22,10
DO-13645,CA-2017-118003,"2017-12-04 00:00:00",302.94,11
DP-13000,CA-2014-103800,"2014-01-03 00:00:00",16.448,1
DP-13000,CA-2014-122609,"2014-11-12 00:00:00",25.128,2
DP-13000,CA-2014-122609,"2014-11-12 00:00:00",127.984,3
DP-13000,CA-2015-115742,"2015-04-18 00:00:00",38.22,4
DP-13000,CA-2015-115742,"2015-04-18 00:00:00",75.18,5
DP-13000,CA-2015-115742,"2015-04-18 00:00:00",6.16,6
DP-13000,CA-2015-115742,"2015-04-18 00:00:00",89.99,7
DP-13000,CA-2015-105347,"2015-11-24 00:00:00",14.7,8
DP-13000,CA-2015-105347,"2015-11-24 00:00:00",368.91,9
DP-13000,CA-2016-141180,"2016-05-15 00:00:00",7.764,10
DP-13000,CA-2016-166618,"2016-11-14 00:00:00",13.98,11
DP-13000,CA-2016-166618,"2016-11-14 00:00:00",23.65,12
DP-13000,CA-2017-142174,"2017-03-04 00:00:00",89.568,13
DP-13000,US-2017-154872,"2017-05-14 00:00:00",5.04,14
DP-13000,US-2017-154872,"2017-05-14 00:00:00",58.17,15
DP-13000,US-2017-154872,"2017-05-14 00:00:00",24.784,16
DP-13000,CA-2017-157350,"2017-08-26 00:00:00",64.96,17
DP-13105,CA-2015-132080,"2015-08-22 00:00:00",50.112,1
DP-13105,CA-2016-152534,"2016-06-20 00:00:00",38.88,2
DP-13105,CA-2016-152534,"2016-06-20 00:00:00",5.16,3
DP-13105,CA-2016-159009,"2016-09-23 00:00:00",13.216,4
DP-13105,CA-2016-159009,"2016-09-23 00:00:00",184.752,5
DP-13105,CA-2016-162390,"2016-12-06 00:00:00",222.352,6
DP-13105,CA-2016-162390,"2016-12-06 00:00:00",479.984,7
DP-13105,CA-2016-162390,"2016-12-06 00:00:00",968.744,8
DP-13105,CA-2017-141663,"2017-04-13 00:00:00",7.92,9
DP-13105,CA-2017-102974,"2017-09-19 00:00:00",149.95,10
DP-13105,CA-2017-102974,"2017-09-19 00:00:00",23.32,11
DP-13105,CA-2017-102974,"2017-09-19 00:00:00",16.74,12
DP-13105,CA-2017-155362,"2017-12-17 00:00:00",32.56,13
DP-13105,CA-2017-163671,"2017-12-24 00:00:00",21.312,14
DP-13165,CA-2014-112158,"2014-12-02 00:00:00",46.72,1
DP-13165,CA-2014-112158,"2014-12-02 00:00:00",883.92,2
DP-13165,CA-2014-112158,"2014-12-02 00:00:00",119.96,3
DP-13165,CA-2015-112522,"2015-10-10 00:00:00",8.016,4
Dp-13240,CA-2014-129574,"2014-05-26 00:00:00",48.4,1
Dp-13240,CA-2014-116834,"2014-10-11 00:00:00",63.47,2
Dp-13240,CA-2014-116834,"2014-10-11 00:00:00",345,3
Dp-13240,CA-2015-169796,"2015-11-09 00:00:00",2321.9,4
Dp-13240,CA-2015-169796,"2015-11-09 00:00:00",17.94,5
Dp-13240,CA-2015-139962,"2015-12-13 00:00:00",19.44,6
Dp-13240,CA-2015-139962,"2015-12-13 00:00:00",37.88,7
Dp-13240,CA-2016-152072,"2016-01-15 00:00:00",52.34,8
Dp-13240,CA-2016-152072,"2016-01-15 00:00:00",4.66,9
Dp-13240,CA-2016-152072,"2016-01-15 00:00:00",254.97,10
Dp-13240,CA-2017-169691,"2017-06-15 00:00:00",44.4,11
Dp-13240,CA-2017-169691,"2017-06-15 00:00:00",17.94,12
Dp-13240,CA-2017-169691,"2017-06-15 00:00:00",84.55,13
Dp-13240,US-2017-132381,"2017-08-22 00:00:00",314.532,14
Dp-13240,CA-2017-163692,"2017-09-07 00:00:00",7.857,15
Dp-13240,CA-2017-139822,"2017-09-15 00:00:00",38.62,16
Dp-13240,CA-2017-139822,"2017-09-15 00:00:00",59.98,17
Dp-13240,US-2017-162558,"2017-10-02 00:00:00",19.76,18
Dp-13240,US-2017-162558,"2017-10-02 00:00:00",20.736,19
Dp-13240,US-2017-162558,"2017-10-02 00:00:00",27.36,20
Dp-13240,US-2017-162558,"2017-10-02 00:00:00",2314.116,21
Dp-13240,US-2017-162558,"2017-10-02 00:00:00",34.236,22
Dp-13240,US-2017-162558,"2017-10-02 00:00:00",11.808,23
Dp-13240,US-2017-162558,"2017-10-02 00:00:00",9.656,24
Dp-13240,CA-2017-148404,"2017-10-07 00:00:00",154.764,25
Dp-13240,CA-2017-148404,"2017-10-07 00:00:00",50.454,26
Dp-13240,CA-2017-148404,"2017-10-07 00:00:00",580.672,27
Dp-13240,CA-2017-148404,"2017-10-07 00:00:00",18.936,28
Dp-13240,CA-2017-148404,"2017-10-07 00:00:00",222.384,29
DP-13390,CA-2014-107139,"2014-07-05 00:00:00",180.96,1
DP-13390,CA-2014-168592,"2014-09-08 00:00:00",56.65,2
DP-13390,CA-2014-168592,"2014-09-08 00:00:00",14.97,3
DP-13390,CA-2014-168592,"2014-09-08 00:00:00",4.02,4
DP-13390,CA-2014-134621,"2014-12-21 00:00:00",18.24,5
DP-13390,CA-2015-118423,"2015-03-24 00:00:00",359.058,6
DP-13390,CA-2015-129217,"2015-05-10 00:00:00",70.97,7
DP-13390,CA-2015-129217,"2015-05-10 00:00:00",36.784,8
DP-13390,CA-2016-138583,"2016-05-24 00:00:00",16.656,9
DP-13390,CA-2016-138478,"2016-10-21 00:00:00",4535.976,10
DP-13390,CA-2016-138478,"2016-10-21 00:00:00",35.88,11
DP-13390,CA-2016-138478,"2016-10-21 00:00:00",113.22,12
DP-13390,CA-2017-154466,"2017-01-01 00:00:00",3.6,13
DP-13390,CA-2017-150931,"2017-01-06 00:00:00",33.74,14
DR-12880,CA-2015-103933,"2015-09-25 00:00:00",899.91,1
DR-12880,US-2015-159982,"2015-11-28 00:00:00",53.92,2
DR-12880,US-2015-159982,"2015-11-28 00:00:00",647.904,3
DR-12880,US-2015-159982,"2015-11-28 00:00:00",82.368,4
DR-12880,US-2015-159982,"2015-11-28 00:00:00",12.132,5
DR-12880,US-2016-164189,"2016-03-24 00:00:00",403.168,6
DR-12880,CA-2016-117282,"2016-07-14 00:00:00",14.16,7
DR-12880,US-2016-127425,"2016-08-26 00:00:00",33,8
DR-12880,US-2016-127425,"2016-08-26 00:00:00",249.95,9
DR-12880,CA-2017-148810,"2017-06-26 00:00:00",13.872,10
DR-12880,CA-2017-148810,"2017-06-26 00:00:00",273.552,11
DR-12880,CA-2017-143574,"2017-06-29 00:00:00",25.16,12
DR-12880,CA-2017-143574,"2017-06-29 00:00:00",30.69,13
DR-12880,CA-2017-143574,"2017-06-29 00:00:00",638.82,14
DR-12880,CA-2017-161956,"2017-08-27 00:00:00",198.46,15
DR-12880,CA-2017-161956,"2017-08-27 00:00:00",354.9,16
DR-12880,CA-2017-161956,"2017-08-27 00:00:00",841.568,17
DR-12880,CA-2017-161956,"2017-08-27 00:00:00",879.984,18
DR-12880,CA-2017-161956,"2017-08-27 00:00:00",321.92,19
DR-12880,CA-2017-161956,"2017-08-27 00:00:00",28.4,20
DR-12880,CA-2017-161956,"2017-08-27 00:00:00",230.28,21
DR-12880,CA-2017-161956,"2017-08-27 00:00:00",116.28,22
DR-12880,CA-2017-134404,"2017-12-27 00:00:00",13.248,23
DR-12880,CA-2017-134404,"2017-12-27 00:00:00",164.388,24
DR-12940,CA-2014-100881,"2014-03-28 00:00:00",302.376,1
DR-12940,CA-2015-104871,"2015-03-30 00:00:00",366.744,2
DR-12940,CA-2015-104626,"2015-09-01 00:00:00",124.36,3
DR-12940,CA-2015-104626,"2015-09-01 00:00:00",60.74,4
DR-12940,CA-2015-104626,"2015-09-01 00:00:00",114.6,5
DR-12940,CA-2015-104626,"2015-09-01 00:00:00",1088.76,6
DR-12940,US-2015-163783,"2015-12-27 00:00:00",12.672,7
DR-12940,US-2016-140158,"2016-10-04 00:00:00",119.1,8
DR-12940,US-2016-140158,"2016-10-04 00:00:00",5399.91,9
DR-12940,US-2016-140158,"2016-10-04 00:00:00",30.4,10
DR-12940,CA-2016-160241,"2016-11-29 00:00:00",242.176,11
DR-12940,CA-2017-160899,"2017-08-11 00:00:00",477.51,12
DR-12940,CA-2017-142671,"2017-11-10 00:00:00",11.52,13
DS-13030,CA-2014-113271,"2014-07-09 00:00:00",119.833,1
DS-13030,CA-2014-113271,"2014-07-09 00:00:00",14.304,2
DS-13030,CA-2014-113271,"2014-07-09 00:00:00",5.56,3
DS-13030,CA-2014-113271,"2014-07-09 00:00:00",32.4,4
DS-13030,CA-2017-131954,"2017-01-21 00:00:00",242.94,5
DS-13030,CA-2017-131954,"2017-01-21 00:00:00",84.98,6
DS-13030,CA-2017-131954,"2017-01-21 00:00:00",18.72,7
DS-13030,CA-2017-131954,"2017-01-21 00:00:00",179.97,8
DS-13030,CA-2017-131954,"2017-01-21 00:00:00",99.696,9
DS-13030,CA-2017-131954,"2017-01-21 00:00:00",27.936,10
DS-13030,CA-2017-144848,"2017-04-04 00:00:00",240.37,11
DS-13030,CA-2017-144848,"2017-04-04 00:00:00",119.02,12
DS-13030,CA-2017-144848,"2017-04-04 00:00:00",41.22,13
DS-13030,US-2017-125717,"2017-09-28 00:00:00",76.776,14
DS-13030,US-2017-125717,"2017-09-28 00:00:00",32.776,15
DS-13030,US-2017-125717,"2017-09-28 00:00:00",14.352,16
DS-13030,US-2017-125717,"2017-09-28 00:00:00",147.184,17
DS-13030,US-2017-125717,"2017-09-28 00:00:00",209.792,18
DS-13030,US-2017-125717,"2017-09-28 00:00:00",54.384,19
DS-13180,CA-2014-132983,"2014-04-28 00:00:00",159.98,1
DS-13180,CA-2015-163055,"2015-08-09 00:00:00",2.2,2
DS-13180,CA-2015-163055,"2015-08-09 00:00:00",622.45,3
DS-13180,CA-2015-163055,"2015-08-09 00:00:00",21.98,4
DS-13180,CA-2015-130456,"2015-08-21 00:00:00",80.98,5
DS-13180,CA-2015-130456,"2015-08-21 00:00:00",586.398,6
DS-13180,CA-2015-159863,"2015-09-04 00:00:00",134.376,7
DS-13180,CA-2016-119074,"2016-03-27 00:00:00",32.54,8
DS-13180,CA-2016-119074,"2016-03-27 00:00:00",39.92,9
DS-13180,CA-2016-119074,"2016-03-27 00:00:00",20.24,10
DS-13180,CA-2016-127243,"2016-11-28 00:00:00",340.182,11
DS-13180,CA-2016-127243,"2016-11-28 00:00:00",12.672,12
DS-13180,CA-2016-127243,"2016-11-28 00:00:00",347.802,13
DS-13180,CA-2016-127243,"2016-11-28 00:00:00",32.544,14
DS-13180,CA-2016-127243,"2016-11-28 00:00:00",6.888,15
DS-13180,CA-2016-146325,"2016-12-14 00:00:00",134.8,16
DS-13180,CA-2016-146325,"2016-12-14 00:00:00",81.424,17
DS-13180,CA-2017-154907,"2017-03-31 00:00:00",205.3328,18
DS-13180,CA-2017-134285,"2017-12-07 00:00:00",3.552,19
DS-13180,CA-2017-134285,"2017-12-07 00:00:00",15.552,20
DV-13045,CA-2016-138688,"2016-06-12 00:00:00",14.62,1
DV-13045,CA-2016-106656,"2016-09-23 00:00:00",4.08,2
DV-13045,CA-2016-106656,"2016-09-23 00:00:00",18.9,3
DV-13045,CA-2017-125745,"2017-06-30 00:00:00",19.52,4
DV-13045,CA-2017-139773,"2017-12-04 00:00:00",188.552,5
DV-13045,CA-2017-168389,"2017-12-11 00:00:00",64.784,6
DV-13045,CA-2017-168389,"2017-12-11 00:00:00",721.875,7
DV-13045,CA-2017-168389,"2017-12-11 00:00:00",73.568,8
DV-13045,CA-2017-168389,"2017-12-11 00:00:00",13.584,9
DV-13465,CA-2014-124646,"2014-06-22 00:00:00",161.94,1
DV-13465,CA-2014-124646,"2014-06-22 00:00:00",501.81,2
DV-13465,CA-2015-100251,"2015-05-17 00:00:00",55.6,3
DV-13465,CA-2015-100251,"2015-05-17 00:00:00",31.5,4
DV-13465,CA-2015-146486,"2015-11-09 00:00:00",899.95,5
DV-13465,CA-2015-146486,"2015-11-09 00:00:00",244.55,6
DV-13465,CA-2015-146486,"2015-11-09 00:00:00",12.24,7
DV-13465,CA-2015-146486,"2015-11-09 00:00:00",13.98,8
DV-13465,CA-2016-126102,"2016-09-10 00:00:00",276.784,9
DV-13465,US-2017-152002,"2017-06-11 00:00:00",122.97,10
DV-13465,CA-2017-145233,"2017-12-01 00:00:00",31.152,11
DV-13465,CA-2017-145233,"2017-12-01 00:00:00",105.584,12
DV-13465,CA-2017-145233,"2017-12-01 00:00:00",470.376,13
DV-13465,CA-2017-145233,"2017-12-01 00:00:00",6.783,14
DV-13465,CA-2017-145233,"2017-12-01 00:00:00",406.368,15
DW-13195,CA-2014-123477,"2014-01-18 00:00:00",64.864,1
DW-13195,CA-2014-152849,"2014-07-05 00:00:00",4.368,2
DW-13195,CA-2014-133158,"2014-08-19 00:00:00",289.24,3
DW-13195,CA-2014-133158,"2014-08-19 00:00:00",69.456,4
DW-13195,US-2016-127971,"2016-11-20 00:00:00",7.068,5
DW-13195,US-2016-127971,"2016-11-20 00:00:00",122.92,6
DW-13195,US-2016-127971,"2016-11-20 00:00:00",318.43,7
DW-13195,US-2017-103226,"2017-09-22 00:00:00",27.18,8
DW-13195,CA-2017-101581,"2017-10-22 00:00:00",177.225,9
DW-13480,CA-2014-131926,"2014-06-01 00:00:00",166.72,1
DW-13480,CA-2014-131926,"2014-06-01 00:00:00",2001.86,2
DW-13480,CA-2014-131926,"2014-06-01 00:00:00",47.88,3
DW-13480,CA-2014-131926,"2014-06-01 00:00:00",1503.25,4
DW-13480,CA-2014-131926,"2014-06-01 00:00:00",25.92,5
DW-13480,CA-2016-101938,"2016-01-07 00:00:00",34.58,6
DW-13480,CA-2016-151141,"2016-08-20 00:00:00",14.78,7
DW-13480,CA-2016-164399,"2016-11-12 00:00:00",203.976,8
DW-13480,CA-2016-164399,"2016-11-12 00:00:00",674.352,9
DW-13480,US-2017-132297,"2017-05-27 00:00:00",539.97,10
DW-13480,US-2017-132297,"2017-05-27 00:00:00",58.34,11
DW-13540,CA-2016-128706,"2016-02-27 00:00:00",16.192,1
DW-13540,CA-2016-149902,"2016-04-01 00:00:00",88.04,2
DW-13540,CA-2017-148642,"2017-03-06 00:00:00",63.488,3
DW-13540,CA-2017-148642,"2017-03-06 00:00:00",4.928,4
DW-13540,CA-2017-101210,"2017-08-25 00:00:00",3.424,5
DW-13540,CA-2017-101210,"2017-08-25 00:00:00",9.728,6
DW-13540,CA-2017-132521,"2017-09-23 00:00:00",6.88,7
DW-13540,CA-2017-132521,"2017-09-23 00:00:00",31.44,8
DW-13540,CA-2017-132521,"2017-09-23 00:00:00",119.96,9
DW-13585,CA-2014-120432,"2014-08-24 00:00:00",25.5,1
DW-13585,CA-2015-162950,"2015-06-28 00:00:00",15.552,2
DW-13585,CA-2015-162950,"2015-06-28 00:00:00",482.94,3
DW-13585,CA-2016-148516,"2016-08-07 00:00:00",179.97,4
DW-13585,CA-2016-165820,"2016-09-26 00:00:00",12.96,5
DW-13585,US-2017-164147,"2017-02-02 00:00:00",21.456,6
DW-13585,US-2017-164147,"2017-02-02 00:00:00",59.97,7
DW-13585,US-2017-164147,"2017-02-02 00:00:00",78.304,8
DW-13585,US-2017-126060,"2017-04-14 00:00:00",198.272,9
DW-13585,CA-2017-123134,"2017-05-02 00:00:00",129.93,10
EA-14035,US-2014-156216,"2014-09-13 00:00:00",18.648,1
EA-14035,CA-2014-114195,"2014-11-01 00:00:00",3.132,2
EA-14035,CA-2014-114195,"2014-11-01 00:00:00",68.704,3
EA-14035,CA-2014-114195,"2014-11-01 00:00:00",22.428,4
EA-14035,CA-2014-151162,"2014-12-05 00:00:00",179.94,5
EA-14035,CA-2014-151162,"2014-12-05 00:00:00",29.94,6
EA-14035,CA-2014-151162,"2014-12-05 00:00:00",17.472,7
EA-14035,CA-2014-151162,"2014-12-05 00:00:00",98.376,8
EA-14035,CA-2014-151162,"2014-12-05 00:00:00",36.738,9
EA-14035,CA-2015-154921,"2015-05-23 00:00:00",186.69,10
EA-14035,CA-2015-158939,"2015-11-26 00:00:00",599.99,11
EA-14035,CA-2016-168956,"2016-02-16 00:00:00",5.184,12
EA-14035,CA-2016-168956,"2016-02-16 00:00:00",62.958,13
EA-14035,CA-2016-168956,"2016-02-16 00:00:00",92.064,14
EA-14035,CA-2016-168956,"2016-02-16 00:00:00",6.976,15
EA-14035,CA-2016-121447,"2016-02-21 00:00:00",135.8,16
EA-14035,CA-2016-104633,"2016-06-12 00:00:00",12.96,17
EA-14035,CA-2016-104633,"2016-06-12 00:00:00",185.88,18
EA-14035,CA-2016-108581,"2016-06-20 00:00:00",10.368,19
EA-14035,CA-2016-108581,"2016-06-20 00:00:00",95.968,20
EA-14035,CA-2016-102813,"2016-07-02 00:00:00",41.472,21
EA-14035,CA-2016-102813,"2016-07-02 00:00:00",528.43,22
EA-14035,CA-2016-164924,"2016-07-10 00:00:00",341.991,23
EA-14035,CA-2017-154501,"2017-04-30 00:00:00",9.78,24
EA-14035,CA-2017-121909,"2017-07-31 00:00:00",54.816,25
EB-13705,CA-2014-100090,"2014-07-08 00:00:00",196.704,1
EB-13705,CA-2014-100090,"2014-07-08 00:00:00",502.488,2
EB-13705,CA-2014-129938,"2014-12-15 00:00:00",445.802,3
EB-13705,CA-2015-128125,"2015-03-31 00:00:00",98.376,4
EB-13705,CA-2015-128125,"2015-03-31 00:00:00",22.38,5
EB-13705,CA-2015-104493,"2015-10-02 00:00:00",57.504,6
EB-13705,US-2016-137547,"2016-03-07 00:00:00",21.072,7
EB-13705,CA-2016-128223,"2016-06-14 00:00:00",1293.488,8
EB-13705,CA-2017-107797,"2017-05-08 00:00:00",41.472,9
EB-13705,CA-2017-147277,"2017-10-20 00:00:00",284.364,10
EB-13705,CA-2017-147277,"2017-10-20 00:00:00",665.408,11
EB-13705,CA-2017-134978,"2017-11-12 00:00:00",15.92,12
EB-13750,CA-2015-128083,"2015-03-12 00:00:00",30.88,1
EB-13750,CA-2015-128083,"2015-03-12 00:00:00",6.408,2
EB-13750,CA-2015-128083,"2015-03-12 00:00:00",8.688,3
EB-13750,CA-2015-166947,"2015-06-05 00:00:00",1522.638,4
EB-13750,CA-2016-126809,"2016-04-09 00:00:00",35.352,5
EB-13750,CA-2016-166380,"2016-05-30 00:00:00",111.98,6
EB-13750,CA-2016-166380,"2016-05-30 00:00:00",26.55,7
EB-13750,CA-2016-137652,"2016-08-28 00:00:00",18.432,8
EB-13750,US-2016-147340,"2016-09-24 00:00:00",63.2,9
EB-13750,CA-2016-145548,"2016-11-11 00:00:00",92.94,10
EB-13750,CA-2016-145548,"2016-11-11 00:00:00",35.232,11
EB-13750,CA-2016-145548,"2016-11-11 00:00:00",55.008,12
EB-13750,CA-2016-145548,"2016-11-11 00:00:00",245.646,13
EB-13750,CA-2016-145548,"2016-11-11 00:00:00",36,14
EB-13750,CA-2016-145548,"2016-11-11 00:00:00",28.14,15
EB-13750,CA-2017-122707,"2017-04-16 00:00:00",477.24,16
EB-13750,CA-2017-122707,"2017-04-16 00:00:00",25.98,17
EB-13750,CA-2017-161739,"2017-11-10 00:00:00",341.96,18
EB-13750,CA-2017-161459,"2017-11-25 00:00:00",39.96,19
EB-13750,CA-2017-161459,"2017-11-25 00:00:00",34.08,20
EB-13840,CA-2014-146885,"2014-05-30 00:00:00",13.62,1
EB-13840,US-2014-102631,"2014-12-13 00:00:00",94.428,2
EB-13840,CA-2015-164301,"2015-03-26 00:00:00",3393.68,3
EB-13840,CA-2016-139885,"2016-12-04 00:00:00",212.88,4
EB-13840,CA-2017-156951,"2017-10-01 00:00:00",91.84,5
EB-13840,CA-2017-156951,"2017-10-01 00:00:00",451.152,6
EB-13840,CA-2017-156951,"2017-10-01 00:00:00",19.44,7
EB-13840,CA-2017-156951,"2017-10-01 00:00:00",81.088,8
EB-13870,CA-2014-110219,"2014-05-05 00:00:00",127.869,1
EB-13870,US-2014-126340,"2014-11-08 00:00:00",333.576,2
EB-13870,US-2015-110569,"2015-05-23 00:00:00",121.792,3
EB-13870,US-2015-110569,"2015-05-23 00:00:00",19.194,4
EB-13870,CA-2015-153626,"2015-07-09 00:00:00",5.16,5
EB-13870,CA-2015-106320,"2015-09-25 00:00:00",1044.63,6
EB-13870,CA-2016-144939,"2016-10-03 00:00:00",599.292,7
EB-13870,CA-2016-159989,"2016-12-09 00:00:00",40.68,8
EB-13870,CA-2017-148999,"2017-01-30 00:00:00",419.136,9
EB-13870,CA-2017-130967,"2017-03-10 00:00:00",53.982,10
EB-13870,CA-2017-169817,"2017-09-21 00:00:00",1.908,11
EB-13930,CA-2014-123400,"2014-02-02 00:00:00",18.336,1
EB-13930,CA-2014-123400,"2014-02-02 00:00:00",180.96,2
EB-13930,CA-2016-101448,"2016-02-27 00:00:00",56.82,3
EB-13930,CA-2016-122728,"2016-05-18 00:00:00",104.28,4
EB-13930,CA-2016-122728,"2016-05-18 00:00:00",17.94,5
EB-13930,US-2016-116400,"2016-10-22 00:00:00",39.92,6
EB-13930,US-2017-106551,"2017-07-22 00:00:00",526.344,7
EB-13975,US-2016-164630,"2016-01-04 00:00:00",959.968,1
EB-13975,CA-2016-135461,"2016-02-07 00:00:00",623.96,2
EB-13975,US-2016-150357,"2016-10-10 00:00:00",20.608,3
EB-13975,US-2016-150357,"2016-10-10 00:00:00",4.095,4
EB-13975,CA-2017-115427,"2017-12-30 00:00:00",20.72,5
EB-13975,CA-2017-115427,"2017-12-30 00:00:00",13.904,6
EB-14110,CA-2015-106257,"2015-04-13 00:00:00",241.568,1
EB-14110,CA-2015-106257,"2015-04-13 00:00:00",479.92,2
EB-14110,US-2015-153283,"2015-11-12 00:00:00",15.56,3
EB-14110,CA-2015-111612,"2015-11-28 00:00:00",71.12,4
EB-14110,CA-2015-111612,"2015-11-28 00:00:00",3.008,5
EB-14110,CA-2016-116561,"2016-09-11 00:00:00",332.94,6
EB-14110,CA-2016-116561,"2016-09-11 00:00:00",39.872,7
EB-14110,CA-2016-121370,"2016-11-14 00:00:00",380.058,8
EB-14110,CA-2016-121370,"2016-11-14 00:00:00",1199.976,9
EB-14110,CA-2016-121370,"2016-11-14 00:00:00",48.576,10
EB-14110,CA-2017-149895,"2017-09-08 00:00:00",258.528,11
EB-14170,CA-2014-111962,"2014-09-29 00:00:00",807.75,1
EB-14170,CA-2014-111962,"2014-09-29 00:00:00",10.048,2
EB-14170,CA-2014-103086,"2014-10-17 00:00:00",5.312,3
EB-14170,CA-2015-148705,"2015-03-12 00:00:00",5.04,4
EB-14170,CA-2015-142930,"2015-11-28 00:00:00",335.52,5
EB-14170,CA-2016-143441,"2016-11-05 00:00:00",11.84,6
EB-14170,CA-2017-162635,"2017-10-09 00:00:00",10.816,7
EC-14050,CA-2014-139633,"2014-12-17 00:00:00",5.484,1
EC-14050,US-2016-169369,"2016-12-12 00:00:00",249.95,2
EC-14050,US-2016-169369,"2016-12-12 00:00:00",49.12,3
EC-14050,US-2017-140074,"2017-03-23 00:00:00",25.68,4
EC-14050,CA-2017-161102,"2017-07-31 00:00:00",56.56,5
EC-14050,CA-2017-161102,"2017-07-31 00:00:00",36.96,6
EC-14050,CA-2017-163188,"2017-11-07 00:00:00",38.16,7
ED-13885,CA-2014-110527,"2014-08-09 00:00:00",20.88,1
ED-13885,CA-2014-110352,"2014-11-23 00:00:00",23.68,2
ED-13885,CA-2015-160227,"2015-11-02 00:00:00",2621.322,3
ED-13885,CA-2015-137071,"2015-12-20 00:00:00",100.8,4
ED-13885,CA-2016-118311,"2016-10-24 00:00:00",450,5
ED-13885,CA-2016-149916,"2016-12-22 00:00:00",55.36,6
ED-13885,CA-2016-149916,"2016-12-22 00:00:00",11.56,7
ED-13885,CA-2017-134838,"2017-02-19 00:00:00",12.84,8
ED-13885,CA-2017-134838,"2017-02-19 00:00:00",44.67,9
ED-13885,CA-2017-133102,"2017-08-17 00:00:00",38.864,10
ED-13885,CA-2017-133102,"2017-08-17 00:00:00",16.784,11
ED-13885,CA-2017-133102,"2017-08-17 00:00:00",8.016,12
ED-13885,CA-2017-133102,"2017-08-17 00:00:00",74.592,13
ED-13885,CA-2017-133102,"2017-08-17 00:00:00",5.552,14
EG-13900,CA-2015-138625,"2015-11-02 00:00:00",197.72,1
EG-13900,US-2016-150861,"2016-12-03 00:00:00",6.3,2
EG-13900,US-2016-150861,"2016-12-03 00:00:00",182.72,3
EG-13900,US-2016-150861,"2016-12-03 00:00:00",400.032,4
EG-13900,US-2016-150861,"2016-12-03 00:00:00",33.63,5
EG-13900,US-2016-150861,"2016-12-03 00:00:00",542.646,6
EG-13900,CA-2017-114524,"2017-03-31 00:00:00",13.468,7
EG-13900,CA-2017-141719,"2017-11-17 00:00:00",239.96,8
EG-13900,US-2017-167570,"2017-12-08 00:00:00",215.544,9
EH-13765,CA-2014-142979,"2014-04-12 00:00:00",39.68,1
EH-13765,CA-2014-138450,"2014-10-18 00:00:00",10.048,2
EH-13765,CA-2014-138450,"2014-10-18 00:00:00",186.912,3
EH-13765,CA-2014-138450,"2014-10-18 00:00:00",52.512,4
EH-13765,US-2015-147242,"2015-09-10 00:00:00",278.82,5
EH-13765,US-2015-147242,"2015-09-10 00:00:00",361.96,6
EH-13765,US-2015-147242,"2015-09-10 00:00:00",61.96,7
EH-13765,CA-2016-136301,"2016-03-13 00:00:00",4912.59,8
EH-13765,CA-2016-136301,"2016-03-13 00:00:00",28.28,9
EH-13765,CA-2016-158155,"2016-05-02 00:00:00",12.56,10
EH-13765,CA-2016-158155,"2016-05-02 00:00:00",90.48,11
EH-13765,CA-2016-158155,"2016-05-02 00:00:00",13.08,12
EH-13765,CA-2016-158155,"2016-05-02 00:00:00",214.7,13
EH-13765,CA-2016-155565,"2016-05-28 00:00:00",54.9,14
EH-13765,US-2016-119046,"2016-06-02 00:00:00",30.18,15
EH-13765,US-2016-119046,"2016-06-02 00:00:00",11.232,16
EH-13765,US-2016-119046,"2016-06-02 00:00:00",51.648,17
EH-13765,CA-2016-100944,"2016-09-24 00:00:00",304.9,18
EH-13765,CA-2016-100944,"2016-09-24 00:00:00",563.24,19
EH-13765,CA-2016-153836,"2016-10-30 00:00:00",114.95,20
EH-13765,CA-2016-153836,"2016-10-30 00:00:00",28.752,21
EH-13765,CA-2016-135776,"2016-12-23 00:00:00",37.94,22
EH-13765,CA-2016-135776,"2016-12-23 00:00:00",4.2,23
EH-13765,CA-2016-135776,"2016-12-23 00:00:00",227.28,24
EH-13765,CA-2016-135776,"2016-12-23 00:00:00",1117.92,25
EH-13765,CA-2016-135776,"2016-12-23 00:00:00",61.96,26
EH-13765,CA-2016-135776,"2016-12-23 00:00:00",47.9,27
EH-13765,CA-2016-135776,"2016-12-23 00:00:00",8.82,28
EH-13765,CA-2017-152499,"2017-01-22 00:00:00",7.872,29
EH-13765,CA-2017-152499,"2017-01-22 00:00:00",15.12,30
EH-13765,US-2017-111423,"2017-08-17 00:00:00",462.564,31
EH-13765,US-2017-111423,"2017-08-17 00:00:00",895.92,32
EH-13945,CA-2014-107594,"2014-07-02 00:00:00",5.58,1
EH-13945,CA-2014-107594,"2014-07-02 00:00:00",73.98,2
EH-13945,CA-2015-149384,"2015-07-10 00:00:00",3.366,3
EH-13945,CA-2015-114048,"2015-12-14 00:00:00",29.22,4
EH-13945,CA-2016-121755,"2016-01-16 00:00:00",11.648,5
EH-13945,CA-2016-121755,"2016-01-16 00:00:00",90.57,6
EH-13945,US-2016-110156,"2016-11-19 00:00:00",71.96,7
EH-13945,US-2016-110156,"2016-11-19 00:00:00",58.368,8
EH-13945,US-2016-110156,"2016-11-19 00:00:00",10.78,9
EH-13945,US-2016-110156,"2016-11-19 00:00:00",10.368,10
EH-13945,US-2016-110156,"2016-11-19 00:00:00",2.328,11
EH-13945,US-2016-110156,"2016-11-19 00:00:00",1.192,12
EH-13945,US-2016-110156,"2016-11-19 00:00:00",100.704,13
EH-13945,US-2016-110156,"2016-11-19 00:00:00",40.968,14
EH-13945,US-2016-158288,"2016-11-26 00:00:00",78.759,15
EH-13945,CA-2017-153080,"2017-05-22 00:00:00",68.46,16
EH-13945,CA-2017-160458,"2017-05-27 00:00:00",25.92,17
EH-13990,CA-2014-103366,"2014-01-15 00:00:00",149.95,1
EH-13990,CA-2014-138513,"2014-05-23 00:00:00",12.96,2
EH-13990,CA-2014-102295,"2014-11-24 00:00:00",120.712,3
EH-13990,CA-2015-156510,"2015-09-25 00:00:00",6.7,4
EH-13990,CA-2015-156510,"2015-09-25 00:00:00",45.68,5
EH-13990,CA-2015-156510,"2015-09-25 00:00:00",10.76,6
EH-13990,CA-2016-124100,"2016-03-31 00:00:00",327.996,7
EH-13990,CA-2016-107790,"2016-11-20 00:00:00",151.192,8
EH-14005,CA-2014-140165,"2014-05-13 00:00:00",398.352,1
EH-14005,CA-2014-140165,"2014-05-13 00:00:00",7.104,2
EH-14005,CA-2014-154592,"2014-12-07 00:00:00",164.88,3
EH-14005,CA-2016-152814,"2016-04-28 00:00:00",29.472,4
EH-14005,CA-2017-133095,"2017-06-04 00:00:00",108.08,5
EH-14005,CA-2017-133095,"2017-06-04 00:00:00",9.54,6
EH-14005,CA-2017-167381,"2017-09-22 00:00:00",241.96,7
EH-14005,CA-2017-167381,"2017-09-22 00:00:00",27.72,8
EH-14005,CA-2017-144862,"2017-12-01 00:00:00",104.68,9
EH-14005,CA-2017-144862,"2017-12-01 00:00:00",62.958,10
EH-14005,CA-2017-127516,"2017-12-28 00:00:00",64.784,11
EH-14125,CA-2014-100867,"2014-10-19 00:00:00",321.552,1
EH-14125,CA-2015-134201,"2015-04-10 00:00:00",14.67,2
EH-14125,CA-2015-134201,"2015-04-10 00:00:00",142.04,3
EH-14125,US-2015-154389,"2015-11-27 00:00:00",748.752,4
EH-14125,CA-2016-104969,"2016-04-08 00:00:00",8.872,5
EH-14125,CA-2016-104969,"2016-04-08 00:00:00",121.104,6
EH-14125,CA-2016-146010,"2016-05-20 00:00:00",40.635,7
EH-14125,CA-2016-136126,"2016-05-24 00:00:00",69.5,8
EH-14125,CA-2016-136126,"2016-05-24 00:00:00",191.6,9
EH-14125,US-2016-156097,"2016-09-19 00:00:00",701.372,10
EH-14125,US-2016-156097,"2016-09-19 00:00:00",2.308,11
EH-14125,CA-2017-112725,"2017-01-30 00:00:00",12.74,12
EH-14125,CA-2017-112725,"2017-01-30 00:00:00",8.82,13
EH-14125,CA-2017-112725,"2017-01-30 00:00:00",120.784,14
EH-14125,CA-2017-124744,"2017-06-21 00:00:00",82.4,15
EH-14125,CA-2017-124744,"2017-06-21 00:00:00",447.84,16
EH-14125,CA-2017-124744,"2017-06-21 00:00:00",6.24,17
EH-14125,CA-2017-125752,"2017-07-31 00:00:00",41.424,18
EH-14185,CA-2014-143840,"2014-05-22 00:00:00",135.98,1
EH-14185,CA-2014-143840,"2014-05-22 00:00:00",44.95,2
EH-14185,CA-2014-139542,"2014-10-25 00:00:00",40.776,3
EH-14185,CA-2014-139542,"2014-10-25 00:00:00",13.698,4
EH-14185,CA-2014-105340,"2014-11-22 00:00:00",6.928,5
EH-14185,CA-2016-167115,"2016-04-04 00:00:00",588.784,6
EH-14185,CA-2016-160486,"2016-12-30 00:00:00",72.224,7
EH-14185,CA-2017-112984,"2017-09-16 00:00:00",20.544,8
EJ-13720,US-2014-117163,"2014-01-27 00:00:00",36.44,1
EJ-13720,US-2014-117163,"2014-01-27 00:00:00",57.23,2
EJ-13720,US-2014-117163,"2014-01-27 00:00:00",333,3
EJ-13720,CA-2014-108273,"2014-12-16 00:00:00",36.288,4
EJ-13720,CA-2014-108273,"2014-12-16 00:00:00",56.568,5
EJ-13720,CA-2015-169656,"2015-08-13 00:00:00",422.856,6
EJ-13720,CA-2017-123085,"2017-03-03 00:00:00",170.352,7
EJ-13720,CA-2017-123085,"2017-03-03 00:00:00",1049.44,8
EJ-14155,CA-2014-105648,"2014-03-03 00:00:00",626.352,1
EJ-14155,CA-2016-142594,"2016-12-01 00:00:00",111.15,2
EJ-14155,CA-2016-142594,"2016-12-01 00:00:00",137.94,3
EJ-14155,CA-2016-142594,"2016-12-01 00:00:00",366.009,4
EJ-14155,CA-2016-142594,"2016-12-01 00:00:00",901.95,5
EJ-14155,CA-2017-133641,"2017-05-14 00:00:00",48.69,6
EJ-14155,CA-2017-147410,"2017-09-04 00:00:00",421.1,7
EJ-14155,US-2017-110989,"2017-11-03 00:00:00",43.5,8
EK-13795,CA-2014-111871,"2014-03-18 00:00:00",1198.33,1
EK-13795,CA-2015-154340,"2015-11-29 00:00:00",56.3,2
EK-13795,CA-2015-109113,"2015-12-19 00:00:00",25.488,3
EK-13795,CA-2017-108091,"2017-11-16 00:00:00",23.36,4
EL-13735,CA-2016-113061,"2016-04-22 00:00:00",86.62,1
EL-13735,CA-2017-150707,"2017-10-14 00:00:00",37.66,2
EM-13810,CA-2015-142041,"2015-06-07 00:00:00",7.52,1
EM-13810,CA-2015-113404,"2015-07-16 00:00:00",1348.704,2
EM-13810,CA-2015-113404,"2015-07-16 00:00:00",700.152,3
EM-13810,CA-2015-139584,"2015-08-24 00:00:00",26,4
EM-13810,CA-2015-139584,"2015-08-24 00:00:00",284.364,5
EM-13810,CA-2016-158358,"2016-03-04 00:00:00",159.98,6
EM-13810,CA-2017-137344,"2017-08-20 00:00:00",40.29,7
EM-13825,CA-2014-103807,"2014-12-02 00:00:00",5.95,1
EM-13825,CA-2014-103807,"2014-12-02 00:00:00",15.24,2
EM-13825,CA-2015-109603,"2015-01-26 00:00:00",182.72,3
EM-13825,CA-2015-149748,"2015-05-31 00:00:00",8.28,4
EM-13825,CA-2015-149748,"2015-05-31 00:00:00",62.18,5
EM-13825,CA-2015-149748,"2015-05-31 00:00:00",274.8,6
EM-13825,CA-2016-116764,"2016-08-27 00:00:00",9.216,7
EM-13825,CA-2016-136595,"2016-09-05 00:00:00",21.204,8
EM-13825,US-2017-128398,"2017-05-02 00:00:00",159.56,9
EM-13825,CA-2017-122035,"2017-07-20 00:00:00",14.62,10
EM-13825,CA-2017-122035,"2017-07-20 00:00:00",416.32,11
EM-13825,CA-2017-122035,"2017-07-20 00:00:00",43,12
EM-13825,CA-2017-122035,"2017-07-20 00:00:00",182.94,13
EM-13825,CA-2017-122035,"2017-07-20 00:00:00",389.97,14
EM-13825,CA-2017-122035,"2017-07-20 00:00:00",60.83,15
EM-13825,CA-2017-114258,"2017-11-05 00:00:00",492.768,16
EM-13960,CA-2015-148873,"2015-10-01 00:00:00",2.992,1
EM-13960,CA-2015-148873,"2015-10-01 00:00:00",108.768,2
EM-13960,CA-2015-156566,"2015-10-01 00:00:00",572.8,3
EM-13960,CA-2015-129042,"2015-12-12 00:00:00",8.22,4
EM-13960,CA-2015-119697,"2015-12-28 00:00:00",54.384,5
EM-13960,CA-2017-168942,"2017-08-01 00:00:00",186.54,6
EM-14065,CA-2014-127691,"2014-07-22 00:00:00",5.96,1
EM-14065,CA-2014-127691,"2014-07-22 00:00:00",159.98,2
EM-14065,CA-2016-155670,"2016-08-13 00:00:00",10.272,3
EM-14065,CA-2016-155670,"2016-08-13 00:00:00",11.232,4
EM-14065,CA-2017-149720,"2017-06-04 00:00:00",30.336,5
EM-14065,CA-2017-133620,"2017-11-13 00:00:00",11.21,6
EM-14095,CA-2015-163237,"2015-08-07 00:00:00",25.06,1
EM-14095,CA-2015-163237,"2015-08-07 00:00:00",494.97,2
EM-14095,US-2015-159499,"2015-11-21 00:00:00",16.52,3
EM-14095,US-2015-159499,"2015-11-21 00:00:00",23.344,4
EM-14095,US-2015-159499,"2015-11-21 00:00:00",325.632,5
EM-14095,CA-2016-161669,"2016-11-07 00:00:00",37.44,6
EM-14095,CA-2016-161669,"2016-11-07 00:00:00",26.976,7
EM-14095,CA-2016-161669,"2016-11-07 00:00:00",11.36,8
EM-14095,CA-2016-161669,"2016-11-07 00:00:00",14.62,9
EM-14095,CA-2017-132437,"2017-09-08 00:00:00",65.12,10
EM-14140,CA-2014-168158,"2014-07-19 00:00:00",6.096,1
EM-14140,CA-2015-146255,"2015-03-07 00:00:00",69.28,2
EM-14140,CA-2015-146255,"2015-03-07 00:00:00",587.97,3
EM-14140,CA-2015-146255,"2015-03-07 00:00:00",119.85,4
EM-14140,CA-2015-146255,"2015-03-07 00:00:00",30.44,5
EM-14140,CA-2016-152730,"2016-05-30 00:00:00",49.76,6
EM-14140,CA-2016-152730,"2016-05-30 00:00:00",5.56,7
EM-14140,CA-2016-152730,"2016-05-30 00:00:00",629.1,8
EM-14140,CA-2016-152730,"2016-05-30 00:00:00",14.7,9
EM-14140,CA-2016-152730,"2016-05-30 00:00:00",45.36,10
EM-14140,CA-2016-152730,"2016-05-30 00:00:00",125.99,11
EM-14140,CA-2016-152730,"2016-05-30 00:00:00",364.74,12
EM-14140,CA-2016-152730,"2016-05-30 00:00:00",47.4,13
EM-14140,CA-2016-139997,"2016-07-01 00:00:00",1499.95,14
EM-14140,US-2016-131058,"2016-12-27 00:00:00",20.16,15
EM-14140,CA-2017-134915,"2017-11-12 00:00:00",23.12,16
EM-14140,CA-2017-134915,"2017-11-12 00:00:00",113.568,17
EM-14140,CA-2017-134915,"2017-11-12 00:00:00",7.92,18
EM-14140,CA-2017-134915,"2017-11-12 00:00:00",671.984,19
EM-14140,CA-2017-134915,"2017-11-12 00:00:00",113.888,20
EM-14140,CA-2017-134915,"2017-11-12 00:00:00",41.6,21
EM-14200,CA-2015-141754,"2015-12-20 00:00:00",11.696,1
EM-14200,CA-2017-162033,"2017-03-26 00:00:00",53.25,2
EM-14200,CA-2017-162033,"2017-03-26 00:00:00",3.76,3
EM-14200,CA-2017-167549,"2017-07-25 00:00:00",298.116,4
EN-13780,CA-2015-103177,"2015-05-30 00:00:00",128.85,1
EN-13780,CA-2015-103177,"2015-05-30 00:00:00",160.32,2
EN-13780,CA-2015-103177,"2015-05-30 00:00:00",239.97,3
EN-13780,CA-2016-165848,"2016-06-04 00:00:00",61.12,4
EN-13780,CA-2016-165848,"2016-06-04 00:00:00",136.784,5
EN-13780,CA-2016-165848,"2016-06-04 00:00:00",14.94,6
EN-13780,CA-2016-165848,"2016-06-04 00:00:00",1349.85,7
EN-13780,CA-2016-126284,"2016-09-20 00:00:00",83.7,8
EN-13780,CA-2017-160087,"2017-03-18 00:00:00",23.832,9
EP-13915,CA-2014-134278,"2014-07-06 00:00:00",559.992,1
EP-13915,CA-2015-163587,"2015-03-14 00:00:00",16.52,2
EP-13915,CA-2015-163587,"2015-03-14 00:00:00",671.94,3
EP-13915,CA-2015-123330,"2015-06-21 00:00:00",107.976,4
EP-13915,CA-2016-113390,"2016-10-11 00:00:00",27.72,5
EP-13915,CA-2016-113390,"2016-10-11 00:00:00",5.344,6
EP-13915,US-2016-159856,"2016-10-18 00:00:00",307.92,7
EP-13915,CA-2016-140641,"2016-10-28 00:00:00",38.19,8
EP-13915,US-2016-131611,"2016-11-05 00:00:00",863.128,9
EP-13915,US-2016-131611,"2016-11-05 00:00:00",956.6648,10
EP-13915,US-2016-131611,"2016-11-05 00:00:00",3.564,11
EP-13915,US-2016-131611,"2016-11-05 00:00:00",12.588,12
EP-13915,US-2016-131611,"2016-11-05 00:00:00",171.96,13
EP-13915,US-2016-119298,"2016-11-25 00:00:00",59.98,14
EP-13915,US-2017-165953,"2016-12-31 00:00:00",47.616,15
EP-13915,US-2017-165953,"2016-12-31 00:00:00",23.48,16
EP-13915,CA-2017-111815,"2017-03-03 00:00:00",99.98,17
EP-13915,CA-2017-111815,"2017-03-03 00:00:00",180.98,18
EP-13915,US-2017-122637,"2017-09-03 00:00:00",42.616,19
EP-13915,CA-2017-149888,"2017-11-07 00:00:00",359.97,20
EP-13915,CA-2017-149888,"2017-11-07 00:00:00",350.352,21
EP-13915,CA-2017-157483,"2017-11-11 00:00:00",181.86,22
EP-13915,US-2017-125808,"2017-11-12 00:00:00",11.56,23
EP-13915,CA-2017-131303,"2017-11-28 00:00:00",62.65,24
EP-13915,CA-2017-122770,"2017-12-13 00:00:00",38.88,25
EP-13915,CA-2017-122770,"2017-12-13 00:00:00",201.04,26
EP-13915,CA-2017-122770,"2017-12-13 00:00:00",12.96,27
EP-13915,CA-2017-122770,"2017-12-13 00:00:00",8.64,28
EP-13915,CA-2017-102099,"2017-12-18 00:00:00",12.96,29
EP-13915,CA-2017-102099,"2017-12-18 00:00:00",32.4,30
EP-13915,CA-2017-102099,"2017-12-18 00:00:00",6.63,31
ER-13855,CA-2015-127019,"2015-12-21 00:00:00",60.984,1
ER-13855,CA-2016-149223,"2016-09-06 00:00:00",77.88,2
ER-13855,CA-2016-162236,"2016-11-04 00:00:00",45.248,3
ER-13855,CA-2016-162236,"2016-11-04 00:00:00",876.3,4
ER-13855,CA-2016-162236,"2016-11-04 00:00:00",185.376,5
ES-14020,CA-2014-156433,"2014-09-20 00:00:00",21.72,1
ES-14020,CA-2014-156433,"2014-09-20 00:00:00",9.96,2
ES-14020,CA-2015-142433,"2015-04-20 00:00:00",117.456,3
ES-14020,CA-2016-127775,"2016-06-11 00:00:00",239.97,4
ES-14020,US-2017-163300,"2017-09-15 00:00:00",369.544,5
ES-14020,US-2017-163300,"2017-09-15 00:00:00",184.752,6
ES-14020,US-2017-163300,"2017-09-15 00:00:00",2357.488,7
ES-14020,CA-2017-103499,"2017-11-20 00:00:00",209.568,8
ES-14080,CA-2014-108189,"2014-10-02 00:00:00",9.408,1
ES-14080,CA-2014-108189,"2014-10-02 00:00:00",4.672,2
ES-14080,CA-2014-108189,"2014-10-02 00:00:00",318.4,3
ES-14080,CA-2014-108189,"2014-10-02 00:00:00",12.768,4
ES-14080,CA-2014-108189,"2014-10-02 00:00:00",15.36,5
ES-14080,CA-2014-108189,"2014-10-02 00:00:00",7.16,6
ES-14080,CA-2014-108189,"2014-10-02 00:00:00",230.376,7
ES-14080,CA-2015-104129,"2015-02-27 00:00:00",105.98,8
ES-14080,CA-2015-104129,"2015-02-27 00:00:00",493.92,9
ES-14080,CA-2016-154998,"2016-04-07 00:00:00",37.94,10
ES-14080,CA-2016-136924,"2016-07-14 00:00:00",380.864,11
ES-14080,CA-2016-108056,"2016-09-29 00:00:00",859.2,12
ES-14080,CA-2016-134936,"2016-12-19 00:00:00",5.214,13
ES-14080,CA-2016-134936,"2016-12-19 00:00:00",10.44,14
ES-14080,CA-2016-134936,"2016-12-19 00:00:00",455.97,15
ES-14080,CA-2017-127397,"2017-02-24 00:00:00",1319.8,16
ES-14080,CA-2017-127397,"2017-02-24 00:00:00",123.92,17
ES-14080,CA-2017-139619,"2017-09-19 00:00:00",95.616,18
ES-14080,CA-2017-157469,"2017-12-02 00:00:00",19.728,19
ES-14080,CA-2017-157469,"2017-12-02 00:00:00",151.188,20
FA-14230,CA-2014-156601,"2014-09-19 00:00:00",7.16,1
FA-14230,CA-2015-135391,"2015-02-09 00:00:00",40.784,2
FA-14230,CA-2015-135391,"2015-02-09 00:00:00",40.096,3
FA-14230,CA-2015-140718,"2015-07-02 00:00:00",74.24,4
FA-14230,CA-2015-140718,"2015-07-02 00:00:00",2.892,5
FA-14230,CA-2015-140718,"2015-07-02 00:00:00",9.392,6
FA-14230,CA-2015-140718,"2015-07-02 00:00:00",159.84,7
FA-14230,CA-2015-108672,"2015-09-10 00:00:00",106.68,8
FA-14230,US-2015-131359,"2015-10-30 00:00:00",59.994,9
FA-14230,US-2015-131359,"2015-10-30 00:00:00",15.488,10
FA-14230,US-2015-131359,"2015-10-30 00:00:00",87.96,11
FA-14230,US-2015-131359,"2015-10-30 00:00:00",439.992,12
FA-14230,CA-2016-113845,"2016-11-20 00:00:00",289.568,13
FA-14230,CA-2016-113845,"2016-11-20 00:00:00",39.72,14
FA-14230,CA-2016-113845,"2016-11-20 00:00:00",244.768,15
FA-14230,CA-2017-122364,"2017-09-24 00:00:00",859.2,16
FA-14230,CA-2017-122364,"2017-09-24 00:00:00",506.28,17
FC-14245,CA-2015-104059,"2015-06-13 00:00:00",3.424,1
FC-14245,CA-2015-149517,"2015-09-19 00:00:00",60.84,2
FC-14245,CA-2015-115693,"2015-12-10 00:00:00",56.3,3
FC-14245,CA-2016-147256,"2016-10-17 00:00:00",449.97,4
FC-14245,CA-2016-147256,"2016-10-17 00:00:00",1927.59,5
FC-14245,CA-2017-167640,"2017-03-06 00:00:00",23.88,6
FC-14245,CA-2017-167640,"2017-03-06 00:00:00",286.93,7
FC-14245,CA-2017-167640,"2017-03-06 00:00:00",206.384,8
FC-14245,CA-2017-167640,"2017-03-06 00:00:00",11.52,9
FC-14245,CA-2017-144456,"2017-09-08 00:00:00",158.376,10
FC-14245,CA-2017-144456,"2017-09-08 00:00:00",61.68,11
FC-14245,CA-2017-117422,"2017-10-21 00:00:00",4.064,12
FC-14245,CA-2017-117422,"2017-10-21 00:00:00",6.216,13
FC-14245,CA-2017-117422,"2017-10-21 00:00:00",161.568,14
FC-14335,US-2014-134054,"2014-10-10 00:00:00",255.85,1
FC-14335,CA-2015-107741,"2015-03-08 00:00:00",3.408,2
FC-14335,CA-2015-121405,"2015-03-30 00:00:00",23.52,3
FC-14335,CA-2015-121405,"2015-03-30 00:00:00",180.96,4
FC-14335,CA-2015-138492,"2015-05-15 00:00:00",51.968,5
FC-14335,CA-2016-138968,"2016-03-15 00:00:00",1352.032,6
FC-14335,CA-2016-138968,"2016-03-15 00:00:00",4.544,7
FC-14335,CA-2017-107517,"2017-02-05 00:00:00",371.2,8
FC-14335,CA-2017-107517,"2017-02-05 00:00:00",1640.7,9
FC-14335,US-2017-126081,"2017-06-29 00:00:00",5.184,10
FG-14260,CA-2014-152443,"2014-05-21 00:00:00",245.88,1
FG-14260,CA-2014-152443,"2014-05-21 00:00:00",17.94,2
FG-14260,CA-2014-152443,"2014-05-21 00:00:00",447.86,3
FG-14260,CA-2014-101833,"2014-11-17 00:00:00",34.44,4
FG-14260,CA-2017-127460,"2017-07-10 00:00:00",298.464,5
FG-14260,CA-2017-160801,"2017-09-19 00:00:00",4.842,6
FG-14260,CA-2017-101308,"2017-10-02 00:00:00",84.784,7
FG-14260,CA-2017-101308,"2017-10-02 00:00:00",8.94,8
FG-14260,CA-2017-106033,"2017-10-15 00:00:00",87.92,9
FG-14260,CA-2017-155607,"2017-11-26 00:00:00",93.344,10
FG-14260,CA-2017-155607,"2017-11-26 00:00:00",58.73,11
FH-14275,CA-2014-153808,"2014-04-06 00:00:00",65.568,1
FH-14275,CA-2014-153808,"2014-04-06 00:00:00",299.97,2
FH-14275,CA-2014-153808,"2014-04-06 00:00:00",70.95,3
FH-14275,CA-2014-100916,"2014-10-21 00:00:00",2.84,4
FH-14275,CA-2014-100916,"2014-10-21 00:00:00",194.7,5
FH-14275,CA-2014-100916,"2014-10-21 00:00:00",591.32,6
FH-14275,CA-2016-168557,"2016-09-19 00:00:00",8.928,7
FH-14275,CA-2016-152170,"2016-11-12 00:00:00",287.52,8
FH-14275,CA-2016-152170,"2016-11-12 00:00:00",37.68,9
FH-14275,CA-2016-152170,"2016-11-12 00:00:00",17.38,10
FH-14275,CA-2016-152170,"2016-11-12 00:00:00",19.98,11
FH-14275,CA-2016-152170,"2016-11-12 00:00:00",20.58,12
FH-14275,CA-2017-162474,"2017-03-13 00:00:00",7.992,13
FH-14275,CA-2017-104318,"2017-05-13 00:00:00",20.768,14
FH-14275,CA-2017-121503,"2017-07-03 00:00:00",273.896,15
FH-14275,CA-2017-121503,"2017-07-03 00:00:00",597.132,16
FH-14275,CA-2017-128370,"2017-09-10 00:00:00",362.352,17
FH-14275,CA-2017-128370,"2017-09-10 00:00:00",7.184,18
FH-14275,CA-2017-104640,"2017-11-10 00:00:00",430.88,19
FH-14275,CA-2017-104640,"2017-11-10 00:00:00",931.176,20
FH-14275,CA-2017-107832,"2017-11-23 00:00:00",7.476,21
FH-14350,CA-2015-165624,"2015-08-23 00:00:00",21.4,1
FH-14350,CA-2015-165624,"2015-08-23 00:00:00",25.86,2
FH-14350,CA-2015-165624,"2015-08-23 00:00:00",251.91,3
FH-14350,CA-2015-165624,"2015-08-23 00:00:00",97.88,4
FH-14350,CA-2015-165624,"2015-08-23 00:00:00",542.94,5
FH-14350,CA-2015-165624,"2015-08-23 00:00:00",8.64,6
FH-14350,CA-2015-165624,"2015-08-23 00:00:00",193.8,7
FH-14350,CA-2015-148859,"2015-12-28 00:00:00",24.816,8
FH-14350,CA-2017-104801,"2017-02-13 00:00:00",107.53,9
FH-14350,CA-2017-104801,"2017-02-13 00:00:00",6.63,10
FH-14350,CA-2017-104801,"2017-02-13 00:00:00",799.96,11
FH-14350,CA-2017-106831,"2017-06-01 00:00:00",27.744,12
FH-14350,CA-2017-106831,"2017-06-01 00:00:00",3.798,13
FH-14350,CA-2017-106831,"2017-06-01 00:00:00",158.376,14
FH-14365,CA-2014-169684,"2014-10-20 00:00:00",98.352,1
FH-14365,CA-2014-169684,"2014-10-20 00:00:00",328.59,2
FH-14365,CA-2015-111829,"2015-03-19 00:00:00",209.7,3
FH-14365,CA-2015-111829,"2015-03-19 00:00:00",3149.93,4
FH-14365,CA-2015-111829,"2015-03-19 00:00:00",1247.64,5
FH-14365,CA-2015-162047,"2015-11-03 00:00:00",1448.82,6
FH-14365,CA-2016-104689,"2016-12-01 00:00:00",23.04,7
FH-14365,US-2017-124303,"2017-07-06 00:00:00",2.946,8
FH-14365,US-2017-124303,"2017-07-06 00:00:00",16.056,9
FH-14365,CA-2017-109750,"2017-07-22 00:00:00",29.97,10
FH-14365,CA-2017-126676,"2017-09-29 00:00:00",7.98,11
FH-14365,CA-2017-121398,"2017-12-25 00:00:00",153.552,12
FH-14365,CA-2017-121398,"2017-12-25 00:00:00",270.62,13
FM-14215,CA-2014-114790,"2014-03-11 00:00:00",587.97,1
FM-14215,CA-2014-114790,"2014-03-11 00:00:00",14.94,2
FM-14215,CA-2014-114790,"2014-03-11 00:00:00",32.96,3
FM-14215,CA-2014-114790,"2014-03-11 00:00:00",146.76,4
FM-14215,CA-2014-114643,"2014-06-13 00:00:00",14.52,5
FM-14215,CA-2016-124814,"2016-04-10 00:00:00",23.2,6
FM-14215,CA-2016-124814,"2016-04-10 00:00:00",12.96,7
FM-14215,US-2016-101196,"2016-05-12 00:00:00",82.368,8
FM-14215,CA-2016-104983,"2016-07-03 00:00:00",123.92,9
FM-14215,CA-2016-132143,"2016-09-03 00:00:00",48.16,10
FM-14215,CA-2016-134516,"2016-09-20 00:00:00",17.088,11
FM-14215,CA-2016-134516,"2016-09-20 00:00:00",98.392,12
FM-14215,CA-2017-143651,"2017-03-25 00:00:00",23.1,13
FM-14215,US-2017-164056,"2017-04-29 00:00:00",1048.35,14
FM-14215,CA-2017-127929,"2017-12-23 00:00:00",181.95,15
FM-14290,CA-2014-123260,"2014-08-26 00:00:00",176.8,1
FM-14290,CA-2015-130554,"2015-04-07 00:00:00",11.736,2
FM-14290,CA-2016-103163,"2016-06-07 00:00:00",4.784,3
FM-14290,CA-2016-103163,"2016-06-07 00:00:00",4.73,4
FM-14290,CA-2016-155488,"2016-11-13 00:00:00",44.02,5
FM-14290,CA-2016-114867,"2016-12-23 00:00:00",7.968,6
FM-14290,CA-2016-114867,"2016-12-23 00:00:00",1499.97,7
FM-14290,US-2017-129777,"2017-07-03 00:00:00",24.56,8
FM-14290,US-2017-129777,"2017-07-03 00:00:00",258.9,9
FM-14290,CA-2017-121160,"2017-11-04 00:00:00",52.752,10
FM-14290,CA-2017-121160,"2017-11-04 00:00:00",7.536,11
FM-14290,CA-2017-121160,"2017-11-04 00:00:00",1.408,12
FM-14290,CA-2017-121160,"2017-11-04 00:00:00",4.144,13
FM-14290,US-2017-153948,"2017-11-06 00:00:00",59.94,14
FM-14290,US-2017-153948,"2017-11-06 00:00:00",45.36,15
FM-14290,US-2017-153948,"2017-11-06 00:00:00",16.95,16
FM-14290,US-2017-153948,"2017-11-06 00:00:00",41.4,17
FM-14290,US-2017-153948,"2017-11-06 00:00:00",26.4,18
FM-14290,CA-2017-146535,"2017-11-24 00:00:00",2.88,19
FM-14290,CA-2017-146535,"2017-11-24 00:00:00",1443.96,20
FM-14380,CA-2015-112711,"2015-07-12 00:00:00",307.168,1
FM-14380,CA-2015-124499,"2015-10-09 00:00:00",389.97,2
FM-14380,CA-2015-124499,"2015-10-09 00:00:00",269.91,3
FM-14380,CA-2015-136147,"2015-11-13 00:00:00",111.96,4
FM-14380,CA-2015-136147,"2015-11-13 00:00:00",121.104,5
FM-14380,CA-2016-146150,"2016-02-14 00:00:00",264.18,6
FM-14380,CA-2016-145842,"2016-06-17 00:00:00",40.74,7
FM-14380,CA-2016-141082,"2016-12-09 00:00:00",3.69,8
FM-14380,CA-2016-141082,"2016-12-09 00:00:00",122.12,9
FM-14380,US-2016-135720,"2016-12-11 00:00:00",300.768,10
FM-14380,US-2016-135720,"2016-12-11 00:00:00",119.8,11
FM-14380,US-2016-135720,"2016-12-11 00:00:00",243.384,12
FM-14380,CA-2017-134796,"2017-06-25 00:00:00",148.48,13
FM-14380,CA-2017-163321,"2017-08-07 00:00:00",79.992,14
FO-14305,CA-2014-132612,"2014-06-09 00:00:00",1441.3,1
FO-14305,CA-2015-103093,"2015-02-03 00:00:00",74.52,2
FO-14305,CA-2015-132136,"2015-03-08 00:00:00",8.568,3
FO-14305,US-2015-115343,"2015-09-22 00:00:00",617.976,4
FO-14305,US-2015-115343,"2015-09-22 00:00:00",55.6,5
FO-14305,US-2016-142251,"2016-10-31 00:00:00",32.064,6
FO-14305,CA-2016-112578,"2016-12-29 00:00:00",27.96,7
FO-14305,CA-2016-112578,"2016-12-29 00:00:00",14.03,8
FO-14305,US-2017-107979,"2017-06-08 00:00:00",35.168,9
FO-14305,US-2017-107979,"2017-06-08 00:00:00",89.544,10
FO-14305,US-2017-107979,"2017-06-08 00:00:00",72.588,11
FO-14305,CA-2017-141992,"2017-06-19 00:00:00",153.584,12
FO-14305,CA-2017-141992,"2017-06-19 00:00:00",11.184,13
FO-14305,CA-2017-106943,"2017-11-14 00:00:00",8.64,14
FO-14305,CA-2017-144036,"2017-11-22 00:00:00",35.712,15
FP-14320,CA-2014-138737,"2014-12-07 00:00:00",8.64,1
FP-14320,CA-2014-138128,"2014-12-09 00:00:00",30.672,2
FP-14320,CA-2014-138128,"2014-12-09 00:00:00",1079.976,3
FP-14320,US-2015-168704,"2015-04-13 00:00:00",211.372,4
FP-14320,US-2015-168704,"2015-04-13 00:00:00",239.976,5
FP-14320,US-2015-168704,"2015-04-13 00:00:00",609.98,6
FP-14320,CA-2016-125850,"2016-01-22 00:00:00",20.65,7
FP-14320,CA-2016-125850,"2016-01-22 00:00:00",44.4,8
FP-14320,CA-2016-111213,"2016-04-01 00:00:00",1317.492,9
FP-14320,CA-2016-111213,"2016-04-01 00:00:00",63.84,10
FP-14320,CA-2016-111213,"2016-04-01 00:00:00",3.592,11
FP-14320,US-2016-153129,"2016-12-26 00:00:00",33.9,12
FP-14320,CA-2017-113572,"2017-11-07 00:00:00",7.88,13
FP-14320,CA-2017-137099,"2017-12-07 00:00:00",374.376,14
FW-14395,CA-2015-121552,"2015-03-22 00:00:00",19.56,1
FW-14395,CA-2016-139409,"2016-09-05 00:00:00",43.6,2
FW-14395,CA-2017-118668,"2017-01-02 00:00:00",16.59,3
GA-14515,CA-2014-133963,"2014-05-18 00:00:00",3.984,1
GA-14515,CA-2014-120950,"2014-11-06 00:00:00",43.68,2
GA-14515,CA-2015-155306,"2015-04-17 00:00:00",323.37,3
GA-14515,CA-2015-155306,"2015-04-17 00:00:00",5.56,4
GA-14515,CA-2015-155306,"2015-04-17 00:00:00",11.96,5
GA-14515,CA-2015-155306,"2015-04-17 00:00:00",783.96,6
GA-14515,CA-2015-155306,"2015-04-17 00:00:00",1447.65,7
GA-14515,CA-2016-132731,"2016-11-24 00:00:00",657.552,8
GA-14515,CA-2016-106915,"2016-11-26 00:00:00",17.856,9
GA-14515,CA-2017-138870,"2017-06-19 00:00:00",50.32,10
GA-14515,CA-2017-138870,"2017-06-19 00:00:00",24.56,11
GA-14515,CA-2017-136350,"2017-06-24 00:00:00",172.764,12
GA-14515,CA-2017-136350,"2017-06-24 00:00:00",276.69,13
GA-14515,US-2017-143175,"2017-08-03 00:00:00",99.87,14
GA-14725,CA-2014-168368,"2014-02-11 00:00:00",64.96,1
GA-14725,CA-2014-168368,"2014-02-11 00:00:00",9.64,2
GA-14725,CA-2014-168368,"2014-02-11 00:00:00",51.9,3
GA-14725,CA-2014-168368,"2014-02-11 00:00:00",332.94,4
GA-14725,CA-2014-168368,"2014-02-11 00:00:00",14.94,5
GA-14725,CA-2014-168368,"2014-02-11 00:00:00",60.89,6
GA-14725,CA-2014-131247,"2014-03-30 00:00:00",205.666,7
GA-14725,CA-2014-138072,"2014-12-30 00:00:00",27.968,8
GA-14725,CA-2015-149993,"2015-03-19 00:00:00",10.9,9
GA-14725,US-2015-126235,"2015-10-15 00:00:00",17.14,10
GA-14725,US-2015-110163,"2015-11-01 00:00:00",7.88,11
GA-14725,CA-2017-107503,"2017-01-01 00:00:00",48.896,12
GA-14725,CA-2017-152786,"2017-03-12 00:00:00",40.41,13
GA-14725,CA-2017-114636,"2017-08-25 00:00:00",192.16,14
GA-14725,CA-2017-110842,"2017-11-11 00:00:00",121.6,15
GA-14725,CA-2017-110842,"2017-11-11 00:00:00",10.89,16
GA-14725,CA-2017-110842,"2017-11-11 00:00:00",19.44,17
GA-14725,CA-2017-134194,"2017-12-25 00:00:00",39.582,18
GA-14725,CA-2017-134194,"2017-12-25 00:00:00",44.688,19
GA-14725,CA-2017-134194,"2017-12-25 00:00:00",31.744,20
GA-14725,CA-2017-134194,"2017-12-25 00:00:00",40.98,21
GA-14725,CA-2017-134194,"2017-12-25 00:00:00",3.168,22
GB-14530,CA-2014-140228,"2014-04-28 00:00:00",27.096,1
GB-14530,CA-2014-140228,"2014-04-28 00:00:00",177.568,2
GB-14530,CA-2014-140228,"2014-04-28 00:00:00",6.912,3
GB-14530,CA-2015-126186,"2015-09-11 00:00:00",24.64,4
GB-14530,CA-2015-167745,"2015-09-18 00:00:00",24.4,5
GB-14530,CA-2015-167745,"2015-09-18 00:00:00",11.68,6
GB-14530,CA-2015-167745,"2015-09-18 00:00:00",16.9,7
GB-14530,CA-2015-131422,"2015-11-05 00:00:00",207,8
GB-14530,CA-2015-149566,"2015-12-05 00:00:00",39,9
GB-14530,CA-2015-149566,"2015-12-05 00:00:00",12.6,10
GB-14530,CA-2016-164672,"2016-05-08 00:00:00",211.96,11
GB-14530,CA-2016-149314,"2016-07-02 00:00:00",195.184,12
GB-14530,CA-2016-159912,"2016-08-29 00:00:00",10.584,13
GB-14530,CA-2016-159912,"2016-08-29 00:00:00",3.486,14
GB-14530,CA-2016-159912,"2016-08-29 00:00:00",163.88,15
GB-14530,CA-2016-159912,"2016-08-29 00:00:00",241.92,16
GB-14530,CA-2016-128923,"2016-12-09 00:00:00",9.328,17
GB-14530,CA-2016-128923,"2016-12-09 00:00:00",9.392,18
GB-14530,CA-2017-129028,"2017-04-01 00:00:00",127.95,19
GB-14530,CA-2017-160983,"2017-10-29 00:00:00",46.96,20
GB-14575,CA-2015-139850,"2015-06-12 00:00:00",20.736,1
GB-14575,CA-2015-139850,"2015-06-12 00:00:00",43.296,2
GB-14575,CA-2015-158421,"2015-09-21 00:00:00",1690.04,3
GB-14575,CA-2015-158421,"2015-09-21 00:00:00",121.96,4
GB-14575,CA-2015-158421,"2015-09-21 00:00:00",85.96,5
GB-14575,CA-2015-158421,"2015-09-21 00:00:00",63.96,6
GB-14575,CA-2015-158421,"2015-09-21 00:00:00",629.95,7
GB-14575,CA-2015-158421,"2015-09-21 00:00:00",113.73,8
GB-14575,CA-2015-158421,"2015-09-21 00:00:00",887.84,9
GB-14575,CA-2015-158421,"2015-09-21 00:00:00",14.6,10
GB-14575,CA-2015-158421,"2015-09-21 00:00:00",23.92,11
GB-14575,CA-2016-137337,"2016-03-08 00:00:00",69.456,12
GB-14575,CA-2016-137337,"2016-03-08 00:00:00",12.96,13
GB-14575,CA-2016-137337,"2016-03-08 00:00:00",113.6,14
GB-14575,US-2017-147984,"2017-01-28 00:00:00",279.9,15
GB-14575,CA-2017-130309,"2017-12-17 00:00:00",544.38,16
GD-14590,CA-2014-111934,"2014-05-05 00:00:00",35.44,1
GD-14590,CA-2014-111934,"2014-05-05 00:00:00",11.88,2
GD-14590,CA-2016-121223,"2016-09-11 00:00:00",728.946,3
GD-14590,CA-2016-121223,"2016-09-11 00:00:00",8.448,4
GD-14590,CA-2017-150420,"2017-06-03 00:00:00",1099.5,5
GD-14590,CA-2017-162880,"2017-12-25 00:00:00",3.856,6
GG-14650,CA-2014-106439,"2014-10-31 00:00:00",251.91,1
GG-14650,CA-2014-106439,"2014-10-31 00:00:00",146.352,2
GG-14650,CA-2014-106439,"2014-10-31 00:00:00",405.64,3
GG-14650,CA-2014-106439,"2014-10-31 00:00:00",19.296,4
GG-14650,CA-2014-106439,"2014-10-31 00:00:00",11.34,5
GG-14650,CA-2014-106439,"2014-10-31 00:00:00",64.74,6
GG-14650,CA-2014-106439,"2014-10-31 00:00:00",80.3,7
GG-14650,CA-2014-106439,"2014-10-31 00:00:00",15.968,8
GG-14650,CA-2014-106439,"2014-10-31 00:00:00",12.39,9
GG-14650,US-2015-136476,"2015-04-05 00:00:00",157.794,10
GG-14650,CA-2016-153353,"2016-08-18 00:00:00",39.99,11
GG-14650,CA-2016-129686,"2016-11-27 00:00:00",97.984,12
GG-14650,CA-2016-129686,"2016-11-27 00:00:00",62.4,13
GG-14650,US-2016-114776,"2016-12-06 00:00:00",19.44,14
GG-14650,CA-2017-157112,"2017-04-23 00:00:00",5.344,15
GG-14650,CA-2017-157112,"2017-04-23 00:00:00",11.76,16
GG-14650,CA-2017-131807,"2017-10-05 00:00:00",7.992,17
GG-14650,CA-2017-131807,"2017-10-05 00:00:00",14.9,18
GG-14650,CA-2017-131807,"2017-10-05 00:00:00",15.8,19
GG-14650,CA-2017-131807,"2017-10-05 00:00:00",206.352,20
GG-14650,CA-2017-131807,"2017-10-05 00:00:00",435.168,21
GG-14650,CA-2017-131807,"2017-10-05 00:00:00",72.9,22
GG-14650,US-2017-145597,"2017-11-02 00:00:00",54.336,23
GG-14650,CA-2017-118122,"2017-11-17 00:00:00",13.904,24
GH-14410,CA-2014-114125,"2014-07-09 00:00:00",23.92,1
GH-14410,CA-2014-114125,"2014-07-09 00:00:00",41.904,2
GH-14410,CA-2014-114125,"2014-07-09 00:00:00",2.88,3
GH-14410,CA-2014-128986,"2014-08-03 00:00:00",93.024,4
GH-14410,US-2015-164966,"2015-07-30 00:00:00",155.88,5
GH-14410,CA-2016-118934,"2016-08-09 00:00:00",4.338,6
GH-14410,CA-2016-118934,"2016-08-09 00:00:00",11.88,7
GH-14410,CA-2016-144540,"2016-09-05 00:00:00",28.44,8
GH-14410,CA-2016-144540,"2016-09-05 00:00:00",62.79,9
GH-14410,CA-2017-132647,"2017-02-17 00:00:00",11.76,10
GH-14410,CA-2017-132647,"2017-02-17 00:00:00",166.45,11
GH-14410,US-2017-131849,"2017-06-06 00:00:00",26.4,12
GH-14410,US-2017-131849,"2017-06-06 00:00:00",4.95,13
GH-14410,CA-2017-163006,"2017-06-30 00:00:00",14.224,14
GH-14410,CA-2017-163006,"2017-06-30 00:00:00",1001.584,15
GH-14410,CA-2017-163006,"2017-06-30 00:00:00",569.058,16
GH-14410,CA-2017-159282,"2017-10-16 00:00:00",599.985,17
GH-14425,CA-2014-144414,"2014-06-17 00:00:00",3266.376,1
GH-14425,CA-2014-144414,"2014-06-17 00:00:00",17.9,2
GH-14425,CA-2014-144414,"2014-06-17 00:00:00",6.24,3
GH-14425,CA-2015-144806,"2015-12-06 00:00:00",206.112,4
GH-14425,CA-2015-144806,"2015-12-06 00:00:00",247.104,5
GH-14425,CA-2015-144806,"2015-12-06 00:00:00",198.272,6
GH-14425,CA-2015-144806,"2015-12-06 00:00:00",19.92,7
GH-14425,CA-2015-144806,"2015-12-06 00:00:00",86.304,8
GH-14425,US-2015-120572,"2015-12-11 00:00:00",12.828,9
GH-14425,CA-2017-141138,"2017-11-10 00:00:00",111.79,10
GH-14485,CA-2015-131352,"2015-10-08 00:00:00",72.78,1
GH-14485,CA-2016-117590,"2016-12-08 00:00:00",1097.544,2
GH-14485,CA-2016-117590,"2016-12-08 00:00:00",190.92,3
GH-14665,CA-2015-163090,"2015-11-17 00:00:00",40.92,1
GH-14665,CA-2017-136539,"2017-12-28 00:00:00",78.8528,2
GH-14665,CA-2017-136539,"2017-12-28 00:00:00",27.168,3
GK-14620,CA-2014-164469,"2014-06-25 00:00:00",9.328,1
GK-14620,CA-2014-164469,"2014-06-25 00:00:00",263.96,2
GK-14620,CA-2014-164469,"2014-06-25 00:00:00",71.632,3
GK-14620,US-2014-165862,"2014-07-13 00:00:00",351.216,4
GK-14620,CA-2015-164567,"2015-06-15 00:00:00",225.576,5
GK-14620,CA-2015-133396,"2015-08-13 00:00:00",64.68,6
GK-14620,CA-2015-161767,"2015-11-20 00:00:00",479.988,7
GK-14620,CA-2016-162138,"2016-04-23 00:00:00",251.52,8
GK-14620,CA-2016-162138,"2016-04-23 00:00:00",99.99,9
GK-14620,CA-2016-101546,"2016-12-18 00:00:00",1793.98,10
GK-14620,US-2016-116729,"2016-12-25 00:00:00",2575.944,11
GK-14620,US-2016-116729,"2016-12-25 00:00:00",45.36,12
GK-14620,US-2016-116729,"2016-12-25 00:00:00",254.24,13
GK-14620,CA-2017-139444,"2017-09-09 00:00:00",9.856,14
GM-14440,US-2014-155544,"2014-03-21 00:00:00",32.952,1
GM-14440,US-2014-155544,"2014-03-21 00:00:00",59.2,2
GM-14440,US-2014-155544,"2014-03-21 00:00:00",218.376,3
GM-14440,CA-2014-154893,"2014-12-21 00:00:00",572.16,4
GM-14440,CA-2014-154893,"2014-12-21 00:00:00",1325.76,5
GM-14440,CA-2016-161025,"2016-12-03 00:00:00",772.68,6
GM-14440,US-2017-121251,"2017-03-26 00:00:00",257.568,7
GM-14440,US-2017-121251,"2017-03-26 00:00:00",119.96,8
GM-14440,CA-2017-135783,"2017-04-22 00:00:00",18.28,9
GM-14440,CA-2017-146031,"2017-07-29 00:00:00",60.12,10
GM-14440,US-2017-168613,"2017-10-08 00:00:00",145.764,11
GM-14455,CA-2014-138940,"2014-04-11 00:00:00",758.352,1
GM-14455,US-2014-143231,"2014-12-31 00:00:00",63.2,2
GM-14455,US-2014-143231,"2014-12-31 00:00:00",113.97,3
GM-14455,CA-2016-159695,"2016-04-05 00:00:00",158.368,4
GM-14455,US-2016-161396,"2016-04-19 00:00:00",419.4,5
GM-14455,US-2016-161396,"2016-04-19 00:00:00",205.176,6
GM-14455,CA-2017-151981,"2017-08-06 00:00:00",24.64,7
GM-14455,CA-2017-151981,"2017-08-06 00:00:00",227.88,8
GM-14455,CA-2017-151981,"2017-08-06 00:00:00",824.95,9
GM-14455,CA-2017-122595,"2017-12-14 00:00:00",2.032,10
GM-14455,CA-2017-122595,"2017-12-14 00:00:00",52.68,11
GM-14455,CA-2017-122595,"2017-12-14 00:00:00",227.976,12
GM-14500,CA-2014-141901,"2014-08-09 00:00:00",5.98,1
GM-14500,CA-2015-167374,"2015-03-26 00:00:00",16.776,2
GM-14500,CA-2015-167374,"2015-03-26 00:00:00",40.032,3
GM-14500,CA-2015-127173,"2015-09-26 00:00:00",79.056,4
GM-14500,CA-2015-127173,"2015-09-26 00:00:00",629.93,5
GM-14500,CA-2015-127173,"2015-09-26 00:00:00",34.44,6
GM-14500,CA-2015-169733,"2015-10-22 00:00:00",9.952,7
GM-14500,CA-2016-137393,"2016-05-06 00:00:00",41.6,8
GM-14500,CA-2016-117625,"2016-05-10 00:00:00",7.072,9
GM-14500,CA-2016-119445,"2016-06-26 00:00:00",14.9,10
GM-14500,US-2017-123834,"2017-07-21 00:00:00",124.404,11
GM-14500,US-2017-111241,"2017-08-20 00:00:00",239.12,12
GM-14500,CA-2017-134418,"2017-09-15 00:00:00",12.42,13
GM-14680,CA-2014-103310,"2014-05-10 00:00:00",256.784,1
GM-14680,CA-2014-103310,"2014-05-10 00:00:00",39.96,2
GM-14680,CA-2014-103310,"2014-05-10 00:00:00",1432,3
GM-14680,CA-2014-103310,"2014-05-10 00:00:00",41.04,4
GM-14680,CA-2014-127012,"2014-08-11 00:00:00",40.97,5
GM-14680,CA-2014-127012,"2014-08-11 00:00:00",22.96,6
GM-14680,CA-2014-127012,"2014-08-11 00:00:00",12.35,7
GM-14680,US-2016-139710,"2016-06-09 00:00:00",177.48,8
GM-14680,CA-2016-106243,"2016-09-30 00:00:00",523.92,9
GM-14680,CA-2016-139157,"2016-10-01 00:00:00",330.588,10
GM-14680,CA-2017-126144,"2017-07-31 00:00:00",285.576,11
GM-14695,CA-2014-102988,"2014-04-05 00:00:00",22.96,1
GM-14695,CA-2014-102988,"2014-04-05 00:00:00",28.99,2
GM-14695,CA-2014-102988,"2014-04-05 00:00:00",4164.05,3
GM-14695,CA-2014-102988,"2014-04-05 00:00:00",22.96,4
GM-14695,CA-2014-102988,"2014-04-05 00:00:00",12.96,5
GM-14695,CA-2016-100244,"2016-09-20 00:00:00",271.984,6
GM-14695,CA-2016-100244,"2016-09-20 00:00:00",11.76,7
GM-14695,CA-2016-100244,"2016-09-20 00:00:00",77.52,8
GM-14695,CA-2016-100244,"2016-09-20 00:00:00",48.64,9
GM-14695,CA-2016-100244,"2016-09-20 00:00:00",65.79,10
GM-14695,CA-2017-102750,"2017-09-04 00:00:00",1322.352,11
GP-14740,CA-2014-136742,"2014-04-06 00:00:00",44.91,1
GP-14740,CA-2015-117961,"2015-11-26 00:00:00",10.95,2
GP-14740,CA-2015-117961,"2015-11-26 00:00:00",61.04,3
GP-14740,CA-2015-117961,"2015-11-26 00:00:00",14.73,4
GP-14740,CA-2015-117961,"2015-11-26 00:00:00",104.9,5
GR-14560,US-2014-123183,"2014-11-19 00:00:00",9.96,1
GR-14560,US-2014-123183,"2014-11-19 00:00:00",213.08,2
GR-14560,US-2014-123183,"2014-11-19 00:00:00",1025.88,3
GR-14560,US-2014-123183,"2014-11-19 00:00:00",22.5,4
GR-14560,CA-2014-103401,"2014-11-21 00:00:00",12.96,5
GT-14635,CA-2014-159520,"2014-06-06 00:00:00",149.544,1
GT-14635,CA-2014-159520,"2014-06-06 00:00:00",991.764,2
GT-14635,CA-2014-159520,"2014-06-06 00:00:00",17.14,3
GT-14635,CA-2015-144386,"2015-11-05 00:00:00",25.344,4
GT-14635,US-2017-168116,"2017-11-04 00:00:00",167.44,5
GT-14635,US-2017-168116,"2017-11-04 00:00:00",7999.98,6
GT-14710,US-2014-135881,"2014-05-23 00:00:00",17.96,1
GT-14710,US-2014-135881,"2014-05-23 00:00:00",208.16,2
GT-14710,US-2014-135881,"2014-05-23 00:00:00",5.04,3
GT-14710,CA-2014-128209,"2014-11-17 00:00:00",4007.84,4
GT-14710,CA-2014-128209,"2014-11-17 00:00:00",2152.776,5
GT-14710,CA-2015-124450,"2015-04-27 00:00:00",1267.53,6
GT-14710,CA-2015-124450,"2015-04-27 00:00:00",1379.92,7
GT-14710,CA-2015-124450,"2015-04-27 00:00:00",22.74,8
GT-14710,CA-2016-123274,"2016-02-19 00:00:00",242.94,9
GT-14710,CA-2016-123274,"2016-02-19 00:00:00",44.46,10
GT-14710,CA-2016-106460,"2016-02-19 00:00:00",70.88,11
GT-14710,CA-2016-126795,"2016-06-13 00:00:00",33.568,12
GT-14710,US-2016-169040,"2016-12-06 00:00:00",156.792,13
GT-14710,US-2016-169040,"2016-12-06 00:00:00",59.808,14
GT-14710,US-2016-169040,"2016-12-06 00:00:00",189.7,15
GT-14710,US-2016-169040,"2016-12-06 00:00:00",248.08,16
GT-14710,US-2016-169040,"2016-12-06 00:00:00",47.208,17
GT-14710,US-2016-169040,"2016-12-06 00:00:00",35.89,18
GT-14710,US-2016-169040,"2016-12-06 00:00:00",431.976,19
GT-14710,CA-2017-161774,"2017-05-14 00:00:00",899.43,20
GT-14710,CA-2017-161774,"2017-05-14 00:00:00",76.864,21
GT-14710,CA-2017-161774,"2017-05-14 00:00:00",7.992,22
GT-14710,CA-2017-161774,"2017-05-14 00:00:00",46.2,23
GT-14710,CA-2017-161774,"2017-05-14 00:00:00",47.952,24
GT-14710,CA-2017-151190,"2017-06-27 00:00:00",20.07,25
GT-14710,CA-2017-126956,"2017-08-21 00:00:00",35,26
GT-14710,CA-2017-126956,"2017-08-21 00:00:00",37.24,27
GT-14710,CA-2017-126956,"2017-08-21 00:00:00",15.28,28
GT-14710,CA-2017-101945,"2017-11-24 00:00:00",10.824,29
GT-14755,CA-2015-105725,"2015-02-18 00:00:00",61.06,1
GT-14755,CA-2015-105725,"2015-02-18 00:00:00",35.544,2
GT-14755,CA-2016-130029,"2016-07-03 00:00:00",3.96,3
GT-14755,CA-2016-130029,"2016-07-03 00:00:00",12.96,4
GT-14755,CA-2017-104745,"2017-05-29 00:00:00",53.424,5
GT-14755,CA-2017-104745,"2017-05-29 00:00:00",25.92,6
GT-14755,CA-2017-130526,"2017-11-26 00:00:00",33.568,7
GW-14605,CA-2014-168312,"2014-03-01 00:00:00",137.352,1
GW-14605,CA-2014-168312,"2014-03-01 00:00:00",376.509,2
GW-14605,CA-2014-124709,"2014-07-27 00:00:00",238,3
GW-14605,CA-2015-135489,"2015-09-19 00:00:00",279.86,4
GW-14605,CA-2016-108105,"2016-02-16 00:00:00",5.8,5
GW-14605,CA-2016-108105,"2016-02-16 00:00:00",318.08,6
GW-14605,CA-2016-169334,"2016-10-21 00:00:00",111.672,7
GW-14605,US-2017-113852,"2017-07-29 00:00:00",90.57,8
GW-14605,CA-2017-155075,"2017-12-02 00:00:00",631.176,9
GZ-14470,CA-2014-124723,"2014-08-05 00:00:00",489.23,1
GZ-14470,CA-2014-132500,"2014-09-08 00:00:00",49.98,2
GZ-14470,CA-2015-123141,"2015-11-14 00:00:00",230.352,3
GZ-14470,CA-2015-123141,"2015-11-14 00:00:00",883.84,4
GZ-14470,CA-2015-154795,"2015-12-20 00:00:00",14.368,5
GZ-14470,CA-2015-154795,"2015-12-20 00:00:00",7.92,6
GZ-14470,CA-2016-131737,"2016-03-17 00:00:00",971.5,7
GZ-14470,CA-2016-131737,"2016-03-17 00:00:00",901.95,8
GZ-14470,CA-2016-131737,"2016-03-17 00:00:00",199.9,9
GZ-14470,CA-2016-129903,"2016-12-01 00:00:00",23.92,10
GZ-14470,CA-2017-156769,"2017-05-06 00:00:00",54.66,11
GZ-14470,CA-2017-126928,"2017-09-17 00:00:00",34.05,12
GZ-14470,CA-2017-126928,"2017-09-17 00:00:00",480,13
GZ-14470,US-2017-123463,"2017-12-23 00:00:00",13.48,14
GZ-14545,CA-2014-107153,"2014-09-28 00:00:00",46.26,1
GZ-14545,CA-2017-140515,"2017-03-19 00:00:00",381.36,2
GZ-14545,CA-2017-137001,"2017-06-10 00:00:00",14.7,3
GZ-14545,US-2017-167318,"2017-07-26 00:00:00",362.352,4
GZ-14545,US-2017-167318,"2017-07-26 00:00:00",1649.95,5
HA-14905,CA-2014-146640,"2014-06-30 00:00:00",334.768,1
HA-14905,CA-2015-105634,"2015-11-08 00:00:00",11.65,2
HA-14905,CA-2015-153073,"2015-11-13 00:00:00",17.496,3
HA-14905,CA-2015-134075,"2015-12-12 00:00:00",360.38,4
HA-14905,CA-2015-134075,"2015-12-12 00:00:00",166.5,5
HA-14905,CA-2016-145611,"2016-09-20 00:00:00",393.25,6
HA-14905,CA-2017-123036,"2017-09-10 00:00:00",37.056,7
HA-14905,CA-2017-123036,"2017-09-10 00:00:00",259.896,8
HA-14905,CA-2017-130141,"2017-10-22 00:00:00",3.168,9
HA-14905,CA-2017-130141,"2017-10-22 00:00:00",579.136,10
HA-14920,CA-2014-157924,"2014-10-11 00:00:00",31.92,1
HA-14920,CA-2014-157924,"2014-10-11 00:00:00",433.568,2
HA-14920,CA-2015-136735,"2015-07-26 00:00:00",167.86,3
HA-14920,CA-2015-155334,"2015-07-30 00:00:00",5.28,4
HA-14920,CA-2015-155334,"2015-07-30 00:00:00",10.92,5
HA-14920,CA-2015-155334,"2015-07-30 00:00:00",209.93,6
HA-14920,CA-2015-110744,"2015-09-07 00:00:00",671.93,7
HA-14920,US-2016-113649,"2016-08-09 00:00:00",30.816,8
HA-14920,US-2016-113649,"2016-08-09 00:00:00",44.784,9
HA-14920,US-2016-113649,"2016-08-09 00:00:00",569.536,10
HA-14920,CA-2016-154018,"2016-10-13 00:00:00",15.872,11
HA-14920,CA-2016-154018,"2016-10-13 00:00:00",139.92,12
HA-14920,CA-2016-154018,"2016-10-13 00:00:00",8.288,13
HA-14920,CA-2016-154018,"2016-10-13 00:00:00",191.976,14
HA-14920,CA-2016-154018,"2016-10-13 00:00:00",6.286,15
HA-14920,CA-2017-117044,"2017-09-11 00:00:00",10.528,16
HA-14920,CA-2017-117044,"2017-09-11 00:00:00",20.544,17
HA-14920,CA-2017-157651,"2017-12-10 00:00:00",14.2,18
HD-14785,CA-2014-119172,"2014-05-11 00:00:00",17.472,1
HD-14785,CA-2014-119172,"2014-05-11 00:00:00",104.58,2
HD-14785,CA-2015-157343,"2015-06-07 00:00:00",18.312,3
HD-14785,CA-2015-157343,"2015-06-07 00:00:00",8.016,4
HD-14785,CA-2015-157343,"2015-06-07 00:00:00",25.92,5
HD-14785,CA-2015-162376,"2015-11-22 00:00:00",59.94,6
HD-14785,CA-2015-162376,"2015-11-22 00:00:00",17.12,7
HE-14800,CA-2016-114944,"2016-01-30 00:00:00",156.512,1
HE-14800,CA-2016-146374,"2016-12-05 00:00:00",13.4,2
HE-14800,CA-2016-146374,"2016-12-05 00:00:00",109.69,3
HE-14800,CA-2016-146374,"2016-12-05 00:00:00",4.98,4
HE-14800,CA-2017-140480,"2017-07-08 00:00:00",174.95,5
HE-14800,CA-2017-140480,"2017-07-08 00:00:00",39.98,6
HE-14800,CA-2017-140480,"2017-07-08 00:00:00",141.9,7
HE-14800,CA-2017-140480,"2017-07-08 00:00:00",28.91,8
HE-14800,CA-2017-140480,"2017-07-08 00:00:00",83.92,9
HE-14800,CA-2017-143252,"2017-12-18 00:00:00",99.95,10
HE-14800,CA-2017-143252,"2017-12-18 00:00:00",29.34,11
HF-14995,CA-2014-158029,"2014-05-26 00:00:00",225.296,1
HF-14995,CA-2014-153969,"2014-09-21 00:00:00",38.52,2
HF-14995,CA-2014-153969,"2014-09-21 00:00:00",239.984,3
HF-14995,CA-2014-153969,"2014-09-21 00:00:00",19.35,4
HF-14995,CA-2014-153969,"2014-09-21 00:00:00",59.52,5
HF-14995,CA-2014-153969,"2014-09-21 00:00:00",78.35,6
HF-14995,CA-2014-153969,"2014-09-21 00:00:00",15.56,7
HF-14995,CA-2016-117681,"2016-04-09 00:00:00",556.665,8
HF-14995,CA-2016-164784,"2016-05-01 00:00:00",2.742,9
HF-14995,CA-2016-164784,"2016-05-01 00:00:00",3.984,10
HF-14995,CA-2016-164784,"2016-05-01 00:00:00",370.62,11
HF-14995,US-2016-147711,"2016-09-03 00:00:00",344.94,12
HF-14995,US-2016-147711,"2016-09-03 00:00:00",14.76,13
HF-14995,US-2016-147711,"2016-09-03 00:00:00",58.48,14
HF-14995,US-2016-147711,"2016-09-03 00:00:00",12.76,15
HF-14995,CA-2016-104276,"2016-11-27 00:00:00",116.76,16
HF-14995,CA-2016-104276,"2016-11-27 00:00:00",331.023,17
HF-14995,CA-2017-129833,"2017-12-09 00:00:00",33.45,18
HF-14995,CA-2017-129833,"2017-12-09 00:00:00",10.4,19
HG-14845,CA-2014-142727,"2014-04-29 00:00:00",51.96,1
HG-14845,CA-2014-142727,"2014-04-29 00:00:00",17.94,2
HG-14845,US-2015-161347,"2015-09-13 00:00:00",2.412,3
HG-14845,CA-2017-122763,"2017-03-20 00:00:00",56.704,4
HG-14845,CA-2017-122763,"2017-03-20 00:00:00",274.064,5
HG-14845,CA-2017-141873,"2017-10-09 00:00:00",12.816,6
HG-14845,CA-2017-141873,"2017-10-09 00:00:00",314.352,7
HG-14845,CA-2017-141873,"2017-10-09 00:00:00",18.24,8
HG-14845,CA-2017-141873,"2017-10-09 00:00:00",18.98,9
HG-14845,CA-2017-150504,"2017-11-06 00:00:00",18.16,10
HG-14965,CA-2014-126480,"2014-09-20 00:00:00",8.56,1
HG-14965,US-2014-152723,"2014-09-26 00:00:00",0.876,2
HG-14965,CA-2015-102806,"2015-05-21 00:00:00",24.588,3
HG-14965,CA-2015-122168,"2015-08-21 00:00:00",17.52,4
HG-14965,CA-2015-122168,"2015-08-21 00:00:00",35.76,5
HG-14965,CA-2015-169201,"2015-09-28 00:00:00",43.56,6
HG-14965,CA-2015-169201,"2015-09-28 00:00:00",43.26,7
HG-14965,CA-2015-156118,"2015-12-08 00:00:00",15.696,8
HG-14965,CA-2016-109407,"2016-01-24 00:00:00",31.36,9
HG-14965,CA-2016-146437,"2016-01-28 00:00:00",39.68,10
HG-14965,CA-2016-145919,"2016-12-18 00:00:00",183.84,11
HG-14965,CA-2016-145919,"2016-12-18 00:00:00",579.3,12
HG-14965,CA-2016-145919,"2016-12-18 00:00:00",38.88,13
HG-14965,US-2017-160143,"2017-03-31 00:00:00",29.7,14
HG-14965,US-2017-122672,"2017-11-04 00:00:00",194.352,15
HG-14965,US-2017-122672,"2017-11-04 00:00:00",70.72,16
HG-14965,US-2017-122714,"2017-12-07 00:00:00",1889.99,17
HG-15025,CA-2014-163748,"2014-10-14 00:00:00",1999.96,1
HG-15025,CA-2014-163748,"2014-10-14 00:00:00",3.16,2
HG-15025,CA-2015-165162,"2015-05-14 00:00:00",1117.92,3
HG-15025,US-2016-156692,"2016-08-13 00:00:00",17.34,4
HG-15025,US-2016-156692,"2016-08-13 00:00:00",71.98,5
HG-15025,CA-2016-111794,"2016-10-01 00:00:00",28.352,6
HG-15025,CA-2016-111794,"2016-10-01 00:00:00",79.512,7
HG-15025,CA-2017-117821,"2017-06-12 00:00:00",63.92,8
HG-15025,CA-2017-146724,"2017-11-20 00:00:00",22,9
HG-15025,CA-2017-169978,"2017-12-24 00:00:00",271.764,10
HG-15025,CA-2017-169978,"2017-12-24 00:00:00",14.376,11
HH-15010,CA-2014-135699,"2014-08-29 00:00:00",109.92,1
HH-15010,CA-2014-135699,"2014-08-29 00:00:00",13.36,2
HH-15010,CA-2017-131492,"2017-10-19 00:00:00",31.5,3
HH-15010,CA-2017-131492,"2017-10-19 00:00:00",8.96,4
HH-15010,CA-2017-131492,"2017-10-19 00:00:00",24.368,5
HH-15010,CA-2017-131492,"2017-10-19 00:00:00",30.56,6
HJ-14875,CA-2015-100216,"2015-04-13 00:00:00",31.104,1
HJ-14875,CA-2015-100216,"2015-04-13 00:00:00",54.816,2
HJ-14875,CA-2016-166772,"2016-09-20 00:00:00",163.88,3
HJ-14875,CA-2016-118500,"2016-11-17 00:00:00",49.5,4
HJ-14875,CA-2016-165470,"2016-11-25 00:00:00",5.08,5
HJ-14875,CA-2017-132584,"2017-08-26 00:00:00",53.72,6
HK-14890,CA-2014-144281,"2014-06-10 00:00:00",491.55,1
HK-14890,CA-2015-109862,"2015-10-25 00:00:00",291.1,2
HK-14890,CA-2015-109862,"2015-10-25 00:00:00",158.99,3
HK-14890,CA-2015-150875,"2015-11-16 00:00:00",696.42,4
HK-14890,CA-2015-150875,"2015-11-16 00:00:00",304.776,5
HK-14890,CA-2016-130001,"2016-04-23 00:00:00",36.24,6
HK-14890,CA-2016-165484,"2016-10-23 00:00:00",16.156,7
HK-14890,CA-2016-165484,"2016-10-23 00:00:00",54.816,8
HK-14890,US-2017-141677,"2017-03-26 00:00:00",87.168,9
HK-14890,US-2017-141677,"2017-03-26 00:00:00",2399.96,10
HK-14890,US-2017-141677,"2017-03-26 00:00:00",32.232,11
HK-14890,US-2017-141677,"2017-03-26 00:00:00",143.96,12
HK-14890,US-2017-141677,"2017-03-26 00:00:00",74.352,13
HK-14890,CA-2017-126382,"2017-06-03 00:00:00",35.168,14
HK-14890,CA-2017-124576,"2017-08-01 00:00:00",54.896,15
HL-15040,US-2014-147627,"2014-01-20 00:00:00",6.63,1
HL-15040,US-2014-147627,"2014-01-20 00:00:00",22.96,2
HL-15040,US-2014-147627,"2014-01-20 00:00:00",23.34,3
HL-15040,US-2014-147627,"2014-01-20 00:00:00",699.93,4
HL-15040,US-2014-147627,"2014-01-20 00:00:00",38.6,5
HL-15040,US-2014-147627,"2014-01-20 00:00:00",1067.94,6
HL-15040,CA-2014-127159,"2014-05-12 00:00:00",34.79,7
HL-15040,CA-2016-101987,"2016-06-24 00:00:00",440.91,8
HL-15040,CA-2016-140634,"2016-10-03 00:00:00",15.648,9
HL-15040,CA-2017-134607,"2017-10-03 00:00:00",22.58,10
HL-15040,CA-2017-166709,"2017-11-17 00:00:00",10499.97,11
HM-14860,CA-2014-129189,"2014-07-21 00:00:00",87.92,1
HM-14860,CA-2014-129189,"2014-07-21 00:00:00",4.992,2
HM-14860,CA-2014-129189,"2014-07-21 00:00:00",657.93,3
HM-14860,CA-2014-129189,"2014-07-21 00:00:00",1.044,4
HM-14860,CA-2015-118871,"2015-12-04 00:00:00",36.4,5
HM-14860,CA-2015-118871,"2015-12-04 00:00:00",271.44,6
HM-14860,CA-2015-118871,"2015-12-04 00:00:00",110.352,7
HM-14860,US-2015-128587,"2015-12-24 00:00:00",9.68,8
HM-14860,US-2015-128587,"2015-12-24 00:00:00",4899.93,9
HM-14860,CA-2016-100510,"2016-05-12 00:00:00",10.02,10
HM-14860,CA-2016-100510,"2016-05-12 00:00:00",631.96,11
HM-14860,US-2016-110170,"2016-09-27 00:00:00",956.6648,12
HM-14860,CA-2017-127117,"2017-04-14 00:00:00",74.45,13
HM-14860,CA-2017-146367,"2017-08-04 00:00:00",3.318,14
HM-14860,CA-2017-132738,"2017-08-04 00:00:00",7.968,15
HM-14860,CA-2017-132738,"2017-08-04 00:00:00",8.784,16
HM-14860,CA-2017-125199,"2017-10-19 00:00:00",123.256,17
HM-14860,CA-2017-125199,"2017-10-19 00:00:00",23.68,18
HM-14860,CA-2017-125199,"2017-10-19 00:00:00",309.576,19
HM-14860,CA-2017-129805,"2017-12-28 00:00:00",7.4,20
HM-14980,CA-2015-129917,"2015-10-02 00:00:00",503.96,1
HM-14980,CA-2015-129917,"2015-10-02 00:00:00",11.808,2
HM-14980,CA-2015-129917,"2015-10-02 00:00:00",53.568,3
HM-14980,CA-2016-106075,"2016-09-18 00:00:00",4.616,4
HM-14980,CA-2017-130904,"2017-04-11 00:00:00",20.992,5
HM-14980,CA-2017-130904,"2017-04-11 00:00:00",1.752,6
HM-14980,CA-2017-151281,"2017-04-27 00:00:00",139.58,7
HP-14815,CA-2014-121664,"2014-05-06 00:00:00",140.736,1
HP-14815,CA-2014-122217,"2014-11-24 00:00:00",111.15,2
HP-14815,CA-2015-122259,"2015-10-31 00:00:00",70.12,3
HP-14815,US-2015-118983,"2015-11-22 00:00:00",68.81,4
HP-14815,US-2015-118983,"2015-11-22 00:00:00",2.544,5
HP-14815,CA-2015-156853,"2015-12-03 00:00:00",184.66,6
HP-14815,CA-2017-161893,"2017-01-23 00:00:00",4.938,7
HP-14815,CA-2017-161893,"2017-01-23 00:00:00",95.984,8
HP-14815,CA-2017-111689,"2017-11-30 00:00:00",68.472,9
HP-14815,CA-2017-111689,"2017-11-30 00:00:00",1242.9,10
HR-14770,US-2014-143707,"2014-03-01 00:00:00",5.94,1
HR-14770,CA-2015-103954,"2015-08-09 00:00:00",687.4,2
HR-14770,CA-2017-113278,"2017-01-14 00:00:00",18.76,3
HR-14770,CA-2017-113278,"2017-01-14 00:00:00",67.8,4
HR-14770,CA-2017-113278,"2017-01-14 00:00:00",11.34,5
HR-14770,CA-2017-113278,"2017-01-14 00:00:00",2.52,6
HR-14770,CA-2017-113278,"2017-01-14 00:00:00",159.8,7
HR-14770,CA-2017-113278,"2017-01-14 00:00:00",18.96,8
HR-14770,CA-2017-113278,"2017-01-14 00:00:00",12.12,9
HR-14770,CA-2017-113278,"2017-01-14 00:00:00",67.4,10
HR-14770,CA-2017-165904,"2017-04-07 00:00:00",16.256,11
HR-14770,CA-2017-165904,"2017-04-07 00:00:00",219.184,12
HR-14770,CA-2017-106964,"2017-12-17 00:00:00",11.808,13
HR-14830,CA-2014-127131,"2014-11-24 00:00:00",25.92,1
HR-14830,CA-2014-127131,"2014-11-24 00:00:00",12.096,2
HR-14830,CA-2014-127131,"2014-11-24 00:00:00",485.88,3
HR-14830,CA-2014-127131,"2014-11-24 00:00:00",197.58,4
HR-14830,CA-2015-110632,"2015-03-17 00:00:00",33.82,5
HR-14830,CA-2015-110632,"2015-03-17 00:00:00",15.02,6
HR-14830,CA-2015-147011,"2015-06-18 00:00:00",13.632,7
HR-14830,CA-2015-157287,"2015-12-22 00:00:00",422.625,8
HR-14830,CA-2015-157287,"2015-12-22 00:00:00",33.568,9
HR-14830,CA-2015-135538,"2015-12-24 00:00:00",883.84,10
HR-14830,CA-2017-166184,"2017-03-24 00:00:00",469.99,11
HR-14830,CA-2017-166184,"2017-03-24 00:00:00",47.01,12
HR-14830,CA-2017-166184,"2017-03-24 00:00:00",207.846,13
HR-14830,US-2017-135013,"2017-07-24 00:00:00",2399.96,14
HW-14935,CA-2015-103072,"2015-09-27 00:00:00",25.92,1
HW-14935,CA-2015-103072,"2015-09-27 00:00:00",16.4,2
HW-14935,CA-2016-136133,"2016-08-18 00:00:00",355.32,3
HW-14935,CA-2016-140130,"2016-10-31 00:00:00",332.94,4
HW-14935,CA-2016-140130,"2016-10-31 00:00:00",21.96,5
HW-14935,CA-2016-140130,"2016-10-31 00:00:00",12.39,6
HW-14935,CA-2016-140130,"2016-10-31 00:00:00",368.97,7
HW-14935,CA-2017-105809,"2017-02-20 00:00:00",22.23,8
HW-14935,CA-2017-105809,"2017-02-20 00:00:00",215.968,9
HW-14935,CA-2017-165491,"2017-03-20 00:00:00",265.93,10
HW-14935,CA-2017-121559,"2017-06-01 00:00:00",1925.88,11
HW-14935,CA-2017-121559,"2017-06-01 00:00:00",2405.2,12
HW-14935,CA-2017-121559,"2017-06-01 00:00:00",83.97,13
HW-14935,CA-2017-121559,"2017-06-01 00:00:00",39.89,14
HW-14935,CA-2017-121559,"2017-06-01 00:00:00",17.38,15
HW-14935,CA-2017-121027,"2017-08-18 00:00:00",1496.16,16
HW-14935,CA-2017-121027,"2017-08-18 00:00:00",843.9,17
HW-14935,CA-2017-140326,"2017-09-04 00:00:00",825.174,18
HW-14935,CA-2017-140326,"2017-09-04 00:00:00",17.76,19
HW-14935,CA-2017-140326,"2017-09-04 00:00:00",6.912,20
HZ-14950,US-2016-154361,"2016-03-14 00:00:00",21.88,1
HZ-14950,CA-2017-168739,"2017-05-29 00:00:00",65.424,2
HZ-14950,CA-2017-108931,"2017-09-14 00:00:00",8.56,3
HZ-14950,CA-2017-108931,"2017-09-14 00:00:00",11.56,4
HZ-14950,CA-2017-157420,"2017-11-21 00:00:00",55.176,5
HZ-14950,CA-2017-124765,"2017-11-25 00:00:00",723.92,6
IG-15085,CA-2014-143168,"2014-10-18 00:00:00",61.96,1
IG-15085,CA-2014-143168,"2014-10-18 00:00:00",1.344,2
IG-15085,CA-2015-101000,"2015-04-09 00:00:00",370.14,3
IG-15085,CA-2016-159345,"2016-06-17 00:00:00",111.96,4
IG-15085,CA-2017-158743,"2017-10-20 00:00:00",39.96,5
IG-15085,CA-2017-158743,"2017-10-20 00:00:00",145.85,6
IG-15085,CA-2017-158743,"2017-10-20 00:00:00",13.36,7
IL-15100,CA-2014-152296,"2014-08-01 00:00:00",19.752,1
IL-15100,CA-2015-156482,"2015-02-06 00:00:00",1268.82,2
IL-15100,CA-2015-156482,"2015-02-06 00:00:00",283.92,3
IL-15100,CA-2015-156482,"2015-02-06 00:00:00",5.68,4
IL-15100,CA-2015-151722,"2015-10-05 00:00:00",288,5
IL-15100,US-2015-114741,"2015-12-06 00:00:00",6.48,6
IL-15100,US-2015-114741,"2015-12-06 00:00:00",1325.85,7
IL-15100,US-2015-114741,"2015-12-06 00:00:00",14.94,8
IL-15100,CA-2016-111318,"2016-07-23 00:00:00",115.136,9
IL-15100,CA-2016-169971,"2016-09-04 00:00:00",3.912,10
IL-15100,CA-2016-169971,"2016-09-04 00:00:00",62.376,11
IL-15100,CA-2017-143063,"2017-08-10 00:00:00",1454.49,12
IL-15100,CA-2017-143063,"2017-08-10 00:00:00",70.08,13
IL-15100,CA-2017-143063,"2017-08-10 00:00:00",121.3,14
IM-15055,CA-2014-102645,"2014-01-23 00:00:00",40.08,1
IM-15055,CA-2016-129630,"2016-09-04 00:00:00",2799.96,2
IM-15055,CA-2016-129630,"2016-09-04 00:00:00",24.27,3
IM-15055,CA-2016-124527,"2016-11-16 00:00:00",8.32,4
IM-15070,CA-2014-120768,"2014-12-19 00:00:00",7.27,1
IM-15070,CA-2014-120768,"2014-12-19 00:00:00",152.76,2
IM-15070,CA-2014-120768,"2014-12-19 00:00:00",1819.86,3
IM-15070,CA-2015-154956,"2015-07-04 00:00:00",1099.96,4
IM-15070,CA-2015-100545,"2015-11-22 00:00:00",11.61,5
IM-15070,CA-2015-104346,"2015-12-11 00:00:00",85.056,6
IM-15070,CA-2015-104346,"2015-12-11 00:00:00",27.696,7
IM-15070,CA-2015-104346,"2015-12-11 00:00:00",54.92,8
IM-15070,CA-2015-104346,"2015-12-11 00:00:00",52.416,9
IM-15070,CA-2015-104346,"2015-12-11 00:00:00",58.08,10
IM-15070,CA-2015-104346,"2015-12-11 00:00:00",4.224,11
IM-15070,CA-2015-104346,"2015-12-11 00:00:00",69.576,12
IM-15070,CA-2015-104346,"2015-12-11 00:00:00",13.12,13
IM-15070,CA-2015-104346,"2015-12-11 00:00:00",364.95,14
IM-15070,CA-2016-140501,"2016-06-23 00:00:00",146.73,15
IM-15070,CA-2016-140501,"2016-06-23 00:00:00",18.45,16
IM-15070,CA-2016-140501,"2016-06-23 00:00:00",122.12,17
IM-15070,CA-2016-140501,"2016-06-23 00:00:00",324.9,18
IM-15070,CA-2016-140501,"2016-06-23 00:00:00",3.96,19
IM-15070,CA-2016-109925,"2016-11-06 00:00:00",84.84,20
IM-15070,CA-2016-161389,"2016-12-05 00:00:00",407.976,21
JA-15970,CA-2014-131947,"2014-09-17 00:00:00",5.248,1
JA-15970,CA-2014-131947,"2014-09-17 00:00:00",29.925,2
JA-15970,CA-2014-131947,"2014-09-17 00:00:00",55.92,3
JA-15970,CA-2014-131947,"2014-09-17 00:00:00",38.256,4
JA-15970,CA-2014-131947,"2014-09-17 00:00:00",40.24,5
JA-15970,CA-2014-131947,"2014-09-17 00:00:00",148.704,6
JA-15970,CA-2014-151295,"2014-11-12 00:00:00",629.064,7
JA-15970,CA-2014-151295,"2014-11-12 00:00:00",11.96,8
JA-15970,CA-2016-116526,"2016-09-01 00:00:00",8.78,9
JA-15970,CA-2016-116526,"2016-09-01 00:00:00",26.4,10
JA-15970,CA-2016-116526,"2016-09-01 00:00:00",11.96,11
JA-15970,CA-2016-116526,"2016-09-01 00:00:00",29.52,12
JA-15970,CA-2016-116526,"2016-09-01 00:00:00",376.74,13
JA-15970,CA-2016-116526,"2016-09-01 00:00:00",24.1,14
JA-15970,CA-2017-152261,"2017-03-02 00:00:00",18.528,15
JA-15970,CA-2017-102414,"2017-05-15 00:00:00",15.552,16
JA-15970,CA-2017-102414,"2017-05-15 00:00:00",4.752,17
JA-15970,CA-2017-102414,"2017-05-15 00:00:00",29.592,18
JA-15970,US-2017-150070,"2017-09-07 00:00:00",161.568,19
JA-15970,CA-2017-158379,"2017-09-22 00:00:00",4663.736,20
JA-15970,CA-2017-158379,"2017-09-22 00:00:00",79.984,21
JA-15970,CA-2017-158379,"2017-09-22 00:00:00",5.607,22
JA-15970,CA-2017-128335,"2017-09-29 00:00:00",23.34,23
JA-15970,CA-2017-128335,"2017-09-29 00:00:00",51.55,24
JB-15400,US-2014-100853,"2014-09-14 00:00:00",52.448,1
JB-15400,US-2014-100853,"2014-09-14 00:00:00",20.16,2
JB-15400,CA-2015-145821,"2015-05-01 00:00:00",88.752,3
JB-15400,CA-2015-121608,"2015-09-03 00:00:00",137.62,4
JB-15400,CA-2015-121608,"2015-09-03 00:00:00",100.49,5
JB-15400,US-2015-104185,"2015-09-03 00:00:00",120.33,6
JB-15400,CA-2016-101189,"2016-02-04 00:00:00",93.02,7
JB-15400,CA-2016-165316,"2016-07-23 00:00:00",265.475,8
JB-15400,CA-2016-165316,"2016-07-23 00:00:00",23.696,9
JB-15400,CA-2016-165316,"2016-07-23 00:00:00",35.216,10
JB-15400,CA-2017-132339,"2017-08-19 00:00:00",387.99,11
JB-15400,CA-2017-142125,"2017-10-21 00:00:00",21.9,12
JB-15400,CA-2017-142125,"2017-10-21 00:00:00",38.82,13
JB-15400,CA-2017-158246,"2017-11-09 00:00:00",215.976,14
JB-15400,CA-2017-117443,"2017-12-23 00:00:00",175.872,15
JB-15400,CA-2017-117443,"2017-12-23 00:00:00",13.84,16
JB-15925,CA-2014-150203,"2014-12-05 00:00:00",250.26,1
JB-15925,US-2015-167220,"2015-12-12 00:00:00",22.368,2
JB-15925,CA-2015-169397,"2015-12-24 00:00:00",27.168,3
JB-15925,CA-2015-169397,"2015-12-24 00:00:00",5.584,4
JB-15925,CA-2015-169397,"2015-12-24 00:00:00",22.704,5
JB-15925,CA-2015-169397,"2015-12-24 00:00:00",479.988,6
JB-15925,CA-2015-169397,"2015-12-24 00:00:00",72.704,7
JB-15925,CA-2015-169397,"2015-12-24 00:00:00",19.776,8
JB-16000,CA-2016-163937,"2016-01-10 00:00:00",24.85,1
JB-16000,CA-2016-121993,"2016-06-10 00:00:00",23.616,2
JB-16000,CA-2017-107713,"2017-03-13 00:00:00",174.3,3
JB-16000,US-2017-159562,"2017-09-09 00:00:00",17.48,4
JB-16000,US-2017-157224,"2017-09-14 00:00:00",56.7,5
JB-16000,CA-2017-168179,"2017-11-02 00:00:00",19.44,6
JB-16000,CA-2017-124674,"2017-11-17 00:00:00",327.7328,7
JB-16045,CA-2015-107937,"2015-05-03 00:00:00",665.88,1
JB-16045,US-2016-155173,"2016-03-06 00:00:00",68.238,2
JB-16045,US-2016-155173,"2016-03-06 00:00:00",431.94,3
JB-16045,US-2016-155173,"2016-03-06 00:00:00",2.043,4
JB-16045,CA-2016-139269,"2016-05-25 00:00:00",24.96,5
JB-16045,CA-2016-139269,"2016-05-25 00:00:00",19.36,6
JB-16045,CA-2016-139269,"2016-05-25 00:00:00",1267.65,7
JB-16045,CA-2016-158302,"2016-12-08 00:00:00",10.584,8
JB-16045,CA-2017-110625,"2017-12-23 00:00:00",27.46,9
JC-15340,CA-2014-100328,"2014-01-28 00:00:00",3.928,1
JC-15340,CA-2016-154536,"2016-09-05 00:00:00",9.555,2
JC-15340,CA-2016-102792,"2016-12-13 00:00:00",9.84,3
JC-15340,US-2017-129441,"2017-09-07 00:00:00",47.94,4
JC-15385,CA-2017-108560,"2017-07-08 00:00:00",23.168,1
JC-15385,CA-2017-108560,"2017-07-08 00:00:00",50,2
JC-15385,CA-2017-108560,"2017-07-08 00:00:00",786.48,3
JC-15385,CA-2017-108560,"2017-07-08 00:00:00",198.46,4
JC-15775,CA-2014-159184,"2014-09-14 00:00:00",7.16,1
JC-15775,CA-2014-159184,"2014-09-14 00:00:00",142.4,2
JC-15775,CA-2014-109127,"2014-12-21 00:00:00",17.28,3
JC-15775,CA-2015-127824,"2015-10-18 00:00:00",10.11,4
JC-15775,CA-2015-127824,"2015-10-18 00:00:00",249.584,5
JC-15775,CA-2015-127824,"2015-10-18 00:00:00",17.94,6
JC-15775,CA-2016-118626,"2016-08-15 00:00:00",705.544,7
JC-15775,CA-2017-112039,"2017-03-25 00:00:00",470.376,8
JC-15775,CA-2017-118360,"2017-04-01 00:00:00",42.93,9
JC-15775,US-2017-120607,"2017-05-19 00:00:00",195.64,10
JC-15775,CA-2017-109393,"2017-06-30 00:00:00",435.999,11
JC-15775,CA-2017-121293,"2017-07-25 00:00:00",20.096,12
JC-15775,CA-2017-121293,"2017-07-25 00:00:00",20.736,13
JC-15775,CA-2017-121293,"2017-07-25 00:00:00",138.588,14
JC-15775,CA-2017-121293,"2017-07-25 00:00:00",259.92,15
JC-15775,CA-2017-121293,"2017-07-25 00:00:00",37.752,16
JC-16105,CA-2014-141173,"2014-11-18 00:00:00",67.15,1
JC-16105,US-2014-167738,"2014-12-24 00:00:00",142.86,2
JC-16105,US-2014-167738,"2014-12-24 00:00:00",292.272,3
JC-16105,CA-2015-149734,"2015-09-03 00:00:00",200.984,4
JC-16105,CA-2017-139913,"2017-10-23 00:00:00",35.88,5
JC-16105,CA-2017-139913,"2017-10-23 00:00:00",69.08,6
JC-16105,CA-2017-139913,"2017-10-23 00:00:00",26.4,7
JC-16105,CA-2017-139913,"2017-10-23 00:00:00",11.56,8
JC-16105,CA-2017-126046,"2017-11-03 00:00:00",12.39,9
JD-15790,US-2015-159513,"2015-04-02 00:00:00",71.976,1
JD-15790,CA-2015-134719,"2015-10-10 00:00:00",1801.632,2
JD-15790,CA-2016-134138,"2016-02-16 00:00:00",227.96,3
JD-15790,CA-2017-143294,"2017-06-02 00:00:00",10.688,4
JD-15790,CA-2017-152485,"2017-09-04 00:00:00",16.784,5
JD-15790,CA-2017-152485,"2017-09-04 00:00:00",13.12,6
JD-15790,CA-2017-152485,"2017-09-04 00:00:00",10.192,7
JD-15895,CA-2014-138436,"2014-03-26 00:00:00",66.3,1
JD-15895,CA-2014-122336,"2014-04-13 00:00:00",71.928,2
JD-15895,CA-2014-122336,"2014-04-13 00:00:00",509.97,3
JD-15895,CA-2014-122336,"2014-04-13 00:00:00",17.856,4
JD-15895,CA-2014-122336,"2014-04-13 00:00:00",30.992,5
JD-15895,CA-2014-127866,"2014-07-20 00:00:00",11.96,6
JD-15895,CA-2014-127866,"2014-07-20 00:00:00",535.41,7
JD-15895,CA-2014-127866,"2014-07-20 00:00:00",13.12,8
JD-15895,CA-2014-127866,"2014-07-20 00:00:00",41.94,9
JD-15895,CA-2015-127481,"2015-12-12 00:00:00",97.88,10
JD-15895,CA-2015-127481,"2015-12-12 00:00:00",32.4,11
JD-15895,CA-2016-168046,"2016-01-25 00:00:00",428.68,12
JD-15895,CA-2016-168046,"2016-01-25 00:00:00",313.722,13
JD-15895,CA-2016-168046,"2016-01-25 00:00:00",43.12,14
JD-15895,CA-2016-168046,"2016-01-25 00:00:00",45.98,15
JD-15895,CA-2016-136329,"2016-07-09 00:00:00",408.006,16
JD-15895,CA-2016-136329,"2016-07-09 00:00:00",165.28,17
JD-15895,CA-2016-157161,"2016-07-16 00:00:00",60.12,18
JD-15895,CA-2016-157161,"2016-07-16 00:00:00",6.46,19
JD-15895,CA-2016-157161,"2016-07-16 00:00:00",75.98,20
JD-15895,CA-2016-157161,"2016-07-16 00:00:00",24.1,21
JD-15895,CA-2016-157161,"2016-07-16 00:00:00",22.32,22
JD-15895,CA-2016-157161,"2016-07-16 00:00:00",10.2,23
JD-15895,CA-2016-110366,"2016-09-05 00:00:00",82.8,24
JD-15895,CA-2016-142545,"2016-10-28 00:00:00",32.4,25
JD-15895,CA-2016-142545,"2016-10-28 00:00:00",77.6,26
JD-15895,CA-2016-142545,"2016-10-28 00:00:00",14.28,27
JD-15895,CA-2016-142545,"2016-10-28 00:00:00",56.91,28
JD-15895,CA-2016-142545,"2016-10-28 00:00:00",1082.48,29
JD-15895,CA-2016-144218,"2016-10-31 00:00:00",1085.42,30
JD-15895,CA-2016-143805,"2016-12-01 00:00:00",2104.55,31
JD-15895,CA-2016-143805,"2016-12-01 00:00:00",40.7,32
JD-16015,CA-2014-102085,"2014-10-04 00:00:00",29.24,1
JD-16015,CA-2014-110611,"2014-10-06 00:00:00",83.92,2
JD-16015,CA-2014-148950,"2014-12-14 00:00:00",35.016,3
JD-16015,CA-2014-148950,"2014-12-14 00:00:00",2.896,4
JD-16015,CA-2014-148950,"2014-12-14 00:00:00",5.104,5
JD-16015,US-2017-152569,"2017-05-15 00:00:00",56.704,6
JD-16015,US-2017-152569,"2017-05-15 00:00:00",11.12,7
JD-16015,CA-2017-156818,"2017-07-11 00:00:00",132.6,8
JD-16015,CA-2017-152198,"2017-09-09 00:00:00",6.258,9
JD-16015,CA-2017-152198,"2017-09-09 00:00:00",4.86,10
JD-16015,CA-2017-152198,"2017-09-09 00:00:00",17.712,11
JD-16060,CA-2014-123344,"2014-09-24 00:00:00",211.96,1
JD-16060,US-2015-125374,"2015-03-23 00:00:00",107.772,2
JD-16060,CA-2017-168123,"2017-03-05 00:00:00",18.69,3
JD-16060,CA-2017-168123,"2017-03-05 00:00:00",7.9,4
JD-16060,CA-2017-168123,"2017-03-05 00:00:00",221.16,5
JD-16060,CA-2017-168123,"2017-03-05 00:00:00",127.96,6
JD-16150,CA-2014-119144,"2014-11-16 00:00:00",305.9745,1
JD-16150,CA-2014-119144,"2014-11-16 00:00:00",344.91,2
JD-16150,CA-2014-119144,"2014-11-16 00:00:00",79.968,3
JD-16150,US-2015-163279,"2015-03-22 00:00:00",105.52,4
JD-16150,US-2015-163279,"2015-03-22 00:00:00",91.96,5
JD-16150,US-2015-163279,"2015-03-22 00:00:00",1487.976,6
JD-16150,CA-2015-145184,"2015-11-27 00:00:00",104.97,7
JD-16150,CA-2015-145184,"2015-11-27 00:00:00",83.97,8
JD-16150,US-2015-147739,"2015-12-25 00:00:00",547.136,9
JD-16150,CA-2016-116911,"2016-09-15 00:00:00",20.416,10
JD-16150,CA-2016-116911,"2016-09-15 00:00:00",1128.39,11
JD-16150,CA-2016-147067,"2016-12-18 00:00:00",18.84,12
JD-16150,CA-2017-155880,"2017-03-25 00:00:00",1526.56,13
JD-16150,CA-2017-155880,"2017-03-25 00:00:00",368.97,14
JD-16150,CA-2017-155880,"2017-03-25 00:00:00",90.99,15
JD-16150,CA-2017-168858,"2017-11-19 00:00:00",16.74,16
JD-16150,CA-2017-168858,"2017-11-19 00:00:00",2504.74,17
JE-15475,CA-2015-112116,"2015-03-16 00:00:00",171.96,1
JE-15475,CA-2015-163762,"2015-11-27 00:00:00",29.79,2
JE-15475,CA-2016-152632,"2016-10-27 00:00:00",40.2,3
JE-15475,US-2016-132577,"2016-11-22 00:00:00",4.488,4
JE-15475,US-2016-132577,"2016-11-22 00:00:00",2.088,5
JE-15475,US-2016-132577,"2016-11-22 00:00:00",24.032,6
JE-15475,US-2016-132577,"2016-11-22 00:00:00",23.616,7
JE-15475,US-2016-132577,"2016-11-22 00:00:00",6.216,8
JE-15475,CA-2016-133795,"2016-12-18 00:00:00",39.92,9
JE-15475,CA-2016-133795,"2016-12-18 00:00:00",72.64,10
JE-15475,CA-2016-133795,"2016-12-18 00:00:00",772.47,11
JE-15475,CA-2017-132934,"2017-06-20 00:00:00",51.312,12
JE-15475,CA-2017-132934,"2017-06-20 00:00:00",149.95,13
JE-15610,US-2014-146353,"2014-10-14 00:00:00",269.9,1
JE-15610,US-2014-146353,"2014-10-14 00:00:00",22.92,2
JE-15610,CA-2015-121720,"2015-06-11 00:00:00",563.808,3
JE-15610,CA-2015-121720,"2015-06-11 00:00:00",3.768,4
JE-15610,CA-2015-121720,"2015-06-11 00:00:00",78.6,5
JE-15610,CA-2015-121720,"2015-06-11 00:00:00",48.672,6
JE-15610,CA-2015-121720,"2015-06-11 00:00:00",1123.92,7
JE-15610,CA-2015-121720,"2015-06-11 00:00:00",249.584,8
JE-15610,CA-2015-121720,"2015-06-11 00:00:00",60.768,9
JE-15610,CA-2015-121720,"2015-06-11 00:00:00",1036.624,10
JE-15610,CA-2016-154081,"2016-05-22 00:00:00",222.384,11
JE-15610,CA-2017-133263,"2017-03-31 00:00:00",34.54,12
JE-15610,CA-2017-133263,"2017-03-31 00:00:00",2999.95,13
JE-15610,CA-2017-133263,"2017-03-31 00:00:00",64.12,14
JE-15610,CA-2017-166317,"2017-09-22 00:00:00",219.84,15
JE-15610,CA-2017-166317,"2017-09-22 00:00:00",98.16,16
JE-15610,CA-2017-166317,"2017-09-22 00:00:00",33.04,17
JE-15610,CA-2017-166317,"2017-09-22 00:00:00",86.97,18
JE-15610,CA-2017-119494,"2017-11-09 00:00:00",523.392,19
JE-15610,US-2017-136707,"2017-11-12 00:00:00",14.016,20
JE-15715,CA-2014-126200,"2014-08-25 00:00:00",25.68,1
JE-15715,CA-2014-126200,"2014-08-25 00:00:00",12.384,2
JE-15715,CA-2015-129770,"2015-02-21 00:00:00",49.12,3
JE-15715,CA-2015-110877,"2015-10-23 00:00:00",36.288,4
JE-15715,CA-2015-110877,"2015-10-23 00:00:00",150.384,5
JE-15715,CA-2016-112109,"2016-07-08 00:00:00",33.488,6
JE-15715,CA-2016-112109,"2016-07-08 00:00:00",8.736,7
JE-15715,CA-2016-112109,"2016-07-08 00:00:00",662.88,8
JE-15715,CA-2016-112109,"2016-07-08 00:00:00",19.968,9
JE-15715,CA-2016-106950,"2016-09-02 00:00:00",19.456,10
JE-15715,CA-2016-106950,"2016-09-02 00:00:00",1012.68,11
JE-15715,CA-2016-106950,"2016-09-02 00:00:00",22.911,12
JE-15715,CA-2016-106950,"2016-09-02 00:00:00",309.456,13
JE-15715,CA-2016-106950,"2016-09-02 00:00:00",17.22,14
JE-15715,CA-2016-106950,"2016-09-02 00:00:00",472.518,15
JE-15715,CA-2016-169670,"2016-12-25 00:00:00",2563.056,16
JE-15715,CA-2016-105081,"2016-12-25 00:00:00",1747.25,17
JE-15715,CA-2016-105081,"2016-12-25 00:00:00",698.352,18
JE-15715,CA-2017-126914,"2017-06-15 00:00:00",698.352,19
JE-15715,CA-2017-126914,"2017-06-15 00:00:00",77.728,20
JE-15715,US-2017-105697,"2017-08-25 00:00:00",25.696,21
JE-15715,CA-2017-124261,"2017-11-14 00:00:00",34.24,22
JE-15745,CA-2014-142048,"2014-06-22 00:00:00",196.752,1
JE-15745,US-2014-147606,"2014-11-26 00:00:00",19.3,2
JE-15745,US-2015-134026,"2015-04-26 00:00:00",72.784,3
JE-15745,US-2015-134026,"2015-04-26 00:00:00",97.04,4
JE-15745,US-2015-134026,"2015-04-26 00:00:00",831.936,5
JE-15745,US-2015-168914,"2015-05-21 00:00:00",20.768,6
JE-15745,CA-2015-139731,"2015-10-15 00:00:00",2453.43,7
JE-15745,CA-2015-139731,"2015-10-15 00:00:00",263.88,8
JE-15745,US-2015-101511,"2015-11-21 00:00:00",15.88,9
JE-15745,US-2015-101511,"2015-11-21 00:00:00",396.802,10
JE-15745,US-2016-162026,"2016-10-08 00:00:00",61.96,11
JE-15745,CA-2016-144729,"2016-10-21 00:00:00",154.44,12
JE-15745,CA-2016-113621,"2016-12-01 00:00:00",179.97,13
JE-15745,CA-2016-113621,"2016-12-01 00:00:00",172.5,14
JE-15745,CA-2017-108070,"2017-04-16 00:00:00",102.833,15
JE-15745,CA-2017-108070,"2017-04-16 00:00:00",205.92,16
JE-15745,CA-2017-129462,"2017-06-16 00:00:00",65.99,17
JE-15745,CA-2017-129462,"2017-06-16 00:00:00",191.98,18
JE-15745,CA-2017-129462,"2017-06-16 00:00:00",301.96,19
JE-15745,CA-2017-129462,"2017-06-16 00:00:00",180.66,20
JE-15745,CA-2017-161053,"2017-09-22 00:00:00",691.96,21
JE-15745,CA-2017-161053,"2017-09-22 00:00:00",34.95,22
JE-15745,US-2017-141852,"2017-11-09 00:00:00",47.12,23
JE-16165,CA-2016-114489,"2016-12-05 00:00:00",1951.84,1
JE-16165,CA-2016-114489,"2016-12-05 00:00:00",149.97,2
JE-16165,CA-2016-114489,"2016-12-05 00:00:00",384.45,3
JE-16165,CA-2016-114489,"2016-12-05 00:00:00",171.55,4
JE-16165,US-2017-146416,"2017-10-20 00:00:00",3.75,5
JE-16165,US-2017-146416,"2017-10-20 00:00:00",20.928,6
JE-16165,US-2017-135503,"2017-12-10 00:00:00",14.76,7
JF-15190,CA-2014-116407,"2014-11-15 00:00:00",24.896,1
JF-15190,CA-2014-116407,"2014-11-15 00:00:00",333.056,2
JF-15190,CA-2014-116407,"2014-11-15 00:00:00",4.224,3
JF-15190,CA-2015-105508,"2015-09-24 00:00:00",39.98,4
JF-15190,US-2016-155103,"2016-12-02 00:00:00",54.96,5
JF-15190,US-2016-155103,"2016-12-02 00:00:00",415.176,6
JF-15190,US-2016-155103,"2016-12-02 00:00:00",35.232,7
JF-15190,US-2017-123862,"2017-01-07 00:00:00",153.78,8
JF-15190,US-2017-123862,"2017-01-07 00:00:00",61.02,9
JF-15190,US-2017-123862,"2017-01-07 00:00:00",110.11,10
JF-15190,US-2017-123862,"2017-01-07 00:00:00",7.89,11
JF-15190,US-2017-123281,"2017-04-02 00:00:00",25.11,12
JF-15190,CA-2017-121083,"2017-07-09 00:00:00",119.04,13
JF-15190,CA-2017-121083,"2017-07-09 00:00:00",257.98,14
JF-15190,CA-2017-121083,"2017-07-09 00:00:00",195.64,15
JF-15190,CA-2017-121083,"2017-07-09 00:00:00",274.8,16
JF-15190,US-2017-110646,"2017-10-26 00:00:00",14.76,17
JF-15190,US-2017-110646,"2017-10-26 00:00:00",118.65,18
JF-15190,US-2017-110646,"2017-10-26 00:00:00",33.282,19
JF-15295,CA-2014-114510,"2014-03-14 00:00:00",62.048,1
JF-15295,CA-2014-114510,"2014-03-14 00:00:00",33.088,2
JF-15295,CA-2014-114510,"2014-03-14 00:00:00",80.98,3
JF-15295,CA-2014-114510,"2014-03-14 00:00:00",82.8,4
JF-15295,CA-2014-114510,"2014-03-14 00:00:00",21.36,5
JF-15295,CA-2016-163594,"2016-04-12 00:00:00",194.352,6
JF-15295,CA-2016-163594,"2016-04-12 00:00:00",19.44,7
JF-15295,CA-2016-163594,"2016-04-12 00:00:00",36.624,8
JF-15295,CA-2016-167290,"2016-10-30 00:00:00",11.68,9
JF-15295,US-2017-110604,"2017-05-15 00:00:00",42.624,10
JF-15295,US-2017-110604,"2017-05-15 00:00:00",39.96,11
JF-15295,US-2017-110604,"2017-05-15 00:00:00",220.96,12
JF-15295,CA-2017-122077,"2017-05-19 00:00:00",13.216,13
JF-15295,CA-2017-122077,"2017-05-19 00:00:00",95.992,14
JF-15355,CA-2015-132486,"2015-10-23 00:00:00",11.8,1
JF-15355,CA-2015-132486,"2015-10-23 00:00:00",842.352,2
JF-15355,CA-2015-132486,"2015-10-23 00:00:00",240.784,3
JF-15355,CA-2015-132486,"2015-10-23 00:00:00",11.56,4
JF-15355,CA-2015-132486,"2015-10-23 00:00:00",191.968,5
JF-15355,CA-2015-132486,"2015-10-23 00:00:00",148.32,6
JF-15355,CA-2016-152163,"2016-07-01 00:00:00",58.34,7
JF-15355,CA-2016-152163,"2016-07-01 00:00:00",14.2,8
JF-15355,CA-2016-152163,"2016-07-01 00:00:00",12.96,9
JF-15355,CA-2017-169474,"2017-02-04 00:00:00",32.67,10
JF-15355,CA-2017-136651,"2017-04-23 00:00:00",92.88,11
JF-15355,CA-2017-136651,"2017-04-23 00:00:00",66.36,12
JF-15355,CA-2017-136651,"2017-04-23 00:00:00",24.14,13
JF-15355,CA-2017-141103,"2017-07-30 00:00:00",89.95,14
JF-15355,CA-2017-144113,"2017-09-16 00:00:00",17.568,15
JF-15355,CA-2017-144113,"2017-09-16 00:00:00",55.992,16
JF-15415,CA-2014-156342,"2014-06-17 00:00:00",62.016,1
JF-15415,US-2014-166828,"2014-08-22 00:00:00",11.56,2
JF-15415,CA-2015-102855,"2015-04-05 00:00:00",239.94,3
JF-15415,CA-2015-102855,"2015-04-05 00:00:00",23.84,4
JF-15415,CA-2015-105844,"2015-10-25 00:00:00",79.36,5
JF-15415,US-2017-142188,"2017-09-11 00:00:00",71.28,6
JF-15415,US-2017-142188,"2017-09-11 00:00:00",177.568,7
JF-15415,US-2017-142188,"2017-09-11 00:00:00",1471.96,8
JF-15415,US-2017-142188,"2017-09-11 00:00:00",79.96,9
JF-15415,US-2017-142188,"2017-09-11 00:00:00",19.44,10
JF-15415,CA-2017-164826,"2017-12-28 00:00:00",33.264,11
JF-15415,CA-2017-164826,"2017-12-28 00:00:00",14.85,12
JF-15415,CA-2017-164826,"2017-12-28 00:00:00",72.45,13
JF-15415,CA-2017-164826,"2017-12-28 00:00:00",13.96,14
JF-15490,CA-2014-117317,"2014-10-19 00:00:00",13.44,1
JF-15490,US-2014-106334,"2014-12-27 00:00:00",230.28,2
JF-15490,US-2014-106334,"2014-12-27 00:00:00",12.84,3
JF-15490,CA-2015-133445,"2015-10-05 00:00:00",291.168,4
JF-15490,CA-2015-133445,"2015-10-05 00:00:00",66.294,5
JF-15490,CA-2015-141740,"2015-11-01 00:00:00",205.164,6
JF-15490,CA-2015-130736,"2015-12-07 00:00:00",3.96,7
JF-15490,CA-2015-130736,"2015-12-07 00:00:00",2.61,8
JF-15490,CA-2016-164483,"2016-01-30 00:00:00",17.456,9
JF-15490,CA-2016-159653,"2016-05-22 00:00:00",14.73,10
JF-15490,US-2017-120649,"2017-01-20 00:00:00",3.52,11
JF-15490,US-2017-150847,"2017-04-30 00:00:00",10.368,12
JF-15490,US-2017-162124,"2017-05-06 00:00:00",191.968,13
JF-15490,CA-2017-159884,"2017-08-31 00:00:00",10.744,14
JF-15490,CA-2017-159884,"2017-08-31 00:00:00",8.376,15
JF-15565,US-2014-126571,"2014-10-11 00:00:00",281.904,1
JF-15565,US-2014-126571,"2014-10-11 00:00:00",201.432,2
JF-15565,US-2015-153374,"2015-02-09 00:00:00",479.952,3
JF-15565,CA-2015-137750,"2015-06-25 00:00:00",204.85,4
JF-15565,CA-2016-105781,"2016-02-16 00:00:00",326.646,5
JF-15565,CA-2016-105781,"2016-02-16 00:00:00",89.97,6
JF-15565,CA-2016-121034,"2016-08-08 00:00:00",11.168,7
JF-15565,CA-2016-121034,"2016-08-08 00:00:00",53.952,8
JF-15565,CA-2016-102162,"2016-09-11 00:00:00",11.09,9
JF-15565,CA-2016-102162,"2016-09-11 00:00:00",1599.92,10
JF-15565,CA-2016-166373,"2016-10-21 00:00:00",106.08,11
JF-15565,CA-2017-167941,"2017-11-06 00:00:00",499.584,12
JF-15565,CA-2017-167941,"2017-11-06 00:00:00",31.104,13
JF-15565,CA-2017-167941,"2017-11-06 00:00:00",13.272,14
JF-15565,CA-2017-167941,"2017-11-06 00:00:00",28.272,15
JF-15565,CA-2017-167941,"2017-11-06 00:00:00",259.136,16
JG-15115,US-2014-135972,"2014-09-21 00:00:00",1799.97,1
JG-15115,US-2014-135972,"2014-09-21 00:00:00",246.384,2
JG-15115,CA-2014-142951,"2014-10-08 00:00:00",23.472,3
JG-15115,CA-2015-123092,"2015-12-03 00:00:00",77.952,4
JG-15115,CA-2015-123092,"2015-12-03 00:00:00",95.97,5
JG-15115,CA-2015-123092,"2015-12-03 00:00:00",105.584,6
JG-15115,CA-2015-123092,"2015-12-03 00:00:00",9.344,7
JG-15160,CA-2014-105872,"2014-05-30 00:00:00",70.368,1
JG-15160,CA-2014-141796,"2014-06-21 00:00:00",1214.85,2
JG-15160,CA-2015-131856,"2015-05-12 00:00:00",619.152,3
JG-15160,CA-2015-131856,"2015-05-12 00:00:00",127.904,4
JG-15160,CA-2015-131856,"2015-05-12 00:00:00",21.968,5
JG-15160,CA-2015-157084,"2015-12-19 00:00:00",675.96,6
JG-15160,CA-2015-157084,"2015-12-19 00:00:00",1265.85,7
JG-15160,CA-2016-102498,"2016-07-24 00:00:00",73.2,8
JG-15160,CA-2016-123176,"2016-09-27 00:00:00",13.89,9
JG-15160,CA-2016-123176,"2016-09-27 00:00:00",17.94,10
JG-15160,CA-2016-124772,"2016-12-05 00:00:00",191.82,11
JG-15160,CA-2016-108434,"2016-12-05 00:00:00",465.18,12
JG-15160,US-2017-116897,"2017-05-27 00:00:00",302.376,13
JG-15160,US-2017-116897,"2017-05-27 00:00:00",35,14
JG-15160,US-2017-116897,"2017-05-27 00:00:00",477.15,15
JG-15160,CA-2017-138548,"2017-08-15 00:00:00",97.84,16
JG-15160,CA-2017-118885,"2017-12-29 00:00:00",302.376,17
JG-15160,CA-2017-118885,"2017-12-29 00:00:00",393.568,18
JG-15310,CA-2016-116799,"2016-03-03 00:00:00",42.784,1
JG-15310,CA-2016-116799,"2016-03-03 00:00:00",563.43,2
JG-15310,CA-2016-129728,"2016-05-30 00:00:00",167.84,3
JG-15310,CA-2016-141957,"2016-07-21 00:00:00",99.488,4
JG-15310,CA-2016-141957,"2016-07-21 00:00:00",11.088,5
JG-15310,CA-2016-141957,"2016-07-21 00:00:00",66.688,6
JG-15310,CA-2016-141957,"2016-07-21 00:00:00",18.656,7
JG-15310,CA-2017-103765,"2017-11-24 00:00:00",13.762,8
JG-15310,CA-2017-119578,"2017-12-22 00:00:00",695.16,9
JG-15310,CA-2017-119578,"2017-12-22 00:00:00",220.98,10
JG-15310,CA-2017-101322,"2017-12-28 00:00:00",340.704,11
JG-15805,CA-2014-151001,"2014-04-05 00:00:00",49.632,1
JG-15805,CA-2014-151001,"2014-04-05 00:00:00",52.096,2
JG-15805,CA-2014-132801,"2014-10-07 00:00:00",107.44,3
JG-15805,CA-2014-104829,"2014-11-18 00:00:00",21.98,4
JG-15805,CA-2015-120446,"2015-11-16 00:00:00",18.9,5
JG-15805,CA-2016-100790,"2016-06-26 00:00:00",704.25,6
JG-15805,CA-2016-100790,"2016-06-26 00:00:00",14.7,7
JG-15805,CA-2017-167899,"2017-05-21 00:00:00",17.97,8
JG-15805,CA-2017-167899,"2017-05-21 00:00:00",520.05,9
JH-15430,US-2014-137680,"2014-02-24 00:00:00",32.896,1
JH-15430,US-2014-137680,"2014-02-24 00:00:00",22.776,2
JH-15430,US-2017-108014,"2017-11-19 00:00:00",59.913,3
JH-15430,CA-2017-121818,"2017-11-20 00:00:00",23.968,4
JH-15430,CA-2017-121818,"2017-11-20 00:00:00",28.728,5
JH-15430,CA-2017-105620,"2017-12-25 00:00:00",120,6
JH-15430,CA-2017-105620,"2017-12-25 00:00:00",21,7
JH-15820,US-2014-107699,"2014-05-19 00:00:00",57.42,1
JH-15820,CA-2015-133536,"2015-03-28 00:00:00",22.92,2
JH-15820,CA-2015-169537,"2015-09-03 00:00:00",7.5,3
JH-15820,CA-2015-102778,"2015-11-21 00:00:00",18.176,4
JH-15820,CA-2017-117870,"2017-01-27 00:00:00",14.016,5
JH-15820,CA-2017-117870,"2017-01-27 00:00:00",71.976,6
JH-15820,CA-2017-117870,"2017-01-27 00:00:00",107.982,7
JH-15820,CA-2017-132122,"2017-07-09 00:00:00",228.92,8
JH-15910,CA-2015-104115,"2015-06-12 00:00:00",55.984,1
JH-15910,CA-2015-118843,"2015-09-13 00:00:00",69.93,2
JH-15910,CA-2015-118843,"2015-09-13 00:00:00",129.93,3
JH-15910,US-2016-115952,"2016-10-06 00:00:00",28.85,4
JH-15910,CA-2016-130162,"2016-10-28 00:00:00",93.06,5
JH-15910,CA-2016-130162,"2016-10-28 00:00:00",302.376,6
JH-15910,CA-2017-152226,"2017-05-12 00:00:00",5.904,7
JH-15910,US-2017-112613,"2017-05-28 00:00:00",54.368,8
JH-15910,US-2017-152380,"2017-11-19 00:00:00",219.075,9
JH-15985,CA-2014-169726,"2014-08-09 00:00:00",2060.744,1
JH-15985,CA-2015-116638,"2015-01-28 00:00:00",4297.644,2
JH-15985,CA-2015-109638,"2015-12-15 00:00:00",103.92,3
JH-15985,CA-2015-109638,"2015-12-15 00:00:00",899.91,4
JH-15985,CA-2015-109638,"2015-12-15 00:00:00",51.312,5
JH-15985,CA-2016-151372,"2016-09-05 00:00:00",11.68,6
JH-15985,CA-2016-151372,"2016-09-05 00:00:00",4.36,7
JH-15985,CA-2016-151372,"2016-09-05 00:00:00",96.08,8
JH-15985,CA-2016-148908,"2016-11-05 00:00:00",53.248,9
JH-15985,CA-2017-135860,"2017-12-01 00:00:00",52.29,10
JH-15985,CA-2017-135860,"2017-12-01 00:00:00",91.99,11
JH-15985,CA-2017-135860,"2017-12-01 00:00:00",83.92,12
JH-15985,CA-2017-135860,"2017-12-01 00:00:00",131.98,13
JH-15985,CA-2017-135860,"2017-12-01 00:00:00",15.92,14
JH-16180,CA-2015-138898,"2015-05-25 00:00:00",845.728,1
JH-16180,CA-2015-126739,"2015-11-01 00:00:00",327.564,2
JH-16180,CA-2016-161907,"2016-04-05 00:00:00",769.184,3
JH-16180,CA-2016-161907,"2016-04-05 00:00:00",118.782,4
JH-16180,US-2016-114293,"2016-11-21 00:00:00",195.136,5
JJ-15445,CA-2015-151785,"2015-03-05 00:00:00",7.104,1
JJ-15445,CA-2015-127418,"2015-06-13 00:00:00",36.624,2
JJ-15445,CA-2015-120915,"2015-09-28 00:00:00",307.98,3
JJ-15445,CA-2015-120915,"2015-09-28 00:00:00",293.52,4
JJ-15445,CA-2016-137127,"2016-06-16 00:00:00",9.45,5
JJ-15445,CA-2016-163986,"2016-09-03 00:00:00",54.5,6
JJ-15760,CA-2015-115091,"2015-10-05 00:00:00",46.2,1
JJ-15760,CA-2015-115091,"2015-10-05 00:00:00",28.84,2
JJ-15760,CA-2015-103205,"2015-12-08 00:00:00",119.96,3
JK-15205,CA-2014-166555,"2014-07-11 00:00:00",164.85,1
JK-15205,CA-2015-125976,"2015-09-27 00:00:00",1871.88,2
JK-15205,CA-2015-125976,"2015-09-27 00:00:00",154.9,3
JK-15205,CA-2015-116484,"2015-11-20 00:00:00",63.824,4
JK-15205,CA-2015-116484,"2015-11-20 00:00:00",141.552,5
JK-15205,CA-2016-116918,"2016-10-01 00:00:00",5.388,6
JK-15205,CA-2016-116918,"2016-10-01 00:00:00",30.976,7
JK-15205,CA-2017-123491,"2017-10-30 00:00:00",71.992,8
JK-15205,CA-2017-123491,"2017-10-30 00:00:00",19.9,9
JK-15205,CA-2017-123491,"2017-10-30 00:00:00",7.42,10
JK-15205,CA-2017-123491,"2017-10-30 00:00:00",43.86,11
JK-15205,CA-2017-123491,"2017-10-30 00:00:00",148.48,12
JK-15205,CA-2017-123491,"2017-10-30 00:00:00",1702.12,13
JK-15325,US-2014-168501,"2014-11-21 00:00:00",1.632,1
JK-15325,US-2014-168501,"2014-11-21 00:00:00",267.96,2
JK-15325,CA-2016-158043,"2016-01-31 00:00:00",23.36,3
JK-15325,CA-2017-122007,"2017-03-18 00:00:00",90.86,4
JK-15370,US-2014-102715,"2014-04-11 00:00:00",6.912,1
JK-15370,US-2014-102715,"2014-04-11 00:00:00",383.976,2
JK-15370,US-2014-102715,"2014-04-11 00:00:00",10.368,3
JK-15370,US-2014-102715,"2014-04-11 00:00:00",335.944,4
JK-15370,CA-2015-142027,"2015-04-09 00:00:00",369.912,5
JK-15370,CA-2015-127453,"2015-12-19 00:00:00",88.832,6
JK-15370,CA-2015-127453,"2015-12-19 00:00:00",3.552,7
JK-15370,CA-2015-127453,"2015-12-19 00:00:00",434.352,8
JK-15370,CA-2016-122581,"2016-08-21 00:00:00",573.174,9
JK-15370,CA-2016-132549,"2016-11-25 00:00:00",73.36,10
JK-15370,US-2017-155999,"2017-08-07 00:00:00",13.76,11
JK-15370,US-2017-155999,"2017-08-07 00:00:00",159.96,12
JK-15370,US-2017-103828,"2017-08-13 00:00:00",31.92,13
JK-15370,US-2017-103828,"2017-08-13 00:00:00",83.79,14
JK-15370,US-2017-103828,"2017-08-13 00:00:00",31.44,15
JK-15370,US-2017-103828,"2017-08-13 00:00:00",59.52,16
JK-15370,CA-2017-100601,"2017-11-16 00:00:00",48.86,17
JK-15625,CA-2014-166051,"2014-05-31 00:00:00",659.97,1
JK-15625,CA-2014-166051,"2014-05-31 00:00:00",113.73,2
JK-15625,CA-2014-111773,"2014-06-29 00:00:00",13.92,3
JK-15625,CA-2014-121727,"2014-08-19 00:00:00",10.72,4
JK-15625,CA-2014-135608,"2014-12-08 00:00:00",45.68,5
JK-15625,CA-2014-135608,"2014-12-08 00:00:00",603.92,6
JK-15625,CA-2015-138331,"2015-08-07 00:00:00",106.8,7
JK-15625,CA-2015-113152,"2015-12-25 00:00:00",449.568,8
JK-15625,CA-2015-113152,"2015-12-25 00:00:00",843.9,9
JK-15625,CA-2017-142622,"2017-10-30 00:00:00",199.98,10
JK-15625,CA-2017-142622,"2017-10-30 00:00:00",97.568,11
JK-15625,CA-2017-142622,"2017-10-30 00:00:00",614.272,12
JK-15640,CA-2014-159849,"2014-09-19 00:00:00",5.67,1
JK-15640,CA-2014-147900,"2014-09-23 00:00:00",28.8,2
JK-15640,US-2015-150231,"2015-03-16 00:00:00",17.52,3
JK-15640,CA-2015-157434,"2015-04-29 00:00:00",7.968,4
JK-15640,CA-2015-134082,"2015-12-11 00:00:00",110.528,5
JK-15640,CA-2015-137225,"2015-12-15 00:00:00",3.28,6
JK-15640,US-2015-137533,"2015-12-18 00:00:00",20.736,7
JK-15640,CA-2015-143980,"2015-12-25 00:00:00",414.96,8
JK-15640,CA-2017-168109,"2017-07-03 00:00:00",2395.2,9
JK-15640,CA-2017-168109,"2017-07-03 00:00:00",59.98,10
JK-15640,CA-2017-168109,"2017-07-03 00:00:00",1687.8,11
JK-15640,CA-2017-168109,"2017-07-03 00:00:00",7.992,12
JK-15730,CA-2014-163468,"2014-11-18 00:00:00",381.72,1
JK-15730,CA-2014-163468,"2014-11-18 00:00:00",2.892,2
JK-15730,CA-2014-163468,"2014-11-18 00:00:00",424.116,3
JK-15730,CA-2014-163468,"2014-11-18 00:00:00",8.544,4
JK-15730,CA-2014-163468,"2014-11-18 00:00:00",292.1,5
JK-15730,CA-2014-150798,"2014-12-01 00:00:00",36.288,6
JK-15730,CA-2014-150798,"2014-12-01 00:00:00",909.72,7
JK-15730,CA-2014-150798,"2014-12-01 00:00:00",8.128,8
JK-15730,CA-2014-150798,"2014-12-01 00:00:00",659.988,9
JK-15730,CA-2015-127607,"2015-03-20 00:00:00",2.512,10
JK-15730,CA-2015-127607,"2015-03-20 00:00:00",18.864,11
JK-15730,CA-2015-111199,"2015-11-13 00:00:00",115.296,12
JK-15730,CA-2016-105256,"2016-05-20 00:00:00",1363.96,13
JK-15730,CA-2016-108616,"2016-09-29 00:00:00",209.97,14
JK-15730,CA-2016-108616,"2016-09-29 00:00:00",62.94,15
JK-15730,CA-2016-108616,"2016-09-29 00:00:00",25.92,16
JK-15730,CA-2017-155936,"2017-06-22 00:00:00",3.036,17
JK-15730,US-2017-153255,"2017-09-03 00:00:00",239.666,18
JK-15730,CA-2017-137918,"2017-09-29 00:00:00",97.3,19
JK-15730,CA-2017-128426,"2017-10-07 00:00:00",4.24,20
JK-16090,CA-2015-107678,"2015-04-21 00:00:00",469.95,1
JK-16090,CA-2015-107678,"2015-04-21 00:00:00",209.88,2
JK-16090,CA-2015-107678,"2015-04-21 00:00:00",191.96,3
JK-16090,CA-2015-107678,"2015-04-21 00:00:00",21.3,4
JK-16090,CA-2017-141117,"2017-10-02 00:00:00",217.764,5
JK-16090,CA-2017-141117,"2017-10-02 00:00:00",95.144,6
JK-16090,CA-2017-141117,"2017-10-02 00:00:00",22.638,7
JK-16090,CA-2017-141117,"2017-10-02 00:00:00",39.072,8
JK-16090,CA-2017-160885,"2017-12-02 00:00:00",2479.96,9
JK-16120,CA-2014-120670,"2014-11-02 00:00:00",799.92,1
JK-16120,CA-2015-130022,"2015-08-10 00:00:00",3.75,2
JK-16120,CA-2015-130022,"2015-08-10 00:00:00",41.4,3
JK-16120,CA-2015-130022,"2015-08-10 00:00:00",29.79,4
JK-16120,CA-2015-134859,"2015-10-04 00:00:00",64.944,5
JK-16120,CA-2015-134859,"2015-10-04 00:00:00",20.736,6
JK-16120,CA-2016-117849,"2016-04-15 00:00:00",143.7,7
JK-16120,US-2016-100566,"2016-09-03 00:00:00",83.952,8
JK-16120,CA-2016-113425,"2016-11-21 00:00:00",113.568,9
JK-16120,CA-2016-150945,"2016-12-18 00:00:00",900.08,10
JK-16120,CA-2017-154039,"2017-02-17 00:00:00",124.792,11
JK-16120,CA-2017-154039,"2017-02-17 00:00:00",480.96,12
JK-16120,CA-2017-140298,"2017-05-11 00:00:00",7.996,13
JK-16120,CA-2017-140298,"2017-05-11 00:00:00",6.848,14
JK-16120,CA-2017-140298,"2017-05-11 00:00:00",74.416,15
JK-16120,CA-2017-140298,"2017-05-11 00:00:00",5.248,16
JK-16120,CA-2017-100783,"2017-09-04 00:00:00",30.384,17
JL-15130,CA-2014-138198,"2014-07-18 00:00:00",13.904,1
JL-15130,CA-2014-165428,"2014-09-01 00:00:00",3.648,2
JL-15130,CA-2014-165428,"2014-09-01 00:00:00",31.104,3
JL-15130,CA-2016-138933,"2016-04-24 00:00:00",3.984,4
JL-15130,US-2017-100482,"2017-04-11 00:00:00",16.768,5
JL-15130,US-2017-100482,"2017-04-11 00:00:00",27.12,6
JL-15130,CA-2017-120894,"2017-04-28 00:00:00",28.08,7
JL-15130,CA-2017-150910,"2017-12-22 00:00:00",934.956,8
JL-15130,CA-2017-150910,"2017-12-22 00:00:00",46.864,9
JL-15130,CA-2017-150910,"2017-12-22 00:00:00",26.16,10
JL-15130,CA-2017-150910,"2017-12-22 00:00:00",23.128,11
JL-15130,CA-2017-150910,"2017-12-22 00:00:00",59.24,12
JL-15175,US-2014-133949,"2014-12-31 00:00:00",475.944,1
JL-15175,CA-2015-158701,"2015-01-05 00:00:00",56.16,2
JL-15175,CA-2015-158701,"2015-01-05 00:00:00",87.36,3
JL-15175,CA-2016-140977,"2016-06-16 00:00:00",91.475,4
JL-15175,US-2017-156083,"2017-11-04 00:00:00",9.664,5
JL-15175,CA-2017-128734,"2017-12-24 00:00:00",8.544,6
JL-15175,CA-2017-128734,"2017-12-24 00:00:00",842.376,7
JL-15235,US-2014-130379,"2014-05-25 00:00:00",75.6,1
JL-15235,US-2014-130379,"2014-05-25 00:00:00",29.32,2
JL-15235,CA-2015-137925,"2015-11-30 00:00:00",23.66,3
JL-15235,CA-2015-137925,"2015-11-30 00:00:00",681.408,4
JL-15235,CA-2016-165169,"2016-06-05 00:00:00",14.94,5
JL-15235,CA-2016-165169,"2016-06-05 00:00:00",360.38,6
JL-15235,CA-2016-165169,"2016-06-05 00:00:00",11.16,7
JL-15235,CA-2017-137631,"2017-04-28 00:00:00",751.984,8
JL-15235,US-2017-163657,"2017-09-02 00:00:00",18.72,9
JL-15235,US-2017-163657,"2017-09-02 00:00:00",236.528,10
JL-15505,CA-2014-162362,"2014-11-14 00:00:00",12.72,1
JL-15505,CA-2014-162362,"2014-11-14 00:00:00",11.52,2
JL-15505,CA-2014-103590,"2014-11-30 00:00:00",62.28,3
JL-15505,CA-2016-138520,"2016-04-08 00:00:00",34.4,4
JL-15505,CA-2016-138520,"2016-04-08 00:00:00",17.04,5
JL-15505,CA-2016-138520,"2016-04-08 00:00:00",8.26,6
JL-15505,CA-2016-138520,"2016-04-08 00:00:00",388.704,7
JL-15505,CA-2017-112473,"2017-05-25 00:00:00",50.136,8
JL-15505,CA-2017-156776,"2017-08-07 00:00:00",1473.1,9
JL-15505,CA-2017-156776,"2017-08-07 00:00:00",207.184,10
JL-15505,CA-2017-156776,"2017-08-07 00:00:00",51.75,11
JL-15505,CA-2017-156776,"2017-08-07 00:00:00",24.56,12
JL-15505,CA-2017-156776,"2017-08-07 00:00:00",31.128,13
JL-15505,CA-2017-156776,"2017-08-07 00:00:00",11.952,14
JL-15505,CA-2017-156776,"2017-08-07 00:00:00",707.88,15
JL-15505,CA-2017-156776,"2017-08-07 00:00:00",55.76,16
JL-15505,CA-2017-167976,"2017-11-11 00:00:00",25.5,17
JL-15835,CA-2014-110849,"2014-04-18 00:00:00",287.968,1
JL-15835,CA-2014-110849,"2014-04-18 00:00:00",13.12,2
JL-15835,CA-2014-110849,"2014-04-18 00:00:00",10.75,3
JL-15835,CA-2014-110849,"2014-04-18 00:00:00",11.62,4
JL-15835,US-2014-138758,"2014-07-07 00:00:00",172.186,5
JL-15835,US-2014-138758,"2014-07-07 00:00:00",69.008,6
JL-15835,CA-2014-127299,"2014-09-19 00:00:00",2624.985,7
JL-15835,CA-2014-127299,"2014-09-19 00:00:00",67.344,8
JL-15835,US-2015-138121,"2015-12-17 00:00:00",546.66,9
JL-15835,US-2015-138121,"2015-12-17 00:00:00",142.36,10
JL-15835,US-2015-138121,"2015-12-17 00:00:00",212.13,11
JL-15835,US-2015-138121,"2015-12-17 00:00:00",302.94,12
JL-15835,US-2015-138121,"2015-12-17 00:00:00",29.52,13
JL-15835,CA-2016-154788,"2016-04-30 00:00:00",7.712,14
JL-15835,CA-2017-161333,"2017-02-02 00:00:00",46.8,15
JL-15835,CA-2017-161333,"2017-02-02 00:00:00",86.26,16
JL-15835,CA-2017-161333,"2017-02-02 00:00:00",139.04,17
JL-15835,CA-2017-105193,"2017-03-25 00:00:00",11.05,18
JL-15835,US-2017-161935,"2017-07-14 00:00:00",1889.946,19
JL-15835,US-2017-161935,"2017-07-14 00:00:00",62.04,20
JL-15835,US-2017-161935,"2017-07-14 00:00:00",396.92,21
JL-15835,US-2017-161935,"2017-07-14 00:00:00",239.456,22
JL-15835,US-2017-161935,"2017-07-14 00:00:00",13.12,23
JL-15835,US-2017-161935,"2017-07-14 00:00:00",9.248,24
JL-15835,CA-2017-167913,"2017-07-30 00:00:00",26.25,25
JL-15835,CA-2017-167913,"2017-07-30 00:00:00",330.4,26
JL-15835,CA-2017-164028,"2017-11-24 00:00:00",223.58,27
JL-15835,US-2017-167920,"2017-12-09 00:00:00",1399.98,28
JL-15835,US-2017-167920,"2017-12-09 00:00:00",5.76,29
JL-15835,US-2017-167920,"2017-12-09 00:00:00",15.14,30
JL-15835,US-2017-167920,"2017-12-09 00:00:00",29.36,31
JL-15835,US-2017-167920,"2017-12-09 00:00:00",146.45,32
JL-15835,US-2017-167920,"2017-12-09 00:00:00",15.92,33
JL-15835,US-2017-167920,"2017-12-09 00:00:00",214.9,34
JL-15850,US-2014-164644,"2014-07-22 00:00:00",26.632,1
JL-15850,CA-2015-142944,"2015-03-06 00:00:00",435.26,2
JL-15850,CA-2015-142944,"2015-03-06 00:00:00",1119.984,3
JL-15850,US-2015-142811,"2015-04-02 00:00:00",87.8,4
JL-15850,CA-2015-112557,"2015-04-25 00:00:00",206.43,5
JL-15850,CA-2015-120880,"2015-05-29 00:00:00",167.76,6
JL-15850,CA-2015-120880,"2015-05-29 00:00:00",540.57,7
JL-15850,CA-2015-120880,"2015-05-29 00:00:00",32.4,8
JL-15850,US-2016-150147,"2016-04-25 00:00:00",20.724,9
JL-15850,US-2016-150147,"2016-04-25 00:00:00",82.8,10
JL-15850,US-2016-150147,"2016-04-25 00:00:00",4.896,11
JM-15250,CA-2016-167556,"2016-03-29 00:00:00",414,1
JM-15250,CA-2016-167556,"2016-03-29 00:00:00",29.8,2
JM-15250,CA-2016-167556,"2016-03-29 00:00:00",41.328,3
JM-15250,CA-2016-167556,"2016-03-29 00:00:00",13.48,4
JM-15250,CA-2017-151750,"2017-01-01 00:00:00",310.744,5
JM-15250,CA-2017-151750,"2017-01-01 00:00:00",12.736,6
JM-15250,CA-2017-151750,"2017-01-01 00:00:00",141.42,7
JM-15250,CA-2017-151750,"2017-01-01 00:00:00",13.748,8
JM-15250,CA-2017-151750,"2017-01-01 00:00:00",454.56,9
JM-15250,CA-2017-151750,"2017-01-01 00:00:00",6.47,10
JM-15250,CA-2017-151750,"2017-01-01 00:00:00",15.224,11
JM-15250,CA-2017-128853,"2017-04-21 00:00:00",908.82,12
JM-15250,CA-2017-105921,"2017-08-14 00:00:00",418.296,13
JM-15250,CA-2017-139353,"2017-10-28 00:00:00",47.952,14
JM-15250,CA-2017-139353,"2017-10-28 00:00:00",147.184,15
JM-15250,CA-2017-139353,"2017-10-28 00:00:00",77.952,16
JM-15250,CA-2017-119004,"2017-11-23 00:00:00",74.112,17
JM-15250,CA-2017-119004,"2017-11-23 00:00:00",27.992,18
JM-15250,CA-2017-119004,"2017-11-23 00:00:00",3.304,19
JM-15265,CA-2014-104178,"2014-08-25 00:00:00",48.84,1
JM-15265,CA-2014-104178,"2014-08-25 00:00:00",25.92,2
JM-15265,CA-2014-104178,"2014-08-25 00:00:00",95.1,3
JM-15265,CA-2014-104178,"2014-08-25 00:00:00",6.28,4
JM-15265,CA-2015-100818,"2015-05-31 00:00:00",3.564,5
JM-15265,CA-2015-100818,"2015-05-31 00:00:00",51.56,6
JM-15265,CA-2015-100818,"2015-05-31 00:00:00",173.488,7
JM-15265,CA-2015-100818,"2015-05-31 00:00:00",5.904,8
JM-15265,CA-2016-126858,"2016-11-19 00:00:00",31.96,9
JM-15265,CA-2016-105816,"2016-12-11 00:00:00",1029.95,10
JM-15265,CA-2016-105816,"2016-12-11 00:00:00",15.26,11
JM-15265,CA-2017-149160,"2017-11-23 00:00:00",28.4,12
JM-15265,CA-2017-149160,"2017-11-23 00:00:00",287.92,13
JM-15535,CA-2014-132962,"2014-09-13 00:00:00",15.552,1
JM-15535,CA-2014-132962,"2014-09-13 00:00:00",252,2
JM-15535,CA-2015-148712,"2015-04-17 00:00:00",99.6,3
JM-15535,CA-2015-148712,"2015-04-17 00:00:00",62.296,4
JM-15535,CA-2015-148712,"2015-04-17 00:00:00",10.71,5
JM-15535,CA-2015-138534,"2015-07-17 00:00:00",195.466,6
JM-15535,CA-2016-108735,"2016-04-17 00:00:00",257.499,7
JM-15535,CA-2016-157259,"2016-12-24 00:00:00",799.56,8
JM-15535,CA-2017-103611,"2017-09-12 00:00:00",8.36,9
JM-15535,US-2017-148866,"2017-09-19 00:00:00",32.4,10
JM-15580,CA-2016-166625,"2016-04-14 00:00:00",25.06,1
JM-15580,CA-2016-167416,"2016-05-12 00:00:00",54.9,2
JM-15580,CA-2016-136021,"2016-08-14 00:00:00",105.552,3
JM-15580,CA-2016-136021,"2016-08-14 00:00:00",15.54,4
JM-15580,CA-2016-155138,"2016-09-08 00:00:00",35.168,5
JM-15580,CA-2016-155138,"2016-09-08 00:00:00",64.704,6
JM-15580,CA-2017-156720,"2017-12-30 00:00:00",3.024,7
JM-15655,CA-2014-100363,"2014-04-08 00:00:00",2.368,1
JM-15655,CA-2014-100363,"2014-04-08 00:00:00",19.008,2
JM-15655,CA-2016-112389,"2016-10-29 00:00:00",11.67,3
JM-15655,CA-2016-112389,"2016-10-29 00:00:00",40.74,4
JM-15655,US-2016-108777,"2016-12-12 00:00:00",383.952,5
JM-15655,US-2016-108777,"2016-12-12 00:00:00",18.693,6
JM-15655,CA-2017-151225,"2017-10-27 00:00:00",189.576,7
JM-15655,CA-2017-151225,"2017-10-27 00:00:00",71.96,8
JM-15655,CA-2017-115931,"2017-12-22 00:00:00",37.32,9
JM-15655,CA-2017-115931,"2017-12-22 00:00:00",67.04,10
JM-15655,CA-2017-115931,"2017-12-22 00:00:00",18.45,11
JM-15655,CA-2017-115931,"2017-12-22 00:00:00",4.17,12
JM-15865,CA-2014-144624,"2014-11-19 00:00:00",4548.81,1
JM-15865,US-2015-128090,"2015-08-16 00:00:00",313.024,2
JM-15865,US-2015-128090,"2015-08-16 00:00:00",2.304,3
JM-15865,US-2015-128090,"2015-08-16 00:00:00",1879.96,4
JM-15865,US-2015-128090,"2015-08-16 00:00:00",5.04,5
JM-15865,CA-2015-107685,"2015-11-30 00:00:00",80.96,6
JM-15865,CA-2015-107685,"2015-11-30 00:00:00",25.92,7
JM-15865,CA-2015-158148,"2015-12-20 00:00:00",36.27,8
JM-15865,CA-2016-130393,"2016-12-01 00:00:00",85.246,9
JM-15865,CA-2016-130393,"2016-12-01 00:00:00",11.648,10
JM-15865,CA-2016-130393,"2016-12-01 00:00:00",248.43,11
JM-15865,CA-2017-166576,"2017-05-16 00:00:00",221.024,12
JM-15865,US-2017-109582,"2017-09-12 00:00:00",166.44,13
JM-16195,CA-2014-160094,"2014-04-30 00:00:00",826,1
JM-16195,CA-2014-160094,"2014-04-30 00:00:00",174.95,2
JM-16195,CA-2014-157721,"2014-09-02 00:00:00",19.9,3
JM-16195,CA-2014-157721,"2014-09-02 00:00:00",70.71,4
JM-16195,CA-2015-116092,"2015-02-15 00:00:00",11.52,5
JM-16195,CA-2015-116092,"2015-02-15 00:00:00",13.36,6
JM-16195,CA-2015-116092,"2015-02-15 00:00:00",41.72,7
JM-16195,CA-2015-116092,"2015-02-15 00:00:00",19.44,8
JM-16195,CA-2015-116092,"2015-02-15 00:00:00",541.44,9
JM-16195,US-2015-136427,"2015-06-20 00:00:00",125.944,10
JM-16195,CA-2015-145485,"2015-11-05 00:00:00",62.8,11
JM-16195,CA-2016-158547,"2016-05-30 00:00:00",123.92,12
JM-16195,US-2016-117541,"2016-11-14 00:00:00",19.92,13
JM-16195,US-2016-117541,"2016-11-14 00:00:00",16.45,14
JM-16195,CA-2017-158169,"2017-08-12 00:00:00",542.94,15
JM-16195,CA-2017-158169,"2017-08-12 00:00:00",54.92,16
JM-16195,CA-2017-151008,"2017-09-07 00:00:00",126.56,17
JM-16195,CA-2017-151008,"2017-09-07 00:00:00",25.16,18
JM-16195,CA-2017-130834,"2017-11-03 00:00:00",16.272,19
JO-15145,CA-2014-106054,"2014-01-06 00:00:00",12.78,1
JO-15145,CA-2014-159121,"2014-07-26 00:00:00",111.93,2
JO-15145,CA-2014-152562,"2014-11-01 00:00:00",5.64,3
JO-15145,CA-2014-152562,"2014-11-01 00:00:00",69.52,4
JO-15145,CA-2014-167486,"2014-11-27 00:00:00",199.9,5
JO-15145,US-2016-100461,"2016-01-08 00:00:00",106.05,6
JO-15145,US-2016-100461,"2016-01-08 00:00:00",1565.88,7
JO-15145,CA-2016-116344,"2016-07-29 00:00:00",84.784,8
JO-15145,CA-2017-125913,"2017-01-16 00:00:00",399.672,9
JO-15145,CA-2017-125913,"2017-01-16 00:00:00",27.92,10
JO-15145,CA-2017-130764,"2017-10-27 00:00:00",556.665,11
JO-15145,CA-2017-130764,"2017-10-27 00:00:00",95.84,12
JO-15145,US-2017-168802,"2017-11-03 00:00:00",18.368,13
JO-15280,CA-2014-112403,"2014-03-31 00:00:00",0.852,1
JO-15280,CA-2014-116673,"2014-12-15 00:00:00",6.16,2
JO-15280,CA-2015-130890,"2015-11-02 00:00:00",1038.84,3
JO-15280,CA-2015-109197,"2015-12-31 00:00:00",487.984,4
JO-15280,US-2016-115819,"2016-04-19 00:00:00",9.336,5
JO-15280,US-2016-115819,"2016-04-19 00:00:00",5.84,6
JO-15280,US-2016-115819,"2016-04-19 00:00:00",73.2,7
JO-15280,US-2016-115819,"2016-04-19 00:00:00",5.46,8
JO-15280,US-2016-115819,"2016-04-19 00:00:00",22.72,9
JO-15280,US-2016-115819,"2016-04-19 00:00:00",39.96,10
JO-15280,CA-2017-118402,"2017-09-29 00:00:00",243.92,11
JO-15550,CA-2015-132101,"2015-03-19 00:00:00",453.576,1
JO-15550,CA-2015-119291,"2015-05-14 00:00:00",47.36,2
JO-15550,CA-2015-119291,"2015-05-14 00:00:00",198.272,3
JO-15550,CA-2015-119291,"2015-05-14 00:00:00",200.984,4
JO-15550,CA-2015-119291,"2015-05-14 00:00:00",4.896,5
JO-15550,CA-2015-119291,"2015-05-14 00:00:00",18.588,6
JO-15550,CA-2015-119291,"2015-05-14 00:00:00",2.696,7
JO-15550,CA-2015-119291,"2015-05-14 00:00:00",97.696,8
JO-15550,CA-2015-126466,"2015-11-09 00:00:00",2.48,9
JO-15550,US-2017-138086,"2017-04-16 00:00:00",40.74,10
JO-15550,CA-2017-144568,"2017-05-29 00:00:00",23.55,11
JP-15460,CA-2014-107916,"2014-08-24 00:00:00",13.28,1
JP-15460,CA-2014-107916,"2014-08-24 00:00:00",12.672,2
JP-15460,US-2015-137008,"2015-10-02 00:00:00",51.12,3
JP-15460,US-2015-137008,"2015-10-02 00:00:00",94.85,4
JP-15460,US-2015-137008,"2015-10-02 00:00:00",90,5
JP-15460,CA-2016-161676,"2016-07-18 00:00:00",33.8,6
JP-15460,CA-2016-158001,"2016-08-23 00:00:00",29.34,7
JP-15460,CA-2016-158001,"2016-08-23 00:00:00",1040.8,8
JP-15460,CA-2016-158001,"2016-08-23 00:00:00",21.3,9
JP-15460,CA-2016-158925,"2016-10-24 00:00:00",15.552,10
JP-15460,CA-2017-104906,"2017-02-13 00:00:00",17.94,11
JP-15460,CA-2017-156622,"2017-11-23 00:00:00",127.785,12
JP-15460,CA-2017-156622,"2017-11-23 00:00:00",36.288,13
JP-15460,CA-2017-156622,"2017-11-23 00:00:00",78.304,14
JP-15460,CA-2017-156622,"2017-11-23 00:00:00",6.104,15
JP-15520,CA-2014-130918,"2014-08-22 00:00:00",7.632,1
JP-15520,CA-2014-144666,"2014-11-09 00:00:00",94.85,2
JP-15520,CA-2014-144666,"2014-11-09 00:00:00",222.666,3
JP-15520,CA-2014-144666,"2014-11-09 00:00:00",340.92,4
JP-15520,CA-2014-144666,"2014-11-09 00:00:00",703.968,5
JP-15520,CA-2014-144666,"2014-11-09 00:00:00",92.52,6
JP-15520,CA-2014-144666,"2014-11-09 00:00:00",62.65,7
JP-15520,CA-2015-145401,"2015-01-30 00:00:00",14.304,8
JP-15520,CA-2016-113117,"2016-08-16 00:00:00",32.4,9
JP-15520,CA-2016-117604,"2016-09-04 00:00:00",239.5,10
JP-15520,CA-2017-117324,"2017-12-08 00:00:00",459.92,11
JP-15520,CA-2017-117324,"2017-12-08 00:00:00",61.06,12
JP-15520,CA-2017-117324,"2017-12-08 00:00:00",1089.75,13
JP-15520,CA-2017-117324,"2017-12-08 00:00:00",178.11,14
JP-15520,CA-2017-117324,"2017-12-08 00:00:00",27.52,15
JP-15520,CA-2017-145310,"2017-12-22 00:00:00",7.824,16
JP-16135,CA-2014-113964,"2014-09-23 00:00:00",18.464,1
JP-16135,CA-2015-152513,"2015-07-04 00:00:00",22.848,2
JP-16135,CA-2016-146171,"2016-03-11 00:00:00",76.92,3
JP-16135,CA-2016-146171,"2016-03-11 00:00:00",481.32,4
JP-16135,CA-2016-134180,"2016-11-03 00:00:00",72,5
JP-16135,CA-2016-134180,"2016-11-03 00:00:00",470.155,6
JP-16135,CA-2016-124562,"2016-12-08 00:00:00",12.957,7
JP-16135,US-2016-111528,"2016-12-30 00:00:00",481.32,8
JP-16135,US-2016-111528,"2016-12-30 00:00:00",6.384,9
JP-16135,CA-2017-150525,"2017-02-20 00:00:00",13.11,10
JP-16135,CA-2017-150525,"2017-02-20 00:00:00",6.56,11
JP-16135,US-2017-106796,"2017-05-12 00:00:00",10.272,12
JP-16135,CA-2017-139787,"2017-09-19 00:00:00",35.4,13
JR-15670,US-2015-103471,"2015-12-24 00:00:00",14.04,1
JR-15670,US-2015-103471,"2015-12-24 00:00:00",590.058,2
JR-15670,CA-2016-122133,"2016-05-16 00:00:00",552.56,3
JR-15700,CA-2017-117079,"2017-10-23 00:00:00",863.88,1
JR-16210,CA-2015-142202,"2015-09-18 00:00:00",717.12,1
JR-16210,US-2016-112396,"2016-02-09 00:00:00",31.86,2
JR-16210,US-2016-112396,"2016-02-09 00:00:00",89.97,3
JR-16210,US-2016-114622,"2016-04-10 00:00:00",8.904,4
JR-16210,CA-2017-143378,"2017-09-19 00:00:00",191.976,5
JR-16210,CA-2017-143378,"2017-09-19 00:00:00",23.832,6
JR-16210,CA-2017-143378,"2017-09-19 00:00:00",409.216,7
JR-16210,CA-2017-143378,"2017-09-19 00:00:00",72.588,8
JR-16210,CA-2017-159506,"2017-11-27 00:00:00",497.94,9
JR-16210,CA-2017-159506,"2017-11-27 00:00:00",158.28,10
JS-15595,US-2014-127978,"2014-03-03 00:00:00",15.12,1
JS-15595,US-2014-127978,"2014-03-03 00:00:00",44.672,2
JS-15595,US-2014-127978,"2014-03-03 00:00:00",302.45,3
JS-15595,CA-2015-143602,"2015-04-25 00:00:00",13.944,4
JS-15595,CA-2016-153318,"2016-10-25 00:00:00",783.96,5
JS-15595,CA-2017-111220,"2017-09-02 00:00:00",235.92,6
JS-15595,CA-2017-111220,"2017-09-02 00:00:00",5.588,7
JS-15595,CA-2017-111220,"2017-09-02 00:00:00",16,8
JS-15685,CA-2016-155747,"2016-06-14 00:00:00",337.176,1
JS-15685,CA-2016-109806,"2016-09-17 00:00:00",73.584,2
JS-15685,CA-2016-109806,"2016-09-17 00:00:00",20.1,3
JS-15685,CA-2016-109806,"2016-09-17 00:00:00",6.48,4
JS-15685,CA-2017-169999,"2017-06-19 00:00:00",11.568,5
JS-15685,CA-2017-169999,"2017-06-19 00:00:00",129.3,6
JS-15685,CA-2017-104864,"2017-11-18 00:00:00",20.232,7
JS-15685,CA-2017-104864,"2017-11-18 00:00:00",81.36,8
JS-15685,CA-2017-104864,"2017-11-18 00:00:00",41.472,9
JS-15685,CA-2017-104864,"2017-11-18 00:00:00",20.736,10
JS-15685,CA-2017-104864,"2017-11-18 00:00:00",389.056,11
JS-15880,CA-2014-121769,"2014-04-08 00:00:00",172.11,1
JS-15880,US-2015-126214,"2015-12-21 00:00:00",1618.37,2
JS-15880,US-2015-126214,"2015-12-21 00:00:00",99.6,3
JS-15880,CA-2016-110492,"2016-02-12 00:00:00",15.92,4
JS-15880,CA-2016-110492,"2016-02-12 00:00:00",1350.12,5
JS-15880,CA-2016-162082,"2016-03-14 00:00:00",241.332,6
JS-15880,CA-2016-162082,"2016-03-14 00:00:00",5.184,7
JS-15880,CA-2016-162082,"2016-03-14 00:00:00",145.544,8
JS-15880,CA-2016-115483,"2016-07-14 00:00:00",219.84,9
JS-15940,CA-2014-130274,"2014-05-03 00:00:00",21.56,1
JS-15940,US-2014-166310,"2014-09-21 00:00:00",8.544,2
JS-15940,US-2015-101399,"2015-01-17 00:00:00",254.744,3
JS-15940,US-2016-134908,"2016-06-05 00:00:00",7.56,4
JS-15940,US-2016-134908,"2016-06-05 00:00:00",124.608,5
JS-15940,CA-2016-124016,"2016-09-23 00:00:00",28,6
JS-15940,CA-2016-124016,"2016-09-23 00:00:00",12.201,7
JS-15940,CA-2016-124016,"2016-09-23 00:00:00",11.952,8
JS-16030,CA-2014-156545,"2014-02-27 00:00:00",19.456,1
JS-16030,CA-2016-163776,"2016-07-19 00:00:00",185.58,2
JS-16030,CA-2016-163776,"2016-07-19 00:00:00",77.56,3
JS-16030,CA-2016-163776,"2016-07-19 00:00:00",504.9,4
JS-16030,CA-2016-163776,"2016-07-19 00:00:00",8.6,5
JS-16030,CA-2016-163776,"2016-07-19 00:00:00",245.94,6
JS-16030,CA-2016-163776,"2016-07-19 00:00:00",87.92,7
JS-16030,CA-2016-160220,"2016-10-20 00:00:00",191.98,8
JS-16030,CA-2016-160220,"2016-10-20 00:00:00",20.86,9
JS-16030,CA-2016-160220,"2016-10-20 00:00:00",125.7,10
JS-16030,CA-2017-163265,"2017-02-16 00:00:00",7.692,11
JS-16030,CA-2017-163265,"2017-02-16 00:00:00",28.032,12
JS-16030,CA-2017-163265,"2017-02-16 00:00:00",50.352,13
JS-16030,CA-2017-163265,"2017-02-16 00:00:00",600.558,14
JS-16030,CA-2017-163265,"2017-02-16 00:00:00",18.368,15
JS-16030,CA-2017-125990,"2017-10-19 00:00:00",39.624,16
JS-16030,US-2017-147221,"2017-12-02 00:00:00",294.62,17
JS-16030,US-2017-147221,"2017-12-02 00:00:00",8.752,18
JW-15220,US-2015-115238,"2015-04-30 00:00:00",209.5,1
JW-15220,US-2015-115238,"2015-04-30 00:00:00",6.48,2
JW-15220,US-2015-115238,"2015-04-30 00:00:00",9.48,3
JW-15220,US-2015-115238,"2015-04-30 00:00:00",24.3,4
JW-15220,US-2015-115238,"2015-04-30 00:00:00",31.4,5
JW-15220,CA-2016-133935,"2016-09-18 00:00:00",885.528,6
JW-15220,CA-2016-133935,"2016-09-18 00:00:00",368.91,7
JW-15220,CA-2016-133935,"2016-09-18 00:00:00",801.568,8
JW-15220,CA-2017-116113,"2017-10-02 00:00:00",10.16,9
JW-15220,CA-2017-135909,"2017-10-13 00:00:00",5083.96,10
JW-15220,CA-2017-135909,"2017-10-13 00:00:00",31.984,11
JW-15220,CA-2017-135909,"2017-10-13 00:00:00",209.94,12
JW-15220,CA-2017-139661,"2017-10-30 00:00:00",9.64,13
JW-15220,US-2017-158946,"2017-11-18 00:00:00",38.864,14
JW-15955,US-2015-164238,"2015-08-16 00:00:00",44.688,1
JW-15955,US-2015-164238,"2015-08-16 00:00:00",301.47,2
JW-15955,CA-2016-111605,"2016-12-27 00:00:00",2.61,3
JW-15955,CA-2017-166198,"2017-04-21 00:00:00",11.54,4
JW-15955,CA-2017-166198,"2017-04-21 00:00:00",162.6,5
JW-15955,CA-2017-107209,"2017-07-27 00:00:00",194.848,6
JW-15955,CA-2017-117023,"2017-08-07 00:00:00",11.68,7
JW-15955,CA-2017-117023,"2017-08-07 00:00:00",104.8,8
JW-15955,CA-2017-168837,"2017-10-14 00:00:00",9.46,9
JW-15955,CA-2017-163510,"2017-12-25 00:00:00",304.45,10
JW-15955,CA-2017-163510,"2017-12-25 00:00:00",95.94,11
JW-16075,CA-2015-120621,"2015-03-21 00:00:00",962.08,1
JW-16075,CA-2015-120621,"2015-03-21 00:00:00",295.456,2
JW-16075,CA-2015-120621,"2015-03-21 00:00:00",12.843,3
JW-16075,CA-2015-106208,"2015-12-10 00:00:00",53.088,4
JW-16075,CA-2016-109176,"2016-05-09 00:00:00",79.36,5
JW-16075,CA-2016-109176,"2016-05-09 00:00:00",9.344,6
JW-16075,CA-2016-101385,"2016-09-25 00:00:00",16.56,7
KA-16525,CA-2014-158337,"2014-03-11 00:00:00",108.92,1
KA-16525,CA-2015-152611,"2015-02-20 00:00:00",286.79,2
KA-16525,CA-2015-142993,"2015-10-12 00:00:00",81.96,3
KA-16525,CA-2015-142993,"2015-10-12 00:00:00",17.9,4
KA-16525,CA-2016-124051,"2016-12-29 00:00:00",186.048,5
KA-16525,CA-2017-116498,"2017-05-30 00:00:00",35.1,6
KA-16525,US-2017-110996,"2017-11-20 00:00:00",283.92,7
KA-16525,CA-2017-168641,"2017-11-24 00:00:00",167.96,8
KA-16525,CA-2017-168641,"2017-11-24 00:00:00",12.96,9
KA-16525,CA-2017-168641,"2017-11-24 00:00:00",16.38,10
KA-16525,CA-2017-168641,"2017-11-24 00:00:00",321.568,11
KB-16240,CA-2014-101770,"2014-03-31 00:00:00",1.869,1
KB-16240,CA-2015-134922,"2015-11-07 00:00:00",24.4,2
KB-16240,CA-2015-102848,"2015-11-07 00:00:00",190.72,3
KB-16240,CA-2016-125017,"2016-02-06 00:00:00",132.224,4
KB-16240,CA-2017-162015,"2017-07-11 00:00:00",1287.45,5
KB-16240,CA-2017-162015,"2017-07-11 00:00:00",168.1,6
KB-16240,CA-2017-142034,"2017-09-24 00:00:00",72,7
KB-16240,CA-2017-142034,"2017-09-24 00:00:00",655.9,8
KB-16240,CA-2017-142034,"2017-09-24 00:00:00",603.92,9
KB-16240,CA-2017-136238,"2017-12-26 00:00:00",16.032,10
KB-16315,CA-2014-103331,"2014-08-26 00:00:00",3.38,1
KB-16315,CA-2014-103331,"2014-08-26 00:00:00",17.34,2
KB-16315,CA-2014-103331,"2014-08-26 00:00:00",10.68,3
KB-16315,US-2014-159611,"2014-12-27 00:00:00",182.352,4
KB-16315,US-2014-159611,"2014-12-27 00:00:00",118.16,5
KB-16315,CA-2015-149587,"2015-01-31 00:00:00",12.96,6
KB-16315,CA-2015-149587,"2015-01-31 00:00:00",53.34,7
KB-16315,CA-2015-149587,"2015-01-31 00:00:00",32.96,8
KB-16315,US-2015-147662,"2015-02-14 00:00:00",323.982,9
KB-16315,US-2015-147662,"2015-02-14 00:00:00",2.286,10
KB-16315,US-2015-147662,"2015-02-14 00:00:00",14.952,11
KB-16315,US-2015-147662,"2015-02-14 00:00:00",14.352,12
KB-16315,US-2015-147662,"2015-02-14 00:00:00",71.976,13
KB-16315,CA-2015-131758,"2015-05-28 00:00:00",13.05,14
KB-16315,CA-2015-131758,"2015-05-28 00:00:00",47.82,15
KB-16315,CA-2015-168277,"2015-05-29 00:00:00",12.39,16
KB-16315,CA-2015-111703,"2015-07-02 00:00:00",15.552,17
KB-16315,CA-2015-111703,"2015-07-02 00:00:00",11.952,18
KB-16315,CA-2016-133123,"2016-09-06 00:00:00",95.952,19
KB-16315,CA-2016-133123,"2016-09-06 00:00:00",3.204,20
KB-16315,CA-2017-147354,"2017-03-09 00:00:00",30.84,21
KB-16315,CA-2017-147354,"2017-03-09 00:00:00",479.984,22
KB-16405,CA-2015-112305,"2015-11-20 00:00:00",13.98,1
KB-16405,CA-2015-112305,"2015-11-20 00:00:00",22.14,2
KB-16405,CA-2015-112305,"2015-11-20 00:00:00",119.04,3
KB-16405,CA-2017-161067,"2017-09-03 00:00:00",90.801,4
KB-16405,CA-2017-161067,"2017-09-03 00:00:00",5.56,5
KB-16405,CA-2017-161067,"2017-09-03 00:00:00",419.4,6
KB-16405,CA-2017-161067,"2017-09-03 00:00:00",181.764,7
KB-16405,CA-2017-101182,"2017-09-04 00:00:00",12.96,8
KB-16405,CA-2017-101182,"2017-09-04 00:00:00",43.176,9
KB-16585,CA-2014-149538,"2014-04-04 00:00:00",232.55,1
KB-16585,CA-2014-149538,"2014-04-04 00:00:00",99.98,2
KB-16585,CA-2014-149538,"2014-04-04 00:00:00",12.96,3
KB-16585,CA-2014-149538,"2014-04-04 00:00:00",19.44,4
KB-16585,CA-2014-129168,"2014-08-17 00:00:00",15.552,5
KB-16585,CA-2014-153913,"2014-12-16 00:00:00",1013.832,6
KB-16585,CA-2014-153913,"2014-12-16 00:00:00",1.984,7
KB-16585,US-2015-118906,"2015-03-10 00:00:00",89.82,8
KB-16585,CA-2015-103716,"2015-04-30 00:00:00",19.8,9
KB-16585,CA-2015-103716,"2015-04-30 00:00:00",34.65,10
KB-16585,CA-2015-101924,"2015-09-04 00:00:00",9.762,11
KB-16585,CA-2015-138674,"2015-11-14 00:00:00",8.72,12
KB-16585,CA-2015-138674,"2015-11-14 00:00:00",91.176,13
KB-16585,CA-2015-138674,"2015-11-14 00:00:00",159.968,14
KB-16585,CA-2016-116547,"2016-01-10 00:00:00",69.98,15
KB-16585,CA-2016-116547,"2016-01-10 00:00:00",79.92,16
KB-16585,CA-2016-108868,"2016-09-08 00:00:00",59.96,17
KB-16585,CA-2016-108868,"2016-09-08 00:00:00",70.368,18
KB-16585,CA-2016-137330,"2016-12-09 00:00:00",60.34,19
KB-16585,CA-2016-137330,"2016-12-09 00:00:00",19.46,20
KB-16585,CA-2017-159352,"2017-03-12 00:00:00",69.93,21
KB-16585,CA-2017-129357,"2017-05-14 00:00:00",440.19,22
KB-16585,CA-2017-129357,"2017-05-14 00:00:00",64.4,23
KB-16600,CA-2014-130960,"2014-12-30 00:00:00",9.84,1
KB-16600,CA-2015-157035,"2015-12-09 00:00:00",34.02,2
KB-16600,CA-2016-149671,"2016-06-05 00:00:00",61.38,3
KB-16600,CA-2016-168361,"2016-06-21 00:00:00",0.836,4
KB-16600,CA-2017-159156,"2017-11-13 00:00:00",629.95,5
KB-16600,US-2017-118038,"2017-12-09 00:00:00",1.248,6
KB-16600,US-2017-118038,"2017-12-09 00:00:00",9.708,7
KB-16600,US-2017-118038,"2017-12-09 00:00:00",27.24,8
KB-16600,CA-2017-158673,"2017-12-29 00:00:00",209.7,9
KC-16255,CA-2014-163293,"2014-09-08 00:00:00",83.88,1
KC-16255,CA-2014-163293,"2014-09-08 00:00:00",32.97,2
KC-16255,CA-2015-159590,"2015-07-18 00:00:00",5.76,3
KC-16255,CA-2015-109470,"2015-12-31 00:00:00",364.8,4
KC-16255,CA-2015-109470,"2015-12-31 00:00:00",76.3,5
KC-16255,CA-2015-109470,"2015-12-31 00:00:00",94.74,6
KC-16255,CA-2015-109470,"2015-12-31 00:00:00",60.64,7
KC-16255,US-2016-128293,"2016-06-02 00:00:00",64.784,8
KC-16255,CA-2016-105760,"2016-06-19 00:00:00",17.12,9
KC-16255,US-2016-138408,"2016-11-18 00:00:00",1319.96,10
KC-16540,CA-2015-125416,"2015-11-02 00:00:00",447.93,1
KC-16540,CA-2016-145625,"2016-09-11 00:00:00",7.61,2
KC-16540,CA-2016-145625,"2016-09-11 00:00:00",3347.37,3
KC-16540,CA-2016-134691,"2016-11-14 00:00:00",2.296,4
KC-16540,CA-2017-108910,"2017-09-24 00:00:00",103.056,5
KC-16675,CA-2014-129819,"2014-12-13 00:00:00",12.39,1
KC-16675,CA-2016-138695,"2016-05-28 00:00:00",390.272,2
KC-16675,CA-2016-138695,"2016-05-28 00:00:00",62.192,3
KC-16675,CA-2017-123687,"2017-05-26 00:00:00",25.76,4
KC-16675,CA-2017-123687,"2017-05-26 00:00:00",208.44,5
KC-16675,CA-2017-142636,"2017-11-03 00:00:00",139.86,6
KC-16675,CA-2017-142636,"2017-11-03 00:00:00",307.136,7
KD-16270,CA-2014-165309,"2014-11-11 00:00:00",148.48,1
KD-16270,CA-2014-165309,"2014-11-11 00:00:00",262.336,2
KD-16270,CA-2014-165309,"2014-11-11 00:00:00",21.72,3
KD-16270,CA-2014-165309,"2014-11-11 00:00:00",67.56,4
KD-16270,CA-2014-165309,"2014-11-11 00:00:00",1.234,5
KD-16270,CA-2014-165309,"2014-11-11 00:00:00",896.99,6
KD-16270,CA-2014-165309,"2014-11-11 00:00:00",241.176,7
KD-16270,CA-2015-110870,"2015-12-12 00:00:00",25.76,8
KD-16270,CA-2015-110870,"2015-12-12 00:00:00",299.94,9
KD-16270,US-2016-143819,"2016-03-01 00:00:00",362.92,10
KD-16270,US-2016-143819,"2016-03-01 00:00:00",836.592,11
KD-16270,US-2016-143819,"2016-03-01 00:00:00",4899.93,12
KD-16270,US-2016-143819,"2016-03-01 00:00:00",26.38,13
KD-16270,CA-2016-119823,"2016-06-04 00:00:00",75.88,14
KD-16270,CA-2016-130407,"2016-09-02 00:00:00",39.98,15
KD-16270,CA-2016-130407,"2016-09-02 00:00:00",75.48,16
KD-16345,US-2014-138828,"2014-09-02 00:00:00",14.94,1
KD-16345,US-2014-138828,"2014-09-02 00:00:00",57.75,2
KD-16345,CA-2014-113579,"2014-12-13 00:00:00",90.24,3
KD-16345,CA-2015-145814,"2015-11-19 00:00:00",5.984,4
KD-16345,CA-2015-145814,"2015-11-19 00:00:00",861.76,5
KD-16345,US-2015-123218,"2015-12-20 00:00:00",359.058,6
KD-16345,US-2015-123218,"2015-12-20 00:00:00",255.968,7
KD-16345,US-2015-123218,"2015-12-20 00:00:00",159.984,8
KD-16345,CA-2017-157833,"2017-06-17 00:00:00",51.312,9
KD-16345,CA-2017-121468,"2017-11-19 00:00:00",31.968,10
KD-16495,CA-2014-125136,"2014-09-28 00:00:00",96.256,1
KD-16495,CA-2014-125136,"2014-09-28 00:00:00",10.688,2
KD-16495,CA-2015-114811,"2015-11-08 00:00:00",67.15,3
KD-16495,CA-2015-114811,"2015-11-08 00:00:00",11.82,4
KD-16495,CA-2015-114811,"2015-11-08 00:00:00",577.764,5
KD-16495,CA-2015-114811,"2015-11-08 00:00:00",4643.8,6
KD-16495,CA-2015-114811,"2015-11-08 00:00:00",549.98,7
KD-16495,US-2015-148817,"2015-12-01 00:00:00",63.96,8
KD-16495,US-2015-148817,"2015-12-01 00:00:00",61.68,9
KD-16495,CA-2015-121650,"2015-12-10 00:00:00",2.61,10
KD-16495,CA-2015-121650,"2015-12-10 00:00:00",3.9,11
KD-16495,CA-2015-121650,"2015-12-10 00:00:00",801.96,12
KD-16495,CA-2015-121650,"2015-12-10 00:00:00",191.96,13
KD-16495,CA-2015-125066,"2015-12-14 00:00:00",56.3,14
KD-16495,CA-2015-125066,"2015-12-14 00:00:00",6.16,15
KD-16495,CA-2016-123337,"2016-09-16 00:00:00",273.666,16
KD-16495,CA-2016-123337,"2016-09-16 00:00:00",17.48,17
KD-16495,US-2016-113985,"2016-12-02 00:00:00",14.52,18
KD-16495,US-2016-113985,"2016-12-02 00:00:00",104.184,19
KD-16495,US-2016-113985,"2016-12-02 00:00:00",24.704,20
KD-16495,US-2016-113985,"2016-12-02 00:00:00",59.7,21
KD-16495,US-2016-104794,"2016-12-16 00:00:00",3.68,22
KD-16495,CA-2016-117226,"2016-12-30 00:00:00",6.924,23
KD-16495,CA-2017-104619,"2017-01-24 00:00:00",276.784,24
KD-16495,CA-2017-104619,"2017-01-24 00:00:00",110.352,25
KD-16495,CA-2017-104619,"2017-01-24 00:00:00",25.86,26
KD-16495,CA-2017-167542,"2017-08-13 00:00:00",17.544,27
KD-16495,CA-2017-100825,"2017-09-09 00:00:00",99.87,28
KD-16615,US-2015-129007,"2015-09-13 00:00:00",25.032,1
KD-16615,US-2015-129007,"2015-09-13 00:00:00",717.72,2
KD-16615,US-2015-129007,"2015-09-13 00:00:00",131.88,3
KD-16615,US-2015-129007,"2015-09-13 00:00:00",209.7,4
KD-16615,US-2015-129007,"2015-09-13 00:00:00",44.67,5
KD-16615,US-2015-129007,"2015-09-13 00:00:00",207.35,6
KD-16615,CA-2016-144792,"2016-04-30 00:00:00",111.888,7
KD-16615,US-2016-102141,"2016-08-26 00:00:00",146.688,8
KD-16615,CA-2017-155712,"2017-03-02 00:00:00",107.648,9
KD-16615,CA-2017-129294,"2017-03-16 00:00:00",19.68,10
KD-16615,CA-2017-129294,"2017-03-16 00:00:00",310.12,11
KD-16615,CA-2017-129294,"2017-03-16 00:00:00",70.464,12
KD-16615,CA-2017-129294,"2017-03-16 00:00:00",140.67,13
KE-16420,CA-2014-112291,"2014-04-03 00:00:00",11.16,1
KE-16420,CA-2014-112291,"2014-04-03 00:00:00",62.31,2
KE-16420,CA-2014-112291,"2014-04-03 00:00:00",159.98,3
KE-16420,US-2014-109162,"2014-06-08 00:00:00",170.352,4
KE-16420,CA-2014-120096,"2014-07-04 00:00:00",177.536,5
KE-16420,CA-2014-120096,"2014-07-04 00:00:00",32.432,6
KE-16420,US-2015-163685,"2015-06-01 00:00:00",42.24,7
KE-16420,US-2015-163685,"2015-06-01 00:00:00",5.728,8
KE-16420,US-2015-166520,"2015-07-16 00:00:00",80.88,9
KE-16420,US-2015-166520,"2015-07-16 00:00:00",599.9,10
KE-16420,CA-2016-140417,"2016-09-25 00:00:00",60.048,11
KE-16420,CA-2016-140417,"2016-09-25 00:00:00",5.022,12
KE-16420,CA-2017-113873,"2017-11-13 00:00:00",205.9992,13
KE-16420,CA-2017-113873,"2017-11-13 00:00:00",61.792,14
KE-16420,CA-2017-147550,"2017-12-04 00:00:00",11.352,15
KF-16285,CA-2014-132451,"2014-09-26 00:00:00",585.552,1
KF-16285,CA-2014-132451,"2014-09-26 00:00:00",19.44,2
KF-16285,CA-2016-159016,"2016-03-10 00:00:00",14.9,3
KF-16285,CA-2016-159016,"2016-03-10 00:00:00",4158.912,4
KF-16285,CA-2017-166296,"2017-03-13 00:00:00",314.55,5
KF-16285,CA-2017-112333,"2017-04-08 00:00:00",2591.56,6
KF-16285,CA-2017-112333,"2017-04-08 00:00:00",41.95,7
KF-16285,US-2017-148362,"2017-07-01 00:00:00",25.92,8
KF-16285,US-2017-148362,"2017-07-01 00:00:00",169.99,9
KF-16285,US-2017-148362,"2017-07-01 00:00:00",443.92,10
KF-16285,CA-2017-149559,"2017-09-11 00:00:00",2054.272,11
KF-16285,CA-2017-149559,"2017-09-11 00:00:00",12.96,12
KF-16285,CA-2017-149559,"2017-09-11 00:00:00",22.18,13
KF-16285,US-2017-132675,"2017-09-24 00:00:00",89.9,14
KF-16285,US-2017-132675,"2017-09-24 00:00:00",15.75,15
KF-16285,US-2017-132675,"2017-09-24 00:00:00",15.51,16
KF-16285,US-2017-132675,"2017-09-24 00:00:00",14.28,17
KF-16285,US-2017-132675,"2017-09-24 00:00:00",12.72,18
KH-16330,CA-2014-138359,"2014-04-01 00:00:00",6.24,1
KH-16330,CA-2014-138359,"2014-04-01 00:00:00",66.96,2
KH-16330,CA-2014-160738,"2014-05-05 00:00:00",45.248,3
KH-16330,CA-2014-140396,"2014-11-20 00:00:00",25.92,4
KH-16330,CA-2014-140396,"2014-11-20 00:00:00",12.96,5
KH-16330,CA-2014-140396,"2014-11-20 00:00:00",34.74,6
KH-16330,CA-2014-140396,"2014-11-20 00:00:00",833.94,7
KH-16330,CA-2016-153577,"2016-06-27 00:00:00",37.464,8
KH-16330,CA-2016-153577,"2016-06-27 00:00:00",539.658,9
KH-16330,CA-2016-157763,"2016-07-18 00:00:00",140.81,10
KH-16330,CA-2017-128944,"2017-06-19 00:00:00",122.328,11
KH-16330,CA-2017-128944,"2017-06-19 00:00:00",38.784,12
KH-16330,CA-2017-128944,"2017-06-19 00:00:00",760.116,13
KH-16330,CA-2017-158120,"2017-11-17 00:00:00",19.608,14
KH-16330,CA-2017-158120,"2017-11-17 00:00:00",4.158,15
KH-16330,CA-2017-120404,"2017-11-20 00:00:00",569.99,16
KH-16330,CA-2017-120404,"2017-11-20 00:00:00",50.97,17
KH-16330,CA-2017-120404,"2017-11-20 00:00:00",2.97,18
KH-16360,CA-2014-118304,"2014-04-29 00:00:00",19.98,1
KH-16360,CA-2014-127166,"2014-05-21 00:00:00",56.064,2
KH-16360,CA-2014-127166,"2014-05-21 00:00:00",4.832,3
KH-16360,CA-2014-127166,"2014-05-21 00:00:00",18.24,4
KH-16360,CA-2014-127166,"2014-05-21 00:00:00",107.772,5
KH-16360,CA-2016-101469,"2016-07-02 00:00:00",7.7,6
KH-16360,CA-2016-137743,"2016-07-30 00:00:00",1036.624,7
KH-16360,CA-2016-137743,"2016-07-30 00:00:00",9.248,8
KH-16360,CA-2017-131156,"2017-04-03 00:00:00",25.472,9
KH-16360,US-2017-158526,"2017-12-29 00:00:00",1207.84,10
KH-16360,US-2017-158526,"2017-12-29 00:00:00",12.53,11
KH-16360,US-2017-158526,"2017-12-29 00:00:00",300.98,12
KH-16360,US-2017-158526,"2017-12-29 00:00:00",258.75,13
KH-16360,US-2017-158526,"2017-12-29 00:00:00",34.58,14
KH-16510,CA-2014-138023,"2014-08-15 00:00:00",30.96,1
KH-16510,CA-2014-152233,"2014-10-05 00:00:00",99.98,2
KH-16510,US-2014-109036,"2014-12-20 00:00:00",31.05,3
KH-16510,CA-2015-133242,"2015-06-18 00:00:00",450.04,4
KH-16510,CA-2015-133242,"2015-06-18 00:00:00",467.97,5
KH-16510,CA-2015-133242,"2015-06-18 00:00:00",33.02,6
KH-16510,CA-2015-133242,"2015-06-18 00:00:00",60.84,7
KH-16510,CA-2015-133242,"2015-06-18 00:00:00",34.6,8
KH-16510,CA-2015-104948,"2015-11-13 00:00:00",29.96,9
KH-16510,CA-2015-104948,"2015-11-13 00:00:00",683.332,10
KH-16510,CA-2015-104948,"2015-11-13 00:00:00",9.872,11
KH-16510,CA-2017-111262,"2017-10-28 00:00:00",24,12
KH-16510,CA-2017-111262,"2017-10-28 00:00:00",15.552,13
KH-16510,CA-2017-111262,"2017-10-28 00:00:00",26.176,14
KH-16510,CA-2017-117457,"2017-12-08 00:00:00",1199.976,15
KH-16510,CA-2017-117457,"2017-12-08 00:00:00",27.15,16
KH-16510,CA-2017-117457,"2017-12-08 00:00:00",1004.024,17
KH-16510,CA-2017-117457,"2017-12-08 00:00:00",9.68,18
KH-16510,CA-2017-117457,"2017-12-08 00:00:00",55.98,19
KH-16510,CA-2017-117457,"2017-12-08 00:00:00",1336.829,20
KH-16510,CA-2017-117457,"2017-12-08 00:00:00",113.568,21
KH-16510,CA-2017-117457,"2017-12-08 00:00:00",28.35,22
KH-16510,CA-2017-117457,"2017-12-08 00:00:00",179.95,23
KH-16630,CA-2014-102673,"2014-11-01 00:00:00",978.84,1
KH-16630,CA-2014-102673,"2014-11-01 00:00:00",47.808,2
KH-16630,CA-2014-102673,"2014-11-01 00:00:00",7.52,3
KH-16630,CA-2014-102673,"2014-11-01 00:00:00",10.272,4
KH-16630,CA-2015-132633,"2015-02-03 00:00:00",12.144,5
KH-16630,CA-2015-109575,"2015-09-18 00:00:00",636.86,6
KH-16630,CA-2015-109575,"2015-09-18 00:00:00",41.96,7
KH-16630,CA-2015-109575,"2015-09-18 00:00:00",65.08,8
KH-16630,CA-2015-109575,"2015-09-18 00:00:00",1259.93,9
KH-16630,CA-2015-109575,"2015-09-18 00:00:00",499.99,10
KH-16630,CA-2016-103037,"2016-07-25 00:00:00",15.712,11
KH-16630,CA-2016-100153,"2016-12-13 00:00:00",63.88,12
KH-16630,CA-2017-147403,"2017-09-10 00:00:00",85.056,13
KH-16630,CA-2017-166898,"2017-09-11 00:00:00",143.952,14
KH-16630,CA-2017-166898,"2017-09-11 00:00:00",19.44,15
KH-16630,CA-2017-152275,"2017-10-01 00:00:00",6.672,16
KH-16630,CA-2017-164049,"2017-11-02 00:00:00",23.85,17
KH-16690,CA-2014-163223,"2014-03-21 00:00:00",14.4,1
KH-16690,CA-2014-163223,"2014-03-21 00:00:00",122.94,2
KH-16690,CA-2014-163223,"2014-03-21 00:00:00",3499.93,3
KH-16690,CA-2014-163223,"2014-03-21 00:00:00",9.32,4
KH-16690,CA-2014-163223,"2014-03-21 00:00:00",122.97,5
KH-16690,CA-2015-119102,"2015-05-23 00:00:00",51.45,6
KH-16690,CA-2015-150714,"2015-10-26 00:00:00",14.301,7
KH-16690,CA-2015-150714,"2015-10-26 00:00:00",131.904,8
KH-16690,CA-2015-150714,"2015-10-26 00:00:00",146.544,9
KH-16690,CA-2015-150714,"2015-10-26 00:00:00",718.64,10
KH-16690,CA-2015-150714,"2015-10-26 00:00:00",203.88,11
KH-16690,US-2015-120957,"2015-12-07 00:00:00",12.96,12
KH-16690,CA-2016-103891,"2016-07-12 00:00:00",95.76,13
KH-16690,CA-2017-118864,"2017-06-15 00:00:00",119.96,14
KH-16690,CA-2017-163979,"2017-12-28 00:00:00",725.84,15
KL-16555,US-2014-141215,"2014-06-15 00:00:00",8.568,1
KL-16555,US-2014-141215,"2014-06-15 00:00:00",797.944,2
KL-16555,US-2014-141215,"2014-06-15 00:00:00",99.918,3
KL-16555,CA-2014-111451,"2014-12-26 00:00:00",300.416,4
KL-16555,CA-2014-111451,"2014-12-26 00:00:00",230.352,5
KL-16555,CA-2014-111451,"2014-12-26 00:00:00",218.352,6
KL-16555,CA-2014-111451,"2014-12-26 00:00:00",27.552,7
KL-16555,CA-2014-111451,"2014-12-26 00:00:00",78.6,8
KL-16555,US-2016-129469,"2016-09-23 00:00:00",532.704,9
KL-16555,US-2016-129469,"2016-09-23 00:00:00",4.912,10
KL-16555,US-2016-153815,"2016-11-06 00:00:00",35.568,11
KL-16555,US-2016-153815,"2016-11-06 00:00:00",36.112,12
KL-16555,US-2016-153815,"2016-11-06 00:00:00",207.984,13
KL-16555,US-2016-153815,"2016-11-06 00:00:00",88.768,14
KL-16555,CA-2017-160395,"2016-12-31 00:00:00",159.768,15
KL-16555,CA-2017-160395,"2016-12-31 00:00:00",3.64,16
KL-16555,CA-2017-103478,"2017-07-21 00:00:00",2.864,17
KL-16555,CA-2017-103478,"2017-07-21 00:00:00",94.192,18
KL-16555,CA-2017-147760,"2017-11-04 00:00:00",1359.96,19
KL-16555,CA-2017-147760,"2017-11-04 00:00:00",523.764,20
KL-16555,CA-2017-147333,"2017-12-14 00:00:00",159.8,21
KL-16555,CA-2017-147333,"2017-12-14 00:00:00",44.75,22
KL-16645,CA-2014-143917,"2014-07-25 00:00:00",8187.65,1
KL-16645,CA-2014-143917,"2014-07-25 00:00:00",53.72,2
KL-16645,CA-2014-143917,"2014-07-25 00:00:00",77.92,3
KL-16645,CA-2014-154641,"2014-08-11 00:00:00",375.34,4
KL-16645,CA-2015-128167,"2015-06-22 00:00:00",4.96,5
KL-16645,CA-2015-131072,"2015-11-05 00:00:00",98.352,6
KL-16645,CA-2015-115798,"2015-11-13 00:00:00",377.97,7
KL-16645,CA-2015-115798,"2015-11-13 00:00:00",89.98,8
KL-16645,CA-2015-115798,"2015-11-13 00:00:00",299.97,9
KL-16645,CA-2015-115798,"2015-11-13 00:00:00",42.28,10
KL-16645,CA-2016-133725,"2016-05-23 00:00:00",1979.928,11
KL-16645,CA-2016-157749,"2016-06-04 00:00:00",4.044,12
KL-16645,CA-2016-157749,"2016-06-04 00:00:00",177.225,13
KL-16645,CA-2016-157749,"2016-06-04 00:00:00",31.984,14
KL-16645,CA-2016-157749,"2016-06-04 00:00:00",419.68,15
KL-16645,CA-2016-157749,"2016-06-04 00:00:00",25.92,16
KL-16645,CA-2016-157749,"2016-06-04 00:00:00",11.688,17
KL-16645,CA-2016-157749,"2016-06-04 00:00:00",7.408,18
KL-16645,CA-2016-133550,"2016-07-31 00:00:00",272.94,19
KL-16645,CA-2016-133550,"2016-07-31 00:00:00",635.96,20
KL-16645,CA-2016-133550,"2016-07-31 00:00:00",283.14,21
KL-16645,CA-2016-133550,"2016-07-31 00:00:00",118.99,22
KL-16645,CA-2016-157742,"2016-12-29 00:00:00",27.792,23
KL-16645,CA-2017-112900,"2017-04-09 00:00:00",478.24,24
KL-16645,CA-2017-164042,"2017-05-23 00:00:00",1.824,25
KL-16645,CA-2017-164042,"2017-05-23 00:00:00",1.188,26
KL-16645,CA-2017-164042,"2017-05-23 00:00:00",48.816,27
KL-16645,CA-2017-164042,"2017-05-23 00:00:00",18.32,28
KL-16645,US-2017-140312,"2017-11-13 00:00:00",22,29
KM-16225,CA-2015-108665,"2015-07-06 00:00:00",124.95,1
KM-16225,CA-2015-108665,"2015-07-06 00:00:00",601.65,2
KM-16225,CA-2015-108665,"2015-07-06 00:00:00",13.96,3
KM-16225,CA-2015-108665,"2015-07-06 00:00:00",155.82,4
KM-16225,US-2015-138093,"2015-12-10 00:00:00",44.75,5
KM-16225,US-2015-138093,"2015-12-10 00:00:00",134.99,6
KM-16225,US-2015-138093,"2015-12-10 00:00:00",542.94,7
KM-16225,US-2015-138093,"2015-12-10 00:00:00",27.36,8
KM-16225,US-2015-138093,"2015-12-10 00:00:00",26.4,9
KM-16225,CA-2016-119935,"2016-11-10 00:00:00",81.96,10
KM-16225,CA-2016-119935,"2016-11-10 00:00:00",37.3,11
KM-16225,CA-2017-116358,"2017-11-02 00:00:00",18.24,12
KM-16225,CA-2017-116358,"2017-11-02 00:00:00",27.78,13
KM-16225,CA-2017-148012,"2017-12-09 00:00:00",2.624,14
KM-16225,CA-2017-137463,"2017-12-16 00:00:00",5.984,15
KM-16225,CA-2017-137463,"2017-12-16 00:00:00",44.4,16
KM-16225,CA-2017-137463,"2017-12-16 00:00:00",29.95,17
KM-16225,CA-2017-137463,"2017-12-16 00:00:00",149.95,18
KM-16225,CA-2017-137463,"2017-12-16 00:00:00",189.95,19
KM-16375,CA-2014-143903,"2014-07-20 00:00:00",981.372,1
KM-16375,CA-2014-143903,"2014-07-20 00:00:00",16.74,2
KM-16375,CA-2014-143903,"2014-07-20 00:00:00",342.864,3
KM-16375,CA-2014-133592,"2014-12-31 00:00:00",14.94,4
KM-16375,CA-2014-133592,"2014-12-31 00:00:00",195.64,5
KM-16375,CA-2014-133592,"2014-12-31 00:00:00",605.88,6
KM-16375,CA-2014-133592,"2014-12-31 00:00:00",341.96,7
KM-16375,CA-2014-133592,"2014-12-31 00:00:00",1687.8,8
KM-16375,CA-2015-163734,"2015-06-19 00:00:00",228.92,9
KM-16375,CA-2015-148628,"2015-12-06 00:00:00",32.75,10
KM-16375,CA-2016-149454,"2016-07-25 00:00:00",10.44,11
KM-16375,CA-2016-159212,"2016-11-01 00:00:00",251.79,12
KM-16375,CA-2016-159212,"2016-11-01 00:00:00",21.8,13
KM-16375,CA-2017-135937,"2017-02-20 00:00:00",31.992,14
KM-16375,CA-2017-135937,"2017-02-20 00:00:00",68.704,15
KM-16375,CA-2017-135937,"2017-02-20 00:00:00",10.64,16
KM-16375,CA-2017-135937,"2017-02-20 00:00:00",333.576,17
KM-16375,CA-2017-135937,"2017-02-20 00:00:00",51.168,18
KM-16375,CA-2017-135937,"2017-02-20 00:00:00",386.91,19
KM-16375,CA-2017-159135,"2017-11-04 00:00:00",4.3,20
KM-16660,CA-2014-133543,"2014-12-22 00:00:00",11.76,1
KM-16660,US-2015-168732,"2015-12-10 00:00:00",1.78,2
KM-16660,US-2015-168732,"2015-12-10 00:00:00",25.92,3
KM-16660,US-2015-168732,"2015-12-10 00:00:00",101.94,4
KM-16660,CA-2016-140046,"2016-07-28 00:00:00",18.9,5
KM-16660,CA-2016-132990,"2016-08-01 00:00:00",19.312,6
KM-16660,CA-2017-154116,"2017-12-15 00:00:00",196.776,7
KM-16660,CA-2017-154116,"2017-12-15 00:00:00",54.32,8
KM-16660,CA-2017-154116,"2017-12-15 00:00:00",22.83,9
KM-16720,CA-2014-169033,"2014-03-30 00:00:00",49.65,1
KM-16720,US-2014-157021,"2014-04-01 00:00:00",17.088,2
KM-16720,US-2014-157021,"2014-04-01 00:00:00",29.6,3
KM-16720,CA-2014-100678,"2014-04-18 00:00:00",227.976,4
KM-16720,CA-2014-100678,"2014-04-18 00:00:00",149.352,5
KM-16720,CA-2014-100678,"2014-04-18 00:00:00",2.688,6
KM-16720,CA-2014-100678,"2014-04-18 00:00:00",317.058,7
KM-16720,CA-2014-126760,"2014-07-26 00:00:00",170.97,8
KM-16720,CA-2014-126760,"2014-07-26 00:00:00",134.01,9
KM-16720,CA-2014-126760,"2014-07-26 00:00:00",674.352,10
KM-16720,CA-2014-126760,"2014-07-26 00:00:00",911.984,11
KM-16720,US-2015-106873,"2015-09-24 00:00:00",23.2,12
KM-16720,US-2015-106873,"2015-09-24 00:00:00",16.464,13
KM-16720,US-2015-106873,"2015-09-24 00:00:00",14.576,14
KM-16720,CA-2015-135545,"2015-11-24 00:00:00",25.824,15
KM-16720,CA-2015-135545,"2015-11-24 00:00:00",13.98,16
KM-16720,CA-2015-135545,"2015-11-24 00:00:00",146.73,17
KM-16720,CA-2015-135545,"2015-11-24 00:00:00",79.76,18
KM-16720,CA-2016-109666,"2016-04-19 00:00:00",25.98,19
KM-16720,CA-2016-109666,"2016-04-19 00:00:00",3.28,20
KM-16720,CA-2016-109666,"2016-04-19 00:00:00",54.9,21
KM-16720,CA-2016-109666,"2016-04-19 00:00:00",459.88,22
KM-16720,CA-2016-109666,"2016-04-19 00:00:00",9.28,23
KM-16720,CA-2016-109666,"2016-04-19 00:00:00",7.76,24
KM-16720,CA-2016-109666,"2016-04-19 00:00:00",71.96,25
KM-16720,CA-2017-167395,"2017-12-02 00:00:00",286.86,26
KM-16720,CA-2017-167395,"2017-12-02 00:00:00",4.36,27
KM-16720,CA-2017-167395,"2017-12-02 00:00:00",979.95,28
KN-16390,CA-2014-132864,"2014-12-02 00:00:00",119.8,1
KN-16390,CA-2015-109001,"2015-03-05 00:00:00",10.312,2
KN-16390,CA-2015-109001,"2015-03-05 00:00:00",2.556,3
KN-16390,CA-2015-109001,"2015-03-05 00:00:00",466.158,4
KN-16390,CA-2015-154823,"2015-08-21 00:00:00",25.984,5
KN-16390,CA-2015-154823,"2015-08-21 00:00:00",598.458,6
KN-16390,CA-2015-154823,"2015-08-21 00:00:00",12.828,7
KN-16390,CA-2015-132388,"2015-10-10 00:00:00",362.136,8
KN-16390,CA-2015-132388,"2015-10-10 00:00:00",31.05,9
KN-16390,CA-2017-140802,"2017-04-21 00:00:00",47.976,10
KN-16390,CA-2017-140802,"2017-04-21 00:00:00",20.736,11
KN-16390,CA-2017-113908,"2017-06-03 00:00:00",384.768,12
KN-16390,CA-2017-113908,"2017-06-03 00:00:00",78.66,13
KN-16390,CA-2017-113908,"2017-06-03 00:00:00",45.36,14
KN-16390,CA-2017-164959,"2017-07-11 00:00:00",8.67,15
KN-16390,CA-2017-113460,"2017-11-07 00:00:00",272.97,16
KN-16390,CA-2017-129581,"2017-12-11 00:00:00",128.85,17
KN-16450,CA-2014-154599,"2014-04-12 00:00:00",1075.088,1
KN-16450,CA-2014-154599,"2014-04-12 00:00:00",438.368,2
KN-16450,CA-2014-154599,"2014-04-12 00:00:00",18.088,3
KN-16450,CA-2014-154599,"2014-04-12 00:00:00",308.499,4
KN-16450,CA-2014-112718,"2014-12-16 00:00:00",1.167,5
KN-16450,CA-2015-123456,"2015-07-09 00:00:00",48.632,6
KN-16450,CA-2015-155145,"2015-12-27 00:00:00",7.92,7
KN-16450,CA-2017-155621,"2017-11-08 00:00:00",274.2,8
KN-16705,CA-2014-107524,"2014-03-02 00:00:00",36.4,1
KN-16705,CA-2014-107524,"2014-03-02 00:00:00",11.36,2
KN-16705,CA-2014-157609,"2014-03-16 00:00:00",471.92,3
KN-16705,US-2014-143287,"2014-11-11 00:00:00",223.92,4
KN-16705,US-2014-143287,"2014-11-11 00:00:00",7.3,5
KN-16705,US-2014-143287,"2014-11-11 00:00:00",46.35,6
KN-16705,CA-2015-105613,"2015-10-18 00:00:00",27.696,7
KN-16705,CA-2015-105613,"2015-10-18 00:00:00",73.164,8
KN-16705,CA-2016-140613,"2016-07-22 00:00:00",86.2,9
KN-16705,CA-2017-102554,"2017-06-11 00:00:00",3.76,10
KN-16705,CA-2017-126067,"2017-08-28 00:00:00",1137.75,11
KN-16705,CA-2017-126067,"2017-08-28 00:00:00",99.68,12
KN-16705,CA-2017-126067,"2017-08-28 00:00:00",5.56,13
KN-16705,CA-2017-126067,"2017-08-28 00:00:00",35.168,14
KN-16705,CA-2017-138422,"2017-09-23 00:00:00",14.352,15
KS-16300,CA-2015-169677,"2015-01-13 00:00:00",9.82,1
KS-16300,CA-2015-155124,"2015-03-15 00:00:00",16.776,2
KS-16300,CA-2017-155824,"2017-03-10 00:00:00",13.092,3
KS-16300,CA-2017-155824,"2017-03-10 00:00:00",48.784,4
KT-16465,CA-2014-146283,"2014-09-08 00:00:00",966.7,1
KT-16465,CA-2014-146283,"2014-09-08 00:00:00",182.112,2
KT-16465,CA-2014-146283,"2014-09-08 00:00:00",17.904,3
KT-16465,US-2014-117170,"2014-09-17 00:00:00",4.624,4
KT-16465,US-2014-117170,"2014-09-17 00:00:00",47.984,5
KT-16465,US-2014-151925,"2014-09-26 00:00:00",145.568,6
KT-16465,CA-2015-158456,"2015-12-24 00:00:00",19.936,7
KT-16465,CA-2015-158456,"2015-12-24 00:00:00",45.92,8
KT-16465,US-2016-133879,"2016-03-21 00:00:00",3.168,9
KT-16465,US-2016-133879,"2016-03-21 00:00:00",13.392,10
KT-16465,US-2016-133879,"2016-03-21 00:00:00",528.43,11
KT-16465,CA-2016-112669,"2016-04-14 00:00:00",933.536,12
KT-16465,CA-2016-112669,"2016-04-14 00:00:00",42.976,13
KT-16465,CA-2016-112060,"2016-12-04 00:00:00",104.85,14
KT-16480,US-2014-140116,"2014-03-10 00:00:00",636.408,1
KT-16480,US-2014-140116,"2014-03-10 00:00:00",83.168,2
KT-16480,CA-2014-116666,"2014-05-08 00:00:00",1799.97,3
KT-16480,CA-2014-155887,"2014-05-12 00:00:00",700.056,4
KT-16480,CA-2015-132570,"2015-10-31 00:00:00",79.96,5
KT-16480,CA-2015-132570,"2015-10-31 00:00:00",2.78,6
KT-16480,CA-2016-146206,"2016-09-10 00:00:00",300.93,7
KT-16480,CA-2016-146206,"2016-09-10 00:00:00",719.96,8
KT-16480,CA-2017-126718,"2017-04-29 00:00:00",4.91,9
KT-16480,CA-2017-142461,"2017-05-30 00:00:00",204.6664,10
KT-16480,CA-2017-159107,"2017-06-24 00:00:00",2.88,11
KT-16480,CA-2017-105326,"2017-08-20 00:00:00",25.92,12
KT-16480,CA-2017-123351,"2017-09-21 00:00:00",80.48,13
KW-16435,CA-2015-102491,"2015-08-24 00:00:00",3080,1
KW-16435,CA-2015-102491,"2015-08-24 00:00:00",79.96,2
KW-16435,CA-2015-102491,"2015-08-24 00:00:00",587.97,3
KW-16435,US-2015-149692,"2015-12-06 00:00:00",2.772,4
KW-16435,CA-2016-146682,"2016-10-29 00:00:00",67,5
KW-16435,CA-2017-115805,"2017-07-31 00:00:00",36.792,6
KW-16435,CA-2017-144904,"2017-09-25 00:00:00",20.7,7
KW-16435,CA-2017-144904,"2017-09-25 00:00:00",488.646,8
KW-16435,CA-2017-144904,"2017-09-25 00:00:00",5.56,9
KW-16435,CA-2017-144904,"2017-09-25 00:00:00",47.12,10
KW-16570,CA-2014-140886,"2014-09-30 00:00:00",69.216,1
KW-16570,CA-2015-102722,"2015-04-18 00:00:00",106.5,2
KW-16570,US-2015-124219,"2015-08-07 00:00:00",212.94,3
KW-16570,US-2015-124219,"2015-08-07 00:00:00",28.4,4
KW-16570,US-2015-158589,"2015-11-20 00:00:00",32.04,5
LA-16780,CA-2014-107811,"2014-04-29 00:00:00",99.92,1
LA-16780,CA-2014-107811,"2014-04-29 00:00:00",561.584,2
LA-16780,CA-2014-163552,"2014-07-11 00:00:00",124.11,3
LA-16780,CA-2014-163552,"2014-07-11 00:00:00",14.4,4
LA-16780,CA-2014-163552,"2014-07-11 00:00:00",177.2,5
LA-16780,CA-2014-163552,"2014-07-11 00:00:00",197.97,6
LA-16780,CA-2014-163552,"2014-07-11 00:00:00",854.94,7
LA-16780,CA-2015-129700,"2015-05-04 00:00:00",22.288,8
LA-16780,CA-2015-125395,"2015-06-26 00:00:00",41.9,9
LA-16780,CA-2016-108882,"2016-01-09 00:00:00",377.928,10
LA-16780,CA-2016-108882,"2016-01-09 00:00:00",349.95,11
LA-16780,CA-2016-122903,"2016-05-27 00:00:00",314.55,12
LA-16780,CA-2016-122903,"2016-05-27 00:00:00",3504.9,13
LA-16780,CA-2016-122903,"2016-05-27 00:00:00",144.12,14
LA-16780,CA-2016-164091,"2016-09-17 00:00:00",437.85,15
LA-16780,CA-2016-164091,"2016-09-17 00:00:00",109.48,16
LA-16780,CA-2016-155187,"2016-09-24 00:00:00",41.96,17
LA-16780,CA-2016-155187,"2016-09-24 00:00:00",41.7,18
LA-16780,CA-2016-123806,"2016-11-24 00:00:00",207.76,19
LA-16780,CA-2016-132829,"2016-12-23 00:00:00",287.88,20
LA-16780,CA-2016-132829,"2016-12-23 00:00:00",131.88,21
LA-16780,CA-2016-132829,"2016-12-23 00:00:00",2.328,22
LA-16780,CA-2016-132829,"2016-12-23 00:00:00",45.36,23
LA-16780,CA-2016-132829,"2016-12-23 00:00:00",453.576,24
LA-16780,CA-2017-130771,"2017-07-29 00:00:00",2.896,25
LA-16780,CA-2017-130771,"2017-07-29 00:00:00",124.792,26
LB-16735,CA-2016-111115,"2016-07-25 00:00:00",21.48,1
LB-16735,CA-2017-160045,"2017-04-26 00:00:00",1.988,2
LB-16735,CA-2017-154088,"2017-11-12 00:00:00",26.72,3
LB-16795,US-2014-150119,"2014-04-23 00:00:00",22.336,1
LB-16795,US-2014-150119,"2014-04-23 00:00:00",281.372,2
LB-16795,US-2014-150119,"2014-04-23 00:00:00",281.372,3
LB-16795,US-2014-150119,"2014-04-23 00:00:00",7.488,4
LB-16795,CA-2016-124583,"2016-09-01 00:00:00",12.78,5
LB-16795,US-2016-157490,"2016-10-06 00:00:00",67.96,6
LB-16795,US-2016-157490,"2016-10-06 00:00:00",703.71,7
LB-16795,US-2016-157490,"2016-10-06 00:00:00",11.976,8
LB-16795,US-2016-157490,"2016-10-06 00:00:00",17.904,9
LB-16795,CA-2016-131968,"2016-11-11 00:00:00",671.544,10
LB-16795,CA-2016-131968,"2016-11-11 00:00:00",9.888,11
LB-16795,US-2016-162103,"2016-11-13 00:00:00",3.136,12
LB-16795,US-2016-155768,"2016-12-01 00:00:00",22.92,13
LB-16795,US-2016-155768,"2016-12-01 00:00:00",1112.94,14
LB-16795,US-2016-155768,"2016-12-01 00:00:00",47.9,15
LB-16795,US-2016-155768,"2016-12-01 00:00:00",31.96,16
LB-16795,CA-2017-118199,"2017-05-09 00:00:00",286.85,17
LB-16795,CA-2017-118199,"2017-05-09 00:00:00",147.92,18
LB-16795,CA-2017-118199,"2017-05-09 00:00:00",104.28,19
LB-16795,CA-2017-118199,"2017-05-09 00:00:00",66.96,20
LB-16795,CA-2017-118199,"2017-05-09 00:00:00",199.98,21
LB-16795,CA-2017-147032,"2017-07-31 00:00:00",11.54,22
LB-16795,CA-2017-147032,"2017-07-31 00:00:00",849.95,23
LB-16795,CA-2017-147032,"2017-07-31 00:00:00",11.01,24
LC-16870,CA-2015-150770,"2015-05-03 00:00:00",8.82,1
LC-16870,CA-2015-150770,"2015-05-03 00:00:00",49.568,2
LC-16870,CA-2015-150770,"2015-05-03 00:00:00",62.496,3
LC-16870,CA-2015-150770,"2015-05-03 00:00:00",339.96,4
LC-16870,US-2015-156867,"2015-11-13 00:00:00",102.36,5
LC-16870,US-2015-156867,"2015-11-13 00:00:00",238.896,6
LC-16870,US-2015-156867,"2015-11-13 00:00:00",36.882,7
LC-16870,CA-2016-111283,"2016-02-29 00:00:00",111.104,8
LC-16870,CA-2016-110898,"2016-03-06 00:00:00",159.04,9
LC-16870,CA-2016-110898,"2016-03-06 00:00:00",145.98,10
LC-16870,CA-2016-110898,"2016-03-06 00:00:00",2.334,11
LC-16870,CA-2016-110898,"2016-03-06 00:00:00",1.728,12
LC-16870,CA-2016-167584,"2016-08-12 00:00:00",6.48,13
LC-16870,CA-2017-113705,"2017-03-27 00:00:00",17.64,14
LC-16870,CA-2017-113705,"2017-03-27 00:00:00",8.26,15
LC-16870,CA-2017-113705,"2017-03-27 00:00:00",17.76,16
LC-16870,CA-2017-113705,"2017-03-27 00:00:00",332.94,17
LC-16870,CA-2017-113705,"2017-03-27 00:00:00",292.1,18
LC-16870,CA-2017-113705,"2017-03-27 00:00:00",206.1,19
LC-16870,US-2017-125647,"2017-09-23 00:00:00",73.176,20
LC-16870,US-2017-125647,"2017-09-23 00:00:00",20.736,21
LC-16870,US-2017-125647,"2017-09-23 00:00:00",39.984,22
LC-16870,CA-2017-118017,"2017-12-03 00:00:00",16.192,23
LC-16870,CA-2017-118017,"2017-12-03 00:00:00",23.376,24
LC-16870,CA-2017-118017,"2017-12-03 00:00:00",102.336,25
LC-16870,CA-2017-118017,"2017-12-03 00:00:00",47.32,26
LC-16870,CA-2017-118017,"2017-12-03 00:00:00",76.752,27
LC-16870,CA-2017-118017,"2017-12-03 00:00:00",13.344,28
LC-16870,CA-2017-118017,"2017-12-03 00:00:00",10.32,29
LC-16870,CA-2017-118017,"2017-12-03 00:00:00",16.72,30
LC-16885,CA-2014-110100,"2014-04-25 00:00:00",302.376,1
LC-16885,CA-2014-139192,"2014-05-27 00:00:00",99.99,2
LC-16885,CA-2014-139192,"2014-05-27 00:00:00",1113.504,3
LC-16885,US-2015-163825,"2015-06-16 00:00:00",133.98,4
LC-16885,US-2015-163825,"2015-06-16 00:00:00",3050.376,5
LC-16885,CA-2015-124058,"2015-11-20 00:00:00",72.744,6
LC-16885,CA-2015-124058,"2015-11-20 00:00:00",572.16,7
LC-16885,CA-2015-157133,"2015-11-28 00:00:00",151.96,8
LC-16885,CA-2015-106362,"2015-12-11 00:00:00",10.332,9
LC-16885,CA-2016-107146,"2016-06-17 00:00:00",483.136,10
LC-16885,CA-2016-107146,"2016-06-17 00:00:00",266.352,11
LC-16885,CA-2016-145583,"2016-10-13 00:00:00",20.04,12
LC-16885,CA-2016-145583,"2016-10-13 00:00:00",11.52,13
LC-16885,CA-2016-145583,"2016-10-13 00:00:00",4.02,14
LC-16885,CA-2016-145583,"2016-10-13 00:00:00",76.176,15
LC-16885,CA-2016-145583,"2016-10-13 00:00:00",65.88,16
LC-16885,CA-2016-145583,"2016-10-13 00:00:00",43.12,17
LC-16885,CA-2016-145583,"2016-10-13 00:00:00",35.44,18
LC-16885,CA-2016-103359,"2016-12-22 00:00:00",25.584,19
LC-16885,CA-2017-143861,"2017-06-12 00:00:00",17.088,20
LC-16885,CA-2017-157448,"2017-11-16 00:00:00",119.94,21
LC-16885,CA-2017-157448,"2017-11-16 00:00:00",12.42,22
LC-16885,US-2017-113992,"2017-12-14 00:00:00",974.988,23
LC-16930,CA-2014-109491,"2014-02-20 00:00:00",20.32,1
LC-16930,CA-2014-109491,"2014-02-20 00:00:00",62.31,2
LC-16930,CA-2016-107202,"2016-05-21 00:00:00",2396.4,3
LC-16930,CA-2016-111913,"2016-08-04 00:00:00",302.384,4
LC-16930,CA-2016-111913,"2016-08-04 00:00:00",20.952,5
LC-16930,CA-2016-111913,"2016-08-04 00:00:00",11.784,6
LC-16930,CA-2016-152289,"2016-08-26 00:00:00",1024.716,7
LC-16930,CA-2016-152289,"2016-08-26 00:00:00",159.984,8
LC-16930,CA-2016-143476,"2016-09-11 00:00:00",9.568,9
LC-16930,CA-2016-143476,"2016-09-11 00:00:00",20.736,10
LC-16930,CA-2016-143476,"2016-09-11 00:00:00",2.912,11
LC-16930,CA-2017-167080,"2017-06-10 00:00:00",8.4,12
LC-16930,CA-2017-120999,"2017-09-10 00:00:00",147.168,13
LC-16930,US-2017-137491,"2017-11-19 00:00:00",305.312,14
LC-16960,CA-2015-132276,"2015-02-23 00:00:00",26.88,1
LC-16960,CA-2015-132276,"2015-02-23 00:00:00",10.896,2
LC-16960,CA-2015-111038,"2015-12-01 00:00:00",2676.672,3
LC-16960,US-2016-139262,"2016-02-21 00:00:00",432.456,4
LC-16960,US-2016-139262,"2016-02-21 00:00:00",34.86,5
LC-16960,US-2016-139262,"2016-02-21 00:00:00",3.762,6
LC-16960,CA-2016-105753,"2016-10-20 00:00:00",61.1,7
LC-17050,CA-2014-115161,"2014-01-31 00:00:00",290.666,1
LC-17050,CA-2014-129147,"2014-11-02 00:00:00",539.964,2
LC-17050,CA-2014-129147,"2014-11-02 00:00:00",50.232,3
LC-17050,CA-2014-129147,"2014-11-02 00:00:00",19.242,4
LC-17050,CA-2016-118514,"2016-02-03 00:00:00",866.4,5
LC-17050,CA-2017-137498,"2017-09-09 00:00:00",47.52,6
LC-17050,CA-2017-137498,"2017-09-09 00:00:00",243.92,7
LC-17050,CA-2017-137498,"2017-09-09 00:00:00",6.56,8
LC-17050,US-2017-119319,"2017-11-06 00:00:00",30.56,9
LC-17140,CA-2014-102869,"2014-09-09 00:00:00",135.516,1
LC-17140,CA-2014-102869,"2014-09-09 00:00:00",64.704,2
LC-17140,CA-2014-102869,"2014-09-09 00:00:00",17.472,3
LC-17140,CA-2014-102869,"2014-09-09 00:00:00",15.552,4
LC-17140,CA-2015-119907,"2015-12-01 00:00:00",55.424,5
LC-17140,CA-2016-130477,"2016-04-08 00:00:00",12.96,6
LC-17140,CA-2016-130477,"2016-04-08 00:00:00",64.96,7
LC-17140,CA-2016-130477,"2016-04-08 00:00:00",20.04,8
LC-17140,CA-2016-101693,"2016-06-25 00:00:00",85.246,9
LC-17140,CA-2016-101693,"2016-06-25 00:00:00",32.712,10
LC-17140,CA-2016-137043,"2016-12-23 00:00:00",286.38,11
LC-17140,CA-2016-137043,"2016-12-23 00:00:00",572.76,12
LC-17140,CA-2017-169439,"2017-09-09 00:00:00",66.112,13
LC-17140,CA-2017-169439,"2017-09-09 00:00:00",25.92,14
LC-17140,CA-2017-162789,"2017-09-22 00:00:00",1071,15
LC-17140,CA-2017-162789,"2017-09-22 00:00:00",12.07,16
LC-17140,US-2017-116701,"2017-12-17 00:00:00",66.284,17
LC-17140,CA-2017-133431,"2017-12-17 00:00:00",15.24,18
LC-17140,CA-2017-133431,"2017-12-17 00:00:00",13.23,19
LD-16855,CA-2016-152331,"2016-06-26 00:00:00",5.304,1
LD-17005,CA-2014-124856,"2014-09-29 00:00:00",77.52,1
LD-17005,CA-2014-124856,"2014-09-29 00:00:00",18.9,2
LD-17005,CA-2014-124856,"2014-09-29 00:00:00",117.36,3
LD-17005,CA-2014-124856,"2014-09-29 00:00:00",1395.54,4
LD-17005,CA-2016-142762,"2016-05-23 00:00:00",37.05,5
LD-17005,CA-2016-116379,"2016-11-07 00:00:00",57.584,6
LD-17005,CA-2016-139878,"2016-11-11 00:00:00",257.98,7
LE-16810,US-2014-117058,"2014-05-27 00:00:00",17.46,1
LE-16810,CA-2014-100706,"2014-12-16 00:00:00",29.46,2
LE-16810,CA-2014-100706,"2014-12-16 00:00:00",99.98,3
LE-16810,CA-2015-131779,"2015-06-12 00:00:00",29.9,4
LE-16810,CA-2016-157245,"2016-05-19 00:00:00",641.96,5
LE-16810,US-2017-150595,"2017-05-22 00:00:00",181.986,6
LE-16810,US-2017-150595,"2017-05-22 00:00:00",1.592,7
LE-16810,US-2017-150595,"2017-05-22 00:00:00",22.344,8
LE-16810,CA-2017-108329,"2017-12-09 00:00:00",444.768,9
LF-17185,CA-2014-169019,"2014-07-26 00:00:00",4.836,1
LF-17185,CA-2014-169019,"2014-07-26 00:00:00",8.88,2
LF-17185,CA-2014-169019,"2014-07-26 00:00:00",431.136,3
LF-17185,CA-2014-169019,"2014-07-26 00:00:00",16.784,4
LF-17185,CA-2014-169019,"2014-07-26 00:00:00",17.496,5
LF-17185,CA-2014-169019,"2014-07-26 00:00:00",2177.584,6
LF-17185,CA-2014-110030,"2014-12-06 00:00:00",23.976,7
LF-17185,CA-2014-113166,"2014-12-24 00:00:00",9.568,8
LF-17185,CA-2015-109512,"2015-03-05 00:00:00",383.607,9
LF-17185,CA-2015-109512,"2015-03-05 00:00:00",563.4,10
LF-17185,CA-2015-109512,"2015-03-05 00:00:00",29.34,11
LF-17185,CA-2016-106341,"2016-10-20 00:00:00",7.152,12
LF-17185,CA-2017-118521,"2017-02-16 00:00:00",37.94,13
LF-17185,CA-2017-148264,"2017-12-08 00:00:00",60.12,14
LF-17185,CA-2017-148264,"2017-12-08 00:00:00",128.9,15
LF-17185,CA-2017-148264,"2017-12-08 00:00:00",29.79,16
LH-16750,CA-2014-117478,"2014-09-21 00:00:00",6.57,1
LH-16750,CA-2017-129707,"2017-04-25 00:00:00",8.896,2
LH-16750,CA-2017-133235,"2017-08-01 00:00:00",271.96,3
LH-16900,US-2014-156559,"2014-08-19 00:00:00",638.82,1
LH-16900,CA-2014-109855,"2014-09-01 00:00:00",357,2
LH-16900,CA-2014-109855,"2014-09-01 00:00:00",23.744,3
LH-16900,CA-2014-126277,"2014-09-13 00:00:00",2.502,4
LH-16900,CA-2014-123323,"2014-11-07 00:00:00",123.144,5
LH-16900,US-2015-136749,"2015-12-25 00:00:00",275.88,6
LH-16900,US-2015-136749,"2015-12-25 00:00:00",157.9,7
LH-16900,CA-2016-169194,"2016-06-20 00:00:00",21.8,8
LH-16900,CA-2016-169194,"2016-06-20 00:00:00",45,9
LH-16900,CA-2016-113733,"2016-12-08 00:00:00",68.112,10
LH-16900,CA-2016-113733,"2016-12-08 00:00:00",16.56,11
LH-16900,CA-2016-113733,"2016-12-08 00:00:00",249.584,12
LH-16900,US-2017-169320,"2017-07-23 00:00:00",159.75,13
LH-16900,US-2017-169320,"2017-07-23 00:00:00",11.68,14
LH-16900,US-2017-103814,"2017-12-09 00:00:00",143.856,15
LH-17020,US-2014-115987,"2014-09-08 00:00:00",51.184,1
LH-17020,CA-2015-114923,"2015-02-08 00:00:00",107.982,2
LH-17020,CA-2016-166443,"2016-11-04 00:00:00",38.29,3
LH-17020,CA-2017-105991,"2017-05-05 00:00:00",89.991,4
LH-17020,CA-2017-105991,"2017-05-05 00:00:00",9.552,5
LH-17020,CA-2017-105991,"2017-05-05 00:00:00",21.24,6
LH-17155,CA-2014-113320,"2014-12-12 00:00:00",9.24,1
LH-17155,CA-2014-113320,"2014-12-12 00:00:00",8.94,2
LH-17155,CA-2014-113320,"2014-12-12 00:00:00",12.54,3
LH-17155,CA-2015-121965,"2015-06-19 00:00:00",12.56,4
LH-17155,CA-2015-121965,"2015-06-19 00:00:00",186.69,5
LH-17155,CA-2015-121965,"2015-06-19 00:00:00",6.48,6
LH-17155,CA-2016-141019,"2016-05-14 00:00:00",79.384,7
LH-17155,US-2016-139486,"2016-05-21 00:00:00",66.26,8
LH-17155,US-2016-139486,"2016-05-21 00:00:00",55.176,9
LH-17155,US-2016-131149,"2016-07-10 00:00:00",154.24,10
LH-17155,US-2016-131149,"2016-07-10 00:00:00",338.04,11
LH-17155,US-2016-131912,"2016-10-29 00:00:00",11.744,12
LH-17155,CA-2016-144092,"2016-11-05 00:00:00",158.13,13
LH-17155,CA-2016-144092,"2016-11-05 00:00:00",72,14
LH-17155,CA-2016-144092,"2016-11-05 00:00:00",113.888,15
LH-17155,CA-2016-133340,"2016-12-09 00:00:00",61.929,16
LH-17155,CA-2016-133340,"2016-12-09 00:00:00",59.98,17
LH-17155,CA-2016-133340,"2016-12-09 00:00:00",10.9,18
LH-17155,CA-2016-154739,"2016-12-10 00:00:00",321.568,19
LL-16840,CA-2014-134061,"2014-04-29 00:00:00",17.46,1
LL-16840,CA-2014-153927,"2014-08-12 00:00:00",272.61,2
LL-16840,CA-2014-153927,"2014-08-12 00:00:00",14.04,3
LL-16840,CA-2015-137974,"2015-04-16 00:00:00",9.14,4
LL-16840,CA-2015-137974,"2015-04-16 00:00:00",569.64,5
LL-16840,CA-2015-137974,"2015-04-16 00:00:00",523.26,6
LL-16840,CA-2015-137974,"2015-04-16 00:00:00",1196.86,7
LL-16840,CA-2015-164833,"2015-06-04 00:00:00",9.26,8
LL-16840,CA-2015-164833,"2015-06-04 00:00:00",7.38,9
LL-16840,US-2017-163195,"2017-02-17 00:00:00",29.16,10
LL-16840,CA-2017-120222,"2017-04-25 00:00:00",19.05,11
LL-16840,CA-2017-120222,"2017-04-25 00:00:00",73.344,12
LM-17065,CA-2014-104283,"2014-06-27 00:00:00",306.2,1
LM-17065,CA-2014-104283,"2014-06-27 00:00:00",223.96,2
LM-17065,CA-2014-104283,"2014-06-27 00:00:00",85.98,3
LM-17065,CA-2015-169740,"2015-02-20 00:00:00",29.99,4
LM-17065,US-2015-120161,"2015-12-18 00:00:00",646.776,5
LM-17065,CA-2016-105263,"2016-08-06 00:00:00",38.34,6
LM-17065,CA-2016-105277,"2016-12-04 00:00:00",15.528,7
LO-17170,CA-2015-104038,"2015-02-06 00:00:00",29.9,1
LO-17170,CA-2015-104038,"2015-02-06 00:00:00",146.73,2
LO-17170,CA-2015-143238,"2015-09-06 00:00:00",46.32,3
LO-17170,CA-2017-141572,"2017-05-28 00:00:00",247.44,4
LO-17170,CA-2017-118367,"2017-10-28 00:00:00",47.98,5
LO-17170,CA-2017-163860,"2017-12-28 00:00:00",1.68,6
LO-17170,CA-2017-163860,"2017-12-28 00:00:00",7.968,7
LO-17170,CA-2017-163860,"2017-12-28 00:00:00",113.372,8
LO-17170,CA-2017-163860,"2017-12-28 00:00:00",2.96,9
LP-17080,CA-2014-159814,"2014-06-24 00:00:00",4.272,1
LP-17080,CA-2016-116722,"2016-11-11 00:00:00",31.504,2
LP-17080,CA-2016-116722,"2016-11-11 00:00:00",41.96,3
LP-17080,CA-2016-116722,"2016-11-11 00:00:00",451.152,4
LP-17080,CA-2017-133823,"2017-05-11 00:00:00",37.44,5
LP-17080,CA-2017-133823,"2017-05-11 00:00:00",37.59,6
LP-17080,CA-2017-133823,"2017-05-11 00:00:00",26.032,7
LP-17080,CA-2017-118731,"2017-11-20 00:00:00",84.056,8
LP-17080,CA-2017-118731,"2017-11-20 00:00:00",42.6,9
LP-17095,CA-2016-112830,"2016-06-06 00:00:00",466.32,1
LP-17095,CA-2016-112830,"2016-06-06 00:00:00",82.64,2
LP-17095,CA-2016-103709,"2016-09-08 00:00:00",34.24,3
LP-17095,CA-2016-103709,"2016-09-08 00:00:00",14.88,4
LP-17095,CA-2016-103709,"2016-09-08 00:00:00",261.74,5
LP-17095,CA-2016-118969,"2016-10-02 00:00:00",54.792,6
LP-17095,CA-2017-121790,"2017-01-30 00:00:00",2003.168,7
LP-17095,CA-2017-121790,"2017-01-30 00:00:00",9.344,8
LP-17095,CA-2017-121790,"2017-01-30 00:00:00",31.68,9
LP-17095,CA-2017-121790,"2017-01-30 00:00:00",69.375,10
LP-17095,CA-2017-121804,"2017-03-03 00:00:00",72.8,11
LP-17095,CA-2017-102736,"2017-09-05 00:00:00",89.568,12
LP-17095,CA-2017-102736,"2017-09-05 00:00:00",15.552,13
LP-17095,CA-2017-102736,"2017-09-05 00:00:00",71.96,14
LP-17095,CA-2017-106782,"2017-12-21 00:00:00",375.34,15
LR-16915,CA-2014-131450,"2014-08-08 00:00:00",1199.976,1
LR-16915,CA-2014-131450,"2014-08-08 00:00:00",76.12,2
LR-16915,CA-2014-131450,"2014-08-08 00:00:00",327.76,3
LR-16915,CA-2014-131450,"2014-08-08 00:00:00",445.96,4
LR-16915,CA-2015-141327,"2015-11-30 00:00:00",6.048,5
LR-16915,CA-2015-141327,"2015-11-30 00:00:00",98.352,6
LR-16915,CA-2015-141327,"2015-11-30 00:00:00",335.744,7
LR-16915,CA-2016-125206,"2016-01-03 00:00:00",114.46,8
LR-16915,CA-2016-126732,"2016-09-02 00:00:00",23.67,9
LR-16915,CA-2016-126732,"2016-09-02 00:00:00",94.68,10
LR-16915,CA-2016-126732,"2016-09-02 00:00:00",18.69,11
LR-16915,CA-2016-126732,"2016-09-02 00:00:00",7.312,12
LR-16915,CA-2016-126732,"2016-09-02 00:00:00",568.728,13
LR-16915,CA-2016-126732,"2016-09-02 00:00:00",1091.168,14
LR-16915,US-2016-148803,"2016-12-11 00:00:00",85.224,15
LR-16915,CA-2017-109183,"2017-12-04 00:00:00",649,16
LR-17035,CA-2014-109918,"2014-09-07 00:00:00",27.36,1
LR-17035,CA-2014-109918,"2014-09-07 00:00:00",20.56,2
LR-17035,CA-2014-109918,"2014-09-07 00:00:00",83.92,3
LR-17035,CA-2015-102876,"2015-09-07 00:00:00",791.964,4
LR-17035,CA-2015-102876,"2015-09-07 00:00:00",4.923,5
LR-17035,CA-2015-102876,"2015-09-07 00:00:00",9.522,6
LR-17035,CA-2016-143406,"2016-09-26 00:00:00",93.032,7
LR-17035,CA-2016-143406,"2016-09-26 00:00:00",454.965,8
LR-17035,CA-2017-103506,"2017-07-23 00:00:00",41.4,9
LR-17035,CA-2017-119011,"2017-08-20 00:00:00",107.88,10
LR-17035,CA-2017-119011,"2017-08-20 00:00:00",17.22,11
LR-17035,CA-2017-119011,"2017-08-20 00:00:00",226.56,12
LS-16945,CA-2015-115420,"2015-04-25 00:00:00",21.34,1
LS-16945,CA-2016-114727,"2016-07-18 00:00:00",544.008,2
LS-16945,CA-2016-114727,"2016-07-18 00:00:00",1.872,3
LS-16945,CA-2016-114727,"2016-07-18 00:00:00",338.04,4
LS-16945,CA-2016-114727,"2016-07-18 00:00:00",854.352,5
LS-16945,CA-2016-114727,"2016-07-18 00:00:00",593.568,6
LS-16945,CA-2016-134362,"2016-09-29 00:00:00",15.936,7
LS-16945,CA-2017-108000,"2017-01-12 00:00:00",9.78,8
LS-16945,US-2017-128832,"2017-04-24 00:00:00",69.98,9
LS-16945,CA-2017-100223,"2017-07-05 00:00:00",11.394,10
LS-16945,CA-2017-100223,"2017-07-05 00:00:00",15.552,11
LS-16945,CA-2017-100223,"2017-07-05 00:00:00",31.104,12
LS-16945,CA-2017-100223,"2017-07-05 00:00:00",6.316,13
LS-16945,CA-2017-100223,"2017-07-05 00:00:00",332.028,14
LS-16975,CA-2014-137092,"2014-10-20 00:00:00",3.808,1
LS-16975,CA-2014-137092,"2014-10-20 00:00:00",24.424,2
LS-16975,CA-2014-137092,"2014-10-20 00:00:00",8.682,3
LS-16975,CA-2014-137092,"2014-10-20 00:00:00",505.32,4
LS-16975,CA-2014-137092,"2014-10-20 00:00:00",319.968,5
LS-16975,US-2014-147648,"2014-11-26 00:00:00",81.98,6
LS-16975,US-2015-138919,"2015-09-17 00:00:00",344.22,7
LS-16975,US-2015-118766,"2015-10-15 00:00:00",4.464,8
LS-16975,US-2015-118766,"2015-10-15 00:00:00",3.96,9
LS-16975,CA-2016-112025,"2016-07-30 00:00:00",9.264,10
LS-16975,US-2016-125969,"2016-11-06 00:00:00",81.424,11
LS-16975,US-2016-125969,"2016-11-06 00:00:00",238.56,12
LS-16975,CA-2017-164168,"2017-11-12 00:00:00",77.952,13
LS-16975,CA-2017-164168,"2017-11-12 00:00:00",12.224,14
LS-16975,CA-2017-164168,"2017-11-12 00:00:00",22.848,15
LS-16975,CA-2017-164168,"2017-11-12 00:00:00",30.56,16
LS-16975,CA-2017-164168,"2017-11-12 00:00:00",67.992,17
LS-16975,CA-2017-164168,"2017-11-12 00:00:00",44.784,18
LS-16975,CA-2017-117702,"2017-11-28 00:00:00",1.64,19
LS-16975,CA-2017-117702,"2017-11-28 00:00:00",1049.2,20
LS-16975,CA-2017-117702,"2017-11-28 00:00:00",20.9,21
LS-16975,CA-2017-108294,"2017-12-10 00:00:00",34.5,22
LS-17200,CA-2014-115084,"2014-10-18 00:00:00",605.34,1
LS-17200,CA-2014-141110,"2014-11-26 00:00:00",4.32,2
LS-17200,CA-2014-141110,"2014-11-26 00:00:00",14.94,3
LS-17200,CA-2014-141110,"2014-11-26 00:00:00",40.54,4
LS-17200,CA-2014-141110,"2014-11-26 00:00:00",7.312,5
LS-17200,CA-2016-160129,"2016-11-23 00:00:00",15.8,6
LS-17200,CA-2016-160129,"2016-11-23 00:00:00",14.368,7
LS-17200,CA-2016-160129,"2016-11-23 00:00:00",70.448,8
LS-17200,CA-2017-131618,"2017-06-17 00:00:00",12.224,9
LS-17200,CA-2017-131618,"2017-06-17 00:00:00",9.36,10
LS-17200,CA-2017-131618,"2017-06-17 00:00:00",2.304,11
LS-17200,US-2017-165869,"2017-07-31 00:00:00",17.52,12
LS-17200,US-2017-165869,"2017-07-31 00:00:00",155.88,13
LS-17200,CA-2017-169929,"2017-09-25 00:00:00",39.9,14
LS-17230,CA-2014-130813,"2014-01-06 00:00:00",19.44,1
LS-17230,CA-2015-118955,"2015-06-16 00:00:00",28.752,2
LS-17230,CA-2015-118955,"2015-06-16 00:00:00",27.216,3
LS-17230,CA-2015-118955,"2015-06-16 00:00:00",197.372,4
LS-17230,US-2015-111927,"2015-11-14 00:00:00",76.14,5
LS-17230,US-2015-111927,"2015-11-14 00:00:00",19.96,6
LS-17245,US-2014-109456,"2014-10-16 00:00:00",179.97,1
LS-17245,US-2014-109456,"2014-10-16 00:00:00",14.352,2
LS-17245,CA-2014-124730,"2014-11-26 00:00:00",11.52,3
LS-17245,CA-2014-124730,"2014-11-26 00:00:00",93.15,4
LS-17245,CA-2014-124730,"2014-11-26 00:00:00",279.96,5
LS-17245,CA-2014-124730,"2014-11-26 00:00:00",12.912,6
LS-17245,CA-2014-124730,"2014-11-26 00:00:00",17.088,7
LS-17245,CA-2015-165414,"2015-12-21 00:00:00",47.976,8
LS-17245,CA-2016-136994,"2016-05-27 00:00:00",13.38,9
LS-17245,CA-2016-152765,"2016-06-15 00:00:00",173.488,10
LS-17245,CA-2017-135307,"2017-11-26 00:00:00",38.04,11
LS-17245,CA-2017-135307,"2017-11-26 00:00:00",126.3,12
LT-16765,CA-2014-126522,"2014-09-01 00:00:00",53.94,1
LT-16765,US-2015-122910,"2015-05-12 00:00:00",201.584,2
LT-16765,CA-2017-160031,"2017-12-04 00:00:00",74.352,3
LT-17110,US-2014-165659,"2014-06-01 00:00:00",22.2,1
LT-17110,US-2014-165659,"2014-06-01 00:00:00",881.93,2
LT-17110,US-2015-104430,"2015-10-22 00:00:00",5.176,3
LT-17110,CA-2015-168207,"2015-11-02 00:00:00",512.499,4
LT-17110,CA-2015-168207,"2015-11-02 00:00:00",96.96,5
LT-17110,CA-2015-168207,"2015-11-02 00:00:00",11.952,6
LT-17110,CA-2015-168207,"2015-11-02 00:00:00",117.488,7
LT-17110,CA-2015-154620,"2015-12-12 00:00:00",348.928,8
LT-17110,CA-2016-159373,"2016-03-13 00:00:00",70.08,9
LT-17110,CA-2016-159373,"2016-03-13 00:00:00",1.272,10
LT-17110,CA-2016-159373,"2016-03-13 00:00:00",557.585,11
LT-17110,CA-2016-157364,"2016-11-19 00:00:00",18.48,12
LT-17110,CA-2017-147725,"2017-09-14 00:00:00",70.95,13
LT-17110,CA-2017-122700,"2017-11-26 00:00:00",220.752,14
LW-16825,CA-2014-103429,"2014-05-30 00:00:00",39.96,1
LW-16825,CA-2014-103429,"2014-05-30 00:00:00",235.95,2
LW-16825,CA-2014-103429,"2014-05-30 00:00:00",464,3
LW-16825,CA-2014-103429,"2014-05-30 00:00:00",25.584,4
LW-16825,CA-2014-160773,"2014-07-01 00:00:00",5.184,5
LW-16825,CA-2014-160773,"2014-07-01 00:00:00",575.92,6
LW-16825,CA-2014-164721,"2014-11-25 00:00:00",26.76,7
LW-16825,CA-2014-164721,"2014-11-25 00:00:00",23.88,8
LW-16825,CA-2014-164721,"2014-11-25 00:00:00",320.88,9
LW-16825,CA-2016-109827,"2016-12-25 00:00:00",45.12,10
LW-16825,CA-2016-109827,"2016-12-25 00:00:00",47.968,11
LW-16825,CA-2016-109827,"2016-12-25 00:00:00",35.445,12
LW-16825,CA-2016-109827,"2016-12-25 00:00:00",269.97,13
LW-16825,CA-2016-109827,"2016-12-25 00:00:00",100.8,14
LW-16825,CA-2017-144820,"2017-10-03 00:00:00",20.64,15
LW-16990,US-2016-102239,"2016-05-05 00:00:00",5.728,1
LW-16990,US-2016-102239,"2016-05-05 00:00:00",1685.88,2
LW-16990,CA-2017-102834,"2017-03-09 00:00:00",199.98,3
LW-16990,CA-2017-162978,"2017-05-04 00:00:00",300.904,4
LW-16990,CA-2017-162978,"2017-05-04 00:00:00",17.61,5
LW-16990,CA-2017-162978,"2017-05-04 00:00:00",183.96,6
LW-16990,CA-2017-158407,"2017-06-04 00:00:00",71.984,7
LW-16990,CA-2017-158407,"2017-06-04 00:00:00",31.984,8
LW-16990,CA-2017-152142,"2017-11-14 00:00:00",321.568,9
LW-16990,CA-2017-101245,"2017-11-27 00:00:00",244.55,10
LW-16990,CA-2017-101245,"2017-11-27 00:00:00",166.16,11
LW-17125,CA-2014-112837,"2014-09-11 00:00:00",127.95,1
LW-17125,CA-2016-157280,"2016-11-05 00:00:00",273.96,2
LW-17125,CA-2016-157280,"2016-11-05 00:00:00",89.97,3
LW-17125,CA-2016-157280,"2016-11-05 00:00:00",756.8,4
LW-17125,CA-2017-117436,"2017-06-08 00:00:00",10.36,5
LW-17215,CA-2014-116246,"2014-09-12 00:00:00",3785.292,1
LW-17215,US-2016-117037,"2016-05-17 00:00:00",7.896,2
LW-17215,US-2016-117037,"2016-05-17 00:00:00",22.608,3
LW-17215,US-2016-117037,"2016-05-17 00:00:00",2.89,4
LW-17215,US-2016-117037,"2016-05-17 00:00:00",30.528,5
LW-17215,CA-2016-111416,"2016-09-17 00:00:00",232.4,6
LW-17215,CA-2016-132997,"2016-11-07 00:00:00",116.82,7
LW-17215,CA-2016-132997,"2016-11-07 00:00:00",12.96,8
LW-17215,CA-2016-132997,"2016-11-07 00:00:00",359.97,9
LW-17215,CA-2016-132997,"2016-11-07 00:00:00",263.96,10
LW-17215,CA-2016-132997,"2016-11-07 00:00:00",276.784,11
LW-17215,CA-2017-166128,"2017-04-11 00:00:00",199.95,12
LW-17215,CA-2017-166128,"2017-04-11 00:00:00",41.86,13
LW-17215,CA-2017-102218,"2017-09-02 00:00:00",11.696,14
LW-17215,CA-2017-102659,"2017-12-09 00:00:00",54.9,15
MA-17560,CA-2014-124478,"2014-08-08 00:00:00",53.88,1
MA-17560,CA-2014-124478,"2014-08-08 00:00:00",38.34,2
MA-17560,CA-2014-124478,"2014-08-08 00:00:00",299.98,3
MA-17560,CA-2014-124478,"2014-08-08 00:00:00",549.99,4
MA-17560,CA-2014-124478,"2014-08-08 00:00:00",167.535,5
MA-17560,CA-2014-168823,"2014-09-21 00:00:00",20.808,6
MA-17560,CA-2014-168823,"2014-09-21 00:00:00",11.352,7
MA-17560,CA-2014-140732,"2014-11-11 00:00:00",575.928,8
MA-17560,CA-2014-140732,"2014-11-11 00:00:00",7.78,9
MA-17560,CA-2014-140732,"2014-11-11 00:00:00",123.92,10
MA-17560,CA-2015-130974,"2015-11-27 00:00:00",446.068,11
MA-17560,CA-2015-130974,"2015-11-27 00:00:00",154.9,12
MA-17560,CA-2015-130974,"2015-11-27 00:00:00",38.97,13
MA-17560,CA-2015-130974,"2015-11-27 00:00:00",170.98,14
MA-17560,CA-2015-130974,"2015-11-27 00:00:00",259.98,15
MA-17560,CA-2015-130974,"2015-11-27 00:00:00",59.94,16
MA-17560,CA-2015-130974,"2015-11-27 00:00:00",40.08,17
MA-17560,CA-2015-110324,"2015-12-01 00:00:00",19.44,18
MA-17560,CA-2015-110324,"2015-12-01 00:00:00",18.54,19
MA-17560,CA-2015-110324,"2015-12-01 00:00:00",3.64,20
MA-17560,CA-2015-143105,"2015-12-10 00:00:00",41.28,21
MA-17560,CA-2015-143105,"2015-12-10 00:00:00",184.66,22
MA-17560,CA-2015-143105,"2015-12-10 00:00:00",7.31,23
MA-17560,CA-2015-143105,"2015-12-10 00:00:00",799.984,24
MA-17560,CA-2016-128916,"2016-08-18 00:00:00",9.552,25
MA-17560,CA-2016-128916,"2016-08-18 00:00:00",5.344,26
MA-17560,US-2016-117793,"2016-08-23 00:00:00",37.59,27
MA-17560,US-2016-117793,"2016-08-23 00:00:00",25.2,28
MA-17560,US-2016-117793,"2016-08-23 00:00:00",14.97,29
MA-17560,US-2016-117793,"2016-08-23 00:00:00",1.98,30
MA-17560,CA-2017-107727,"2017-10-19 00:00:00",29.472,31
MA-17560,CA-2017-158722,"2017-10-20 00:00:00",45.528,32
MA-17560,CA-2017-110373,"2017-10-27 00:00:00",27.184,33
MA-17560,CA-2017-110373,"2017-10-27 00:00:00",7.056,34
MA-17995,CA-2014-133704,"2014-09-20 00:00:00",43.92,1
MA-17995,CA-2014-133704,"2014-09-20 00:00:00",20.232,2
MA-17995,CA-2014-132010,"2014-10-13 00:00:00",22.96,3
MA-17995,CA-2014-132010,"2014-10-13 00:00:00",15.18,4
MA-17995,CA-2014-132010,"2014-10-13 00:00:00",315.2,5
MA-17995,CA-2014-132010,"2014-10-13 00:00:00",36.4,6
MA-17995,CA-2015-157028,"2015-11-28 00:00:00",8.28,7
MA-17995,US-2016-165078,"2016-11-05 00:00:00",51.75,8
MA-17995,US-2016-165078,"2016-11-05 00:00:00",39.68,9
MA-17995,US-2016-165078,"2016-11-05 00:00:00",104.9,10
MA-17995,CA-2016-152247,"2016-11-07 00:00:00",1603.136,11
MA-17995,CA-2017-123638,"2017-06-27 00:00:00",191.646,12
MB-17305,CA-2014-151708,"2014-08-08 00:00:00",95.976,1
MB-17305,CA-2014-151708,"2014-08-08 00:00:00",121.376,2
MB-17305,CA-2015-113131,"2015-09-24 00:00:00",17.12,3
MB-17305,CA-2015-113131,"2015-09-24 00:00:00",24.424,4
MB-17305,CA-2015-113131,"2015-09-24 00:00:00",15.84,5
MB-17305,CA-2015-113131,"2015-09-24 00:00:00",33.568,6
MB-17305,CA-2015-113131,"2015-09-24 00:00:00",6.732,7
MB-17305,CA-2015-145828,"2015-10-05 00:00:00",53.04,8
MB-17305,CA-2015-168529,"2015-10-08 00:00:00",145.9,9
MB-17305,CA-2015-144288,"2015-12-25 00:00:00",10.368,10
MB-17305,CA-2015-144288,"2015-12-25 00:00:00",9.216,11
MB-17305,CA-2016-118759,"2016-11-14 00:00:00",408.006,12
MB-17305,CA-2016-118759,"2016-11-14 00:00:00",40.44,13
MB-17305,CA-2017-105074,"2017-06-24 00:00:00",21.744,14
MB-17305,CA-2017-169124,"2017-07-03 00:00:00",129.39,15
MB-17305,CA-2017-163125,"2017-10-09 00:00:00",67.144,16
MB-17305,CA-2017-163125,"2017-10-09 00:00:00",254.058,17
MB-17305,CA-2017-149944,"2017-11-12 00:00:00",18.24,18
MB-17305,CA-2017-149944,"2017-11-12 00:00:00",76.12,19
MB-18085,CA-2014-141817,"2014-01-05 00:00:00",19.536,1
MB-18085,US-2016-128902,"2016-03-11 00:00:00",244.006,2
MB-18085,CA-2016-112382,"2016-05-09 00:00:00",19.136,3
MB-18085,CA-2016-142524,"2016-09-04 00:00:00",16.56,4
MB-18085,CA-2016-142524,"2016-09-04 00:00:00",279.95,5
MB-18085,CA-2017-151071,"2017-04-25 00:00:00",13.904,6
MB-18085,CA-2017-144498,"2017-05-06 00:00:00",627.168,7
MB-18085,CA-2017-144498,"2017-05-06 00:00:00",122.12,8
MB-18085,CA-2017-144498,"2017-05-06 00:00:00",68.541,9
MB-18085,CA-2017-122945,"2017-11-16 00:00:00",17.31,10
MC-17275,CA-2014-107818,"2014-09-08 00:00:00",5.88,1
MC-17275,CA-2014-107818,"2014-09-08 00:00:00",485.88,2
MC-17275,CA-2014-107818,"2014-09-08 00:00:00",303.84,3
MC-17275,CA-2014-107818,"2014-09-08 00:00:00",975.92,4
MC-17275,CA-2015-114237,"2015-03-13 00:00:00",141.96,5
MC-17275,CA-2015-105599,"2015-09-07 00:00:00",27.414,6
MC-17275,CA-2015-105599,"2015-09-07 00:00:00",13.96,7
MC-17275,CA-2015-143119,"2015-09-24 00:00:00",517.5,8
MC-17275,CA-2015-168459,"2015-11-22 00:00:00",2.946,9
MC-17275,CA-2015-168459,"2015-11-22 00:00:00",55.104,10
MC-17275,CA-2016-146318,"2016-01-22 00:00:00",12.96,11
MC-17275,CA-2016-118899,"2016-03-22 00:00:00",167.888,12
MC-17275,CA-2017-154949,"2017-10-15 00:00:00",14.73,13
MC-17425,CA-2014-140473,"2014-05-30 00:00:00",719.976,1
MC-17425,CA-2015-161711,"2015-11-28 00:00:00",62.24,2
MC-17425,CA-2015-161711,"2015-11-28 00:00:00",68.16,3
MC-17425,US-2016-168095,"2016-07-15 00:00:00",105.52,4
MC-17425,US-2016-168095,"2016-07-15 00:00:00",230.28,5
MC-17425,CA-2016-130050,"2016-07-16 00:00:00",9.552,6
MC-17425,CA-2016-133711,"2016-11-26 00:00:00",3040,7
MC-17425,CA-2016-133711,"2016-11-26 00:00:00",70.98,8
MC-17425,CA-2016-133711,"2016-11-26 00:00:00",91.68,9
MC-17425,CA-2016-133711,"2016-11-26 00:00:00",33.75,10
MC-17575,CA-2014-101147,"2014-12-02 00:00:00",2.394,1
MC-17575,CA-2015-135314,"2015-07-09 00:00:00",269.982,2
MC-17575,CA-2015-117772,"2015-09-10 00:00:00",353.88,3
MC-17575,CA-2015-125423,"2015-12-13 00:00:00",9.96,4
MC-17575,US-2016-157840,"2016-12-20 00:00:00",33.9,5
MC-17575,CA-2017-167703,"2017-02-03 00:00:00",5.229,6
MC-17575,CA-2017-167703,"2017-02-03 00:00:00",285.552,7
MC-17575,CA-2017-115175,"2017-08-07 00:00:00",244.55,8
MC-17575,US-2017-149510,"2017-12-03 00:00:00",45.216,9
MC-17575,US-2017-149510,"2017-12-03 00:00:00",24.448,10
MC-17575,US-2017-149510,"2017-12-03 00:00:00",28.782,11
MC-17590,CA-2014-130673,"2014-05-20 00:00:00",10.332,1
MC-17590,CA-2014-130673,"2014-05-20 00:00:00",66.96,2
MC-17590,CA-2014-130673,"2014-05-20 00:00:00",10.368,3
MC-17590,CA-2014-130673,"2014-05-20 00:00:00",20.784,4
MC-17590,CA-2014-127446,"2014-11-25 00:00:00",5.904,5
MC-17590,CA-2014-127446,"2014-11-25 00:00:00",24.672,6
MC-17590,CA-2014-127446,"2014-11-25 00:00:00",2.52,7
MC-17590,CA-2014-127446,"2014-11-25 00:00:00",1218.735,8
MC-17590,CA-2014-127446,"2014-11-25 00:00:00",15.696,9
MC-17590,CA-2014-127446,"2014-11-25 00:00:00",6.096,10
MC-17590,CA-2016-131835,"2016-07-17 00:00:00",162.64,11
MC-17590,CA-2016-131835,"2016-07-17 00:00:00",55.48,12
MC-17590,CA-2016-131835,"2016-07-17 00:00:00",597,13
MC-17590,CA-2016-113082,"2016-09-12 00:00:00",40.48,14
MC-17590,CA-2016-157868,"2016-12-23 00:00:00",24.85,15
MC-17590,CA-2017-159597,"2017-11-09 00:00:00",99.99,16
MC-17590,CA-2017-159597,"2017-11-09 00:00:00",63.56,17
MC-17605,CA-2014-103989,"2014-03-19 00:00:00",170.24,1
MC-17605,CA-2014-103989,"2014-03-19 00:00:00",20.016,2
MC-17605,CA-2014-103989,"2014-03-19 00:00:00",26.16,3
MC-17605,CA-2014-103989,"2014-03-19 00:00:00",33.57,4
MC-17605,CA-2014-103989,"2014-03-19 00:00:00",323.976,5
MC-17605,CA-2014-103989,"2014-03-19 00:00:00",4.992,6
MC-17605,CA-2014-103989,"2014-03-19 00:00:00",11.808,7
MC-17605,US-2014-161613,"2014-12-01 00:00:00",674.058,8
MC-17605,CA-2015-145394,"2015-11-16 00:00:00",239.976,9
MC-17605,CA-2015-145394,"2015-11-16 00:00:00",34.504,10
MC-17605,CA-2015-145394,"2015-11-16 00:00:00",21.488,11
MC-17605,CA-2016-145492,"2016-11-20 00:00:00",39,12
MC-17605,CA-2017-145142,"2017-01-23 00:00:00",210.98,13
MC-17605,CA-2017-160962,"2017-04-28 00:00:00",6.848,14
MC-17605,CA-2017-160962,"2017-04-28 00:00:00",8.384,15
MC-17605,CA-2017-134810,"2017-05-09 00:00:00",65.232,16
MC-17605,CA-2017-134810,"2017-05-09 00:00:00",207,17
MC-17605,US-2017-146213,"2017-09-09 00:00:00",159.96,18
MC-17635,US-2014-120175,"2014-11-28 00:00:00",64.02,1
MC-17635,CA-2014-164861,"2014-12-03 00:00:00",25.92,2
MC-17635,CA-2016-139010,"2016-02-21 00:00:00",12.99,3
MC-17635,CA-2016-139010,"2016-02-21 00:00:00",449.15,4
MC-17635,CA-2016-139010,"2016-02-21 00:00:00",31.248,5
MC-17635,CA-2016-139010,"2016-02-21 00:00:00",18.56,6
MC-17635,US-2017-151316,"2017-06-24 00:00:00",182.994,7
MC-17635,US-2017-151316,"2017-06-24 00:00:00",10.272,8
MC-17845,CA-2014-157784,"2014-07-05 00:00:00",479.97,1
MC-17845,CA-2014-157784,"2014-07-05 00:00:00",14.62,2
MC-17845,CA-2014-157784,"2014-07-05 00:00:00",19.44,3
MC-17845,CA-2014-156594,"2014-12-20 00:00:00",155.12,4
MC-17845,CA-2014-156594,"2014-12-20 00:00:00",4.13,5
MC-17845,CA-2014-156594,"2014-12-20 00:00:00",47.3,6
MC-17845,CA-2014-156594,"2014-12-20 00:00:00",487.984,7
MC-17845,CA-2016-116337,"2016-11-07 00:00:00",44.46,8
MC-17845,CA-2016-116337,"2016-11-07 00:00:00",314.088,9
MC-17845,CA-2016-146143,"2016-12-14 00:00:00",133.38,10
MC-17845,US-2017-128447,"2017-11-10 00:00:00",400.8,11
MC-17845,US-2017-128447,"2017-11-10 00:00:00",28.792,12
MC-17845,CA-2017-148446,"2017-12-10 00:00:00",1669.6,13
MC-17845,US-2017-102638,"2017-12-29 00:00:00",6.03,14
MC-18100,CA-2014-123855,"2014-06-18 00:00:00",139.8,1
MC-18100,CA-2014-101602,"2014-12-15 00:00:00",40.68,2
MC-18100,CA-2014-101602,"2014-12-15 00:00:00",763.28,3
MC-18100,CA-2015-116512,"2015-04-09 00:00:00",17.94,4
MC-18100,CA-2015-168809,"2015-08-25 00:00:00",7.88,5
MC-18100,CA-2015-168809,"2015-08-25 00:00:00",3.798,6
MC-18100,CA-2015-168809,"2015-08-25 00:00:00",20.104,7
MC-18100,US-2015-129637,"2015-12-17 00:00:00",41.552,8
MC-18100,US-2015-129637,"2015-12-17 00:00:00",13.12,9
MC-18100,US-2015-129637,"2015-12-17 00:00:00",180.016,10
MC-18100,CA-2015-111073,"2015-12-26 00:00:00",51.588,11
MC-18100,CA-2016-139808,"2016-10-07 00:00:00",93.36,12
MC-18100,CA-2017-113075,"2017-09-02 00:00:00",40.68,13
MC-18100,CA-2017-152807,"2017-10-30 00:00:00",20.736,14
MC-18100,CA-2017-152807,"2017-10-30 00:00:00",7.168,15
MC-18100,CA-2017-152807,"2017-10-30 00:00:00",11.168,16
MC-18100,CA-2017-152807,"2017-10-30 00:00:00",442.4,17
MC-18100,CA-2017-126242,"2017-11-19 00:00:00",18.7,18
MC-18100,CA-2017-126242,"2017-11-19 00:00:00",305.01,19
MC-18130,CA-2014-132787,"2014-09-19 00:00:00",92.52,1
MC-18130,CA-2015-163104,"2015-03-19 00:00:00",11.96,2
MC-18130,CA-2015-148432,"2015-11-07 00:00:00",7.3,3
MC-18130,CA-2015-148432,"2015-11-07 00:00:00",26.18,4
MC-18130,CA-2016-115504,"2016-03-12 00:00:00",12.96,5
MC-18130,CA-2016-129868,"2016-12-26 00:00:00",53.97,6
MC-18130,CA-2016-129868,"2016-12-26 00:00:00",902.712,7
MC-18130,CA-2016-129868,"2016-12-26 00:00:00",17.76,8
MC-18130,CA-2016-129868,"2016-12-26 00:00:00",302.384,9
MC-18130,CA-2016-129868,"2016-12-26 00:00:00",7.9,10
MC-18130,CA-2016-129868,"2016-12-26 00:00:00",146.352,11
MD-17350,CA-2014-114251,"2014-11-05 00:00:00",51.56,1
MD-17350,CA-2014-114251,"2014-11-05 00:00:00",1080.096,2
MD-17350,CA-2014-114251,"2014-11-05 00:00:00",13.194,3
MD-17350,CA-2014-114251,"2014-11-05 00:00:00",58.416,4
MD-17350,CA-2014-114251,"2014-11-05 00:00:00",273.568,5
MD-17350,CA-2014-143371,"2014-12-28 00:00:00",998.82,6
MD-17350,CA-2014-143371,"2014-12-28 00:00:00",51.15,7
MD-17350,CA-2015-134782,"2015-12-27 00:00:00",105.42,8
MD-17350,CA-2016-162383,"2016-09-05 00:00:00",85.246,9
MD-17350,CA-2016-162383,"2016-09-05 00:00:00",8.952,10
MD-17350,CA-2016-162383,"2016-09-05 00:00:00",8.856,11
MD-17350,CA-2017-132290,"2017-03-10 00:00:00",933.408,12
MD-17350,CA-2017-149181,"2017-05-08 00:00:00",47.992,13
MD-17350,CA-2017-109757,"2017-09-04 00:00:00",25.56,14
MD-17350,CA-2017-109757,"2017-09-04 00:00:00",8.256,15
MD-17350,CA-2017-109757,"2017-09-04 00:00:00",11.52,16
MD-17350,CA-2017-109757,"2017-09-04 00:00:00",4.368,17
MD-17860,US-2014-117744,"2014-12-02 00:00:00",58.36,1
MD-17860,US-2014-117744,"2014-12-02 00:00:00",39.96,2
MD-17860,US-2014-117744,"2014-12-02 00:00:00",16.464,3
MD-17860,CA-2017-100055,"2017-05-28 00:00:00",125.13,4
MD-17860,CA-2017-100055,"2017-05-28 00:00:00",27.46,5
MD-17860,CA-2017-104024,"2017-08-29 00:00:00",9.408,6
MD-17860,CA-2017-154410,"2017-10-21 00:00:00",909.12,7
MD-17860,CA-2017-153654,"2017-11-24 00:00:00",19.008,8
ME-17320,CA-2014-167199,"2014-01-06 00:00:00",6.54,1
ME-17320,CA-2014-167199,"2014-01-06 00:00:00",31.12,2
ME-17320,CA-2014-167199,"2014-01-06 00:00:00",609.98,3
ME-17320,CA-2014-167199,"2014-01-06 00:00:00",2573.82,4
ME-17320,CA-2014-167199,"2014-01-06 00:00:00",5.48,5
ME-17320,CA-2014-167199,"2014-01-06 00:00:00",391.98,6
ME-17320,CA-2014-167199,"2014-01-06 00:00:00",755.96,7
ME-17320,CA-2015-144302,"2015-06-19 00:00:00",5.792,8
ME-17320,CA-2016-152555,"2016-03-29 00:00:00",844.116,9
ME-17320,CA-2016-152555,"2016-03-29 00:00:00",812.736,10
ME-17320,CA-2016-152555,"2016-03-29 00:00:00",45.528,11
ME-17320,CA-2016-159142,"2016-04-04 00:00:00",149.97,12
ME-17320,CA-2016-159142,"2016-04-04 00:00:00",27.81,13
ME-17320,CA-2016-160717,"2016-06-06 00:00:00",3023.928,14
ME-17320,CA-2016-160717,"2016-06-06 00:00:00",477.6,15
ME-17320,CA-2016-160717,"2016-06-06 00:00:00",26.96,16
ME-17320,CA-2017-129910,"2017-03-30 00:00:00",59.76,17
ME-17320,CA-2017-148474,"2017-06-12 00:00:00",452.94,18
ME-17320,CA-2017-148474,"2017-06-12 00:00:00",91.2,19
ME-17320,CA-2017-137624,"2017-11-10 00:00:00",241.424,20
ME-17320,US-2017-124926,"2017-11-13 00:00:00",9.324,21
ME-17320,CA-2017-143434,"2017-11-18 00:00:00",19.76,22
ME-17725,CA-2014-124807,"2014-07-12 00:00:00",23.84,1
ME-17725,CA-2014-124807,"2014-07-12 00:00:00",35.856,2
ME-17725,CA-2015-155635,"2015-05-09 00:00:00",48.81,3
ME-17725,CA-2015-161830,"2015-09-24 00:00:00",35.96,4
ME-17725,CA-2015-161830,"2015-09-24 00:00:00",14.952,5
ME-17725,US-2016-123470,"2016-08-15 00:00:00",18.882,6
ME-17725,US-2016-123470,"2016-08-15 00:00:00",122.328,7
ME-17725,CA-2017-166415,"2017-02-19 00:00:00",11.22,8
ME-17725,CA-2017-137449,"2017-06-29 00:00:00",21.392,9
ME-17725,CA-2017-137449,"2017-06-29 00:00:00",307.314,10
ME-17725,CA-2017-137449,"2017-06-29 00:00:00",409.9992,11
ME-17725,CA-2017-116645,"2017-11-30 00:00:00",155.94,12
ME-17725,CA-2017-143756,"2017-12-02 00:00:00",701.96,13
ME-18010,CA-2014-116932,"2014-07-21 00:00:00",99.2,1
ME-18010,CA-2014-116932,"2014-07-21 00:00:00",801.568,2
ME-18010,CA-2014-116932,"2014-07-21 00:00:00",272.848,3
ME-18010,CA-2014-126333,"2014-12-23 00:00:00",5.184,4
ME-18010,CA-2015-169278,"2015-05-21 00:00:00",26.976,5
ME-18010,CA-2017-148138,"2017-09-29 00:00:00",51.168,6
MF-17665,US-2014-169789,"2014-12-30 00:00:00",551.985,1
MF-17665,CA-2016-126543,"2016-01-09 00:00:00",15.168,2
MF-17665,CA-2016-114307,"2016-07-22 00:00:00",5.4,3
MF-17665,CA-2016-114307,"2016-07-22 00:00:00",37.68,4
MF-17665,CA-2016-114307,"2016-07-22 00:00:00",27.42,5
MF-17665,CA-2016-114307,"2016-07-22 00:00:00",51.84,6
MF-17665,US-2016-102232,"2016-08-05 00:00:00",197.05,7
MF-17665,CA-2016-165827,"2016-11-04 00:00:00",50.496,8
MF-18250,CA-2014-149594,"2014-09-15 00:00:00",103.936,1
MF-18250,CA-2015-144722,"2015-03-16 00:00:00",43.13,2
MF-18250,CA-2015-128013,"2015-08-09 00:00:00",144.12,3
MF-18250,CA-2015-128013,"2015-08-09 00:00:00",10.02,4
MF-18250,CA-2015-162964,"2015-11-12 00:00:00",223.888,5
MF-18250,CA-2015-162964,"2015-11-12 00:00:00",64.784,6
MF-18250,CA-2015-162964,"2015-11-12 00:00:00",15.552,7
MF-18250,US-2017-162670,"2017-12-23 00:00:00",62.04,8
MF-18250,US-2017-162670,"2017-12-23 00:00:00",494.97,9
MF-18250,US-2017-162670,"2017-12-23 00:00:00",182.94,10
MF-18250,US-2017-162670,"2017-12-23 00:00:00",367.96,11
MF-18250,US-2017-162670,"2017-12-23 00:00:00",44.96,12
MG-17650,CA-2014-166471,"2014-08-09 00:00:00",1091.168,1
MG-17650,CA-2014-166471,"2014-08-09 00:00:00",219.168,2
MG-17650,CA-2016-105284,"2016-11-24 00:00:00",4.416,3
MG-17650,CA-2016-139395,"2016-12-12 00:00:00",13.9,4
MG-17650,CA-2016-139395,"2016-12-12 00:00:00",33.48,5
MG-17650,CA-2016-139395,"2016-12-12 00:00:00",657.93,6
MG-17650,CA-2016-139395,"2016-12-12 00:00:00",26.86,7
MG-17650,CA-2017-152135,"2017-03-16 00:00:00",445.44,8
MG-17650,US-2017-169502,"2017-08-28 00:00:00",91.6,9
MG-17650,US-2017-169502,"2017-08-28 00:00:00",21.81,10
MG-17650,CA-2017-152933,"2017-10-12 00:00:00",791.88,11
MG-17650,CA-2017-152933,"2017-10-12 00:00:00",10.368,12
MG-17650,CA-2017-152933,"2017-10-12 00:00:00",369.544,13
MG-17650,CA-2017-145660,"2017-12-01 00:00:00",7.712,14
MG-17680,CA-2014-110072,"2014-10-22 00:00:00",93.888,1
MG-17680,CA-2015-151043,"2015-11-14 00:00:00",47.984,2
MG-17680,US-2017-109316,"2017-06-08 00:00:00",1497.666,3
MG-17680,US-2017-109316,"2017-06-08 00:00:00",17.52,4
MG-17680,CA-2017-121300,"2017-09-29 00:00:00",63.686,5
MG-17680,CA-2017-121300,"2017-09-29 00:00:00",239.976,6
MG-17680,CA-2017-121300,"2017-09-29 00:00:00",8.448,7
MG-17680,CA-2017-121300,"2017-09-29 00:00:00",15.552,8
MG-17680,CA-2017-121300,"2017-09-29 00:00:00",21.248,9
MG-17680,CA-2017-121300,"2017-09-29 00:00:00",344.22,10
MG-17695,CA-2014-139598,"2014-12-26 00:00:00",34.656,1
MG-17695,CA-2014-139598,"2014-12-26 00:00:00",18.264,2
MG-17695,CA-2014-139598,"2014-12-26 00:00:00",81.552,3
MG-17695,CA-2014-139598,"2014-12-26 00:00:00",227.136,4
MG-17695,CA-2015-164007,"2015-06-08 00:00:00",2.376,5
MG-17695,CA-2015-164007,"2015-06-08 00:00:00",143.128,6
MG-17695,US-2016-142685,"2016-06-23 00:00:00",835.17,7
MG-17875,CA-2014-103744,"2014-02-23 00:00:00",6.936,1
MG-17875,CA-2014-103744,"2014-02-23 00:00:00",4.428,2
MG-17875,CA-2015-124975,"2015-06-22 00:00:00",796.425,3
MG-17875,CA-2015-134992,"2015-09-22 00:00:00",32.4,4
MG-17875,CA-2015-134992,"2015-09-22 00:00:00",47.98,5
MG-17875,CA-2016-131499,"2016-09-08 00:00:00",207.48,6
MG-17875,CA-2017-120705,"2017-09-05 00:00:00",147.184,7
MG-17890,CA-2014-118276,"2014-12-29 00:00:00",8.736,1
MG-17890,CA-2015-146948,"2015-07-16 00:00:00",137.25,2
MG-17890,CA-2015-146948,"2015-07-16 00:00:00",150.98,3
MG-17890,CA-2015-146948,"2015-07-16 00:00:00",11.52,4
MG-17890,CA-2016-154053,"2016-03-04 00:00:00",16.99,5
MG-17890,CA-2016-163972,"2016-10-17 00:00:00",120.666,6
MG-17890,CA-2017-136672,"2017-03-07 00:00:00",49.08,7
MG-17890,CA-2017-166933,"2017-04-24 00:00:00",1.81,8
MG-17890,CA-2017-121125,"2017-05-30 00:00:00",13.592,9
MG-17890,CA-2017-121125,"2017-05-30 00:00:00",35.36,10
MG-17890,CA-2017-121125,"2017-05-30 00:00:00",156.792,11
MG-17890,CA-2017-127712,"2017-08-31 00:00:00",6.208,12
MG-17890,CA-2017-102967,"2017-09-22 00:00:00",67.4,13
MG-18145,CA-2014-137274,"2014-03-29 00:00:00",890.841,1
MG-18145,US-2015-138303,"2015-09-03 00:00:00",52.512,2
MG-18145,US-2015-138303,"2015-09-03 00:00:00",666.248,3
MG-18145,US-2015-138303,"2015-09-03 00:00:00",36.336,4
MG-18145,CA-2017-123239,"2017-07-27 00:00:00",91.032,5
MG-18145,CA-2017-108574,"2017-10-07 00:00:00",1115.91,6
MG-18145,CA-2017-108574,"2017-10-07 00:00:00",79.92,7
MG-18145,CA-2017-108574,"2017-10-07 00:00:00",128.744,8
MG-18205,CA-2017-115070,"2017-04-10 00:00:00",12.32,1
MG-18205,CA-2017-115070,"2017-04-10 00:00:00",4.419,2
MH-17290,CA-2014-116785,"2014-04-26 00:00:00",21.4,1
MH-17290,CA-2014-116785,"2014-04-26 00:00:00",12.6,2
MH-17290,CA-2015-137603,"2015-09-19 00:00:00",8.4,3
MH-17290,US-2016-108497,"2016-06-14 00:00:00",599.165,4
MH-17290,US-2016-135209,"2016-12-29 00:00:00",25.344,5
MH-17290,US-2016-135209,"2016-12-29 00:00:00",37.408,6
MH-17290,US-2017-141558,"2017-03-11 00:00:00",12.294,7
MH-17290,US-2017-141558,"2017-03-11 00:00:00",776.85,8
MH-17290,US-2017-141558,"2017-03-11 00:00:00",43.28,9
MH-17290,US-2017-141558,"2017-03-11 00:00:00",154.764,10
MH-17290,CA-2017-169327,"2017-09-02 00:00:00",147.92,11
MH-17290,CA-2017-169327,"2017-09-02 00:00:00",511.5,12
MH-17290,CA-2017-169327,"2017-09-02 00:00:00",43.1,13
MH-17440,CA-2014-104808,"2014-02-04 00:00:00",17.248,1
MH-17440,US-2014-164763,"2014-03-17 00:00:00",11.43,2
MH-17440,US-2014-164763,"2014-03-17 00:00:00",30.44,3
MH-17440,US-2014-164763,"2014-03-17 00:00:00",16,4
MH-17440,US-2014-164763,"2014-03-17 00:00:00",12.96,5
MH-17440,US-2014-164763,"2014-03-17 00:00:00",32.67,6
MH-17440,CA-2016-163048,"2016-02-08 00:00:00",241.5,7
MH-17440,CA-2016-141523,"2016-12-19 00:00:00",34.248,8
MH-17440,CA-2016-141523,"2016-12-19 00:00:00",3.52,9
MH-17455,CA-2014-133305,"2014-07-11 00:00:00",49.12,1
MH-17455,CA-2014-133305,"2014-07-11 00:00:00",18.28,2
MH-17455,CA-2014-160157,"2014-12-20 00:00:00",190.848,3
MH-17455,CA-2015-100888,"2015-04-06 00:00:00",47.952,4
MH-17455,CA-2016-113341,"2016-11-25 00:00:00",194.352,5
MH-17455,US-2016-143448,"2016-12-10 00:00:00",1424.9,6
MH-17455,CA-2017-154809,"2017-02-13 00:00:00",90.64,7
MH-17455,CA-2017-136364,"2017-07-13 00:00:00",91.008,8
MH-17455,CA-2017-136364,"2017-07-13 00:00:00",39.594,9
MH-17455,CA-2017-146269,"2017-10-06 00:00:00",290.336,10
MH-17455,CA-2017-146269,"2017-10-06 00:00:00",19.152,11
MH-17620,CA-2015-156440,"2015-12-05 00:00:00",44.46,1
MH-17620,CA-2016-153185,"2016-09-03 00:00:00",30.96,2
MH-17620,CA-2016-132017,"2016-09-26 00:00:00",6.816,3
MH-17620,CA-2017-130841,"2017-07-28 00:00:00",1145.6,4
MH-17620,CA-2017-130841,"2017-07-28 00:00:00",9.984,5
MH-17620,CA-2017-130841,"2017-07-28 00:00:00",14.98,6
MH-17785,CA-2014-124429,"2014-05-27 00:00:00",567.12,1
MH-17785,CA-2014-124429,"2014-05-27 00:00:00",359.32,2
MH-17785,CA-2014-159478,"2014-09-30 00:00:00",15.24,3
MH-17785,CA-2014-124702,"2014-11-18 00:00:00",730.2,4
MH-17785,CA-2014-124702,"2014-11-18 00:00:00",137.54,5
MH-17785,CA-2015-138954,"2015-11-15 00:00:00",34.944,6
MH-17785,CA-2015-138954,"2015-11-15 00:00:00",70.95,7
MH-17785,CA-2015-138954,"2015-11-15 00:00:00",119.04,8
MH-17785,CA-2015-154144,"2015-12-20 00:00:00",55.48,9
MH-17785,CA-2016-108959,"2016-03-10 00:00:00",104.696,10
MH-17785,CA-2017-103520,"2017-09-23 00:00:00",9.248,11
MH-18025,CA-2014-150301,"2014-07-08 00:00:00",63.882,1
MH-18025,CA-2015-148635,"2015-07-25 00:00:00",9.42,2
MH-18025,CA-2015-148635,"2015-07-25 00:00:00",561.568,3
MH-18025,CA-2015-148635,"2015-07-25 00:00:00",704.9,4
MH-18025,CA-2015-148635,"2015-07-25 00:00:00",12.96,5
MH-18025,CA-2017-125878,"2017-02-25 00:00:00",1.788,6
MH-18025,CA-2017-103212,"2017-10-13 00:00:00",1504.52,7
MH-18025,CA-2017-103212,"2017-10-13 00:00:00",11.07,8
MH-18025,CA-2017-103212,"2017-10-13 00:00:00",25.92,9
MH-18025,CA-2017-115448,"2017-11-11 00:00:00",88.92,10
MH-18115,US-2016-160528,"2016-08-23 00:00:00",666.4,1
MH-18115,US-2016-160528,"2016-08-23 00:00:00",22.608,2
MH-18115,US-2016-160528,"2016-08-23 00:00:00",727.296,3
MH-18115,CA-2017-127026,"2017-01-21 00:00:00",89.52,4
MH-18115,CA-2017-127026,"2017-01-21 00:00:00",164.99,5
MH-18115,CA-2017-127026,"2017-01-21 00:00:00",350.973,6
MH-18115,CA-2017-127026,"2017-01-21 00:00:00",14.4,7
MH-18115,CA-2017-127026,"2017-01-21 00:00:00",619.95,8
MH-18115,CA-2017-144638,"2017-03-10 00:00:00",43.872,9
MH-18115,CA-2017-144638,"2017-03-10 00:00:00",6.696,10
MH-18115,CA-2017-144638,"2017-03-10 00:00:00",35.91,11
MH-18115,CA-2017-144638,"2017-03-10 00:00:00",5.248,12
MH-18115,US-2017-108315,"2017-04-30 00:00:00",220.704,13
MH-18115,US-2017-108315,"2017-04-30 00:00:00",4.842,14
MH-18115,CA-2017-137785,"2017-05-13 00:00:00",458.43,15
MH-18115,CA-2017-161088,"2017-05-25 00:00:00",29.84,16
MH-18115,CA-2017-121839,"2017-09-24 00:00:00",1169.694,17
MH-18115,US-2017-114657,"2017-11-16 00:00:00",52.44,18
MH-18115,CA-2017-114055,"2017-12-25 00:00:00",629.1,19
MH-18115,CA-2017-114055,"2017-12-25 00:00:00",90.48,20
MH-18115,CA-2017-114055,"2017-12-25 00:00:00",96.08,21
MH-18115,CA-2017-114055,"2017-12-25 00:00:00",3.62,22
MJ-17740,CA-2015-101868,"2015-06-09 00:00:00",38.52,1
MJ-17740,CA-2015-101868,"2015-06-09 00:00:00",64.2,2
MJ-17740,CA-2015-101868,"2015-06-09 00:00:00",72.6,3
MJ-17740,CA-2016-124149,"2016-04-23 00:00:00",108.336,4
MJ-17740,CA-2016-124149,"2016-04-23 00:00:00",55.92,5
MJ-17740,CA-2016-124149,"2016-04-23 00:00:00",78.304,6
MJ-17740,CA-2016-100300,"2016-06-24 00:00:00",104.85,7
MJ-17740,CA-2016-100300,"2016-06-24 00:00:00",4476.8,8
MJ-17740,CA-2016-100300,"2016-06-24 00:00:00",241.44,9
MJ-17740,CA-2016-106397,"2016-07-07 00:00:00",12.96,10
MJ-17740,CA-2016-106397,"2016-07-07 00:00:00",45.98,11
MJ-17740,CA-2016-113817,"2016-11-07 00:00:00",27.68,12
MJ-17740,CA-2017-147291,"2017-03-11 00:00:00",895.92,13
MJ-17740,US-2017-131961,"2017-12-08 00:00:00",13.248,14
MJ-17740,US-2017-131961,"2017-12-08 00:00:00",83.988,15
MK-17905,CA-2014-161032,"2014-11-18 00:00:00",392.94,1
MK-17905,CA-2015-107468,"2015-12-18 00:00:00",6.848,2
MK-17905,US-2016-148901,"2016-05-14 00:00:00",30.192,3
MK-17905,US-2016-148901,"2016-05-14 00:00:00",43.6,4
MK-17905,US-2016-148901,"2016-05-14 00:00:00",13.392,5
MK-17905,US-2016-148901,"2016-05-14 00:00:00",10.38,6
MK-17905,US-2016-148901,"2016-05-14 00:00:00",4.768,7
MK-17905,US-2016-148901,"2016-05-14 00:00:00",31.104,8
MK-17905,US-2016-148901,"2016-05-14 00:00:00",57.582,9
MK-17905,CA-2016-132479,"2016-09-24 00:00:00",442.372,10
MK-17905,CA-2016-155516,"2016-10-21 00:00:00",104.79,11
MK-17905,CA-2016-155516,"2016-10-21 00:00:00",7.36,12
MK-17905,CA-2016-155516,"2016-10-21 00:00:00",23.2,13
MK-17905,CA-2016-155516,"2016-10-21 00:00:00",1043.92,14
MK-17905,US-2017-132206,"2017-06-16 00:00:00",5.936,15
MK-17905,CA-2017-100580,"2017-08-13 00:00:00",36.024,16
MK-17905,CA-2017-164917,"2017-12-02 00:00:00",47.96,17
MK-18160,US-2014-150574,"2014-12-19 00:00:00",247.8,1
MK-18160,US-2014-150574,"2014-12-19 00:00:00",4.812,2
MK-18160,US-2016-108455,"2016-12-02 00:00:00",40.46,3
MK-18160,US-2016-108455,"2016-12-02 00:00:00",33.87,4
MK-18160,US-2016-108455,"2016-12-02 00:00:00",25.92,5
MK-18160,CA-2017-163209,"2017-05-03 00:00:00",22.96,6
MK-18160,CA-2017-163209,"2017-05-03 00:00:00",25.92,7
MK-18160,CA-2017-128755,"2017-05-04 00:00:00",571.44,8
MK-18160,CA-2017-128755,"2017-05-04 00:00:00",16.91,9
MK-18160,CA-2017-128755,"2017-05-04 00:00:00",32.4,10
MK-18160,CA-2017-128755,"2017-05-04 00:00:00",9.11,11
ML-17395,CA-2014-121762,"2014-02-14 00:00:00",239.97,1
ML-17395,CA-2014-121762,"2014-02-14 00:00:00",238.62,2
ML-17395,CA-2014-121762,"2014-02-14 00:00:00",81.96,3
ML-17395,CA-2014-156349,"2014-05-26 00:00:00",83.984,4
ML-17395,CA-2014-156349,"2014-05-26 00:00:00",201.584,5
ML-17395,CA-2014-156349,"2014-05-26 00:00:00",290.666,6
ML-17395,CA-2014-134215,"2014-08-04 00:00:00",101.96,7
ML-17395,CA-2014-134215,"2014-08-04 00:00:00",259.74,8
ML-17395,CA-2014-134215,"2014-08-04 00:00:00",255.42,9
ML-17395,CA-2014-164742,"2014-10-13 00:00:00",18.94,10
ML-17395,CA-2014-164742,"2014-10-13 00:00:00",245.98,11
ML-17395,CA-2015-120845,"2015-09-25 00:00:00",10.48,12
ML-17395,CA-2015-120845,"2015-09-25 00:00:00",6.336,13
ML-17395,CA-2015-120845,"2015-09-25 00:00:00",3.264,14
ML-17395,CA-2015-120845,"2015-09-25 00:00:00",2.469,15
ML-17395,CA-2016-137673,"2016-09-05 00:00:00",116,16
ML-17395,CA-2016-168830,"2016-11-07 00:00:00",479.97,17
ML-17395,CA-2017-150602,"2017-02-09 00:00:00",21.12,18
ML-17395,CA-2017-156363,"2017-10-22 00:00:00",32.7,19
ML-17395,CA-2017-156363,"2017-10-22 00:00:00",31.68,20
ML-17410,CA-2014-125556,"2014-11-14 00:00:00",43.8,1
ML-17410,CA-2014-125556,"2014-11-14 00:00:00",832.93,2
ML-17410,CA-2016-125794,"2016-09-29 00:00:00",36.24,3
ML-17410,CA-2017-152079,"2017-01-20 00:00:00",11.52,4
ML-17410,CA-2017-121580,"2017-05-29 00:00:00",7.98,5
ML-17410,CA-2017-121580,"2017-05-29 00:00:00",465.16,6
ML-17410,CA-2017-121580,"2017-05-29 00:00:00",43.41,7
ML-17410,CA-2017-121580,"2017-05-29 00:00:00",6.24,8
ML-17410,US-2017-142573,"2017-07-18 00:00:00",16.096,9
ML-17410,US-2017-142573,"2017-07-18 00:00:00",801.6,10
ML-17410,US-2017-142573,"2017-07-18 00:00:00",7.656,11
ML-17410,US-2017-142573,"2017-07-18 00:00:00",311.976,12
ML-17410,US-2017-142573,"2017-07-18 00:00:00",161.568,13
ML-17410,CA-2017-154109,"2017-11-06 00:00:00",127.372,14
ML-17410,CA-2017-154109,"2017-11-06 00:00:00",47.952,15
ML-17755,CA-2016-110254,"2016-08-04 00:00:00",35.06,1
ML-17755,CA-2016-110254,"2016-08-04 00:00:00",4.13,2
ML-17755,CA-2016-110254,"2016-08-04 00:00:00",109.8,3
ML-17755,CA-2016-110254,"2016-08-04 00:00:00",9.82,4
ML-17755,CA-2017-107265,"2017-04-06 00:00:00",106.32,5
ML-17755,CA-2017-140242,"2017-05-06 00:00:00",408.744,6
ML-17755,CA-2017-140242,"2017-05-06 00:00:00",6.408,7
ML-17755,CA-2017-133648,"2017-06-25 00:00:00",71.04,8
ML-17755,CA-2017-133648,"2017-06-25 00:00:00",11.304,9
ML-17755,CA-2017-133648,"2017-06-25 00:00:00",5.344,10
ML-17755,CA-2017-143455,"2017-11-11 00:00:00",10.368,11
ML-17755,US-2017-120089,"2017-11-30 00:00:00",663.936,12
ML-17755,CA-2017-103968,"2017-12-01 00:00:00",629.64,13
ML-18040,CA-2017-113208,"2017-03-26 00:00:00",60.84,1
ML-18040,CA-2017-158953,"2017-06-04 00:00:00",6.37,2
ML-18040,CA-2017-168655,"2017-10-12 00:00:00",79.872,3
ML-18040,CA-2017-168655,"2017-10-12 00:00:00",595,4
ML-18265,CA-2015-136224,"2015-05-31 00:00:00",10.272,1
ML-18265,CA-2017-132262,"2017-09-21 00:00:00",79.98,2
ML-18265,CA-2017-132262,"2017-09-21 00:00:00",71.98,3
MM-17260,CA-2014-108861,"2014-05-28 00:00:00",136.96,1
MM-17260,CA-2016-120355,"2016-09-18 00:00:00",60.72,2
MM-17260,CA-2016-120355,"2016-09-18 00:00:00",631.782,3
MM-17260,CA-2017-138156,"2017-02-11 00:00:00",147.568,4
MM-17260,CA-2017-166142,"2017-07-15 00:00:00",26.55,5
MM-17260,CA-2017-166142,"2017-07-15 00:00:00",310.443,6
MM-17920,CA-2014-118192,"2014-01-13 00:00:00",37.408,1
MM-17920,CA-2014-118192,"2014-01-13 00:00:00",3.438,2
MM-17920,CA-2014-101266,"2014-08-27 00:00:00",13.36,3
MM-17920,CA-2014-115049,"2014-09-26 00:00:00",153.824,4
MM-17920,US-2015-157154,"2015-01-10 00:00:00",1018.104,5
MM-17920,CA-2016-101329,"2016-04-22 00:00:00",2.88,6
MM-17920,CA-2016-101329,"2016-04-22 00:00:00",32.13,7
MM-17920,US-2016-121013,"2016-09-05 00:00:00",25.06,8
MM-17920,US-2016-121013,"2016-09-05 00:00:00",1652.94,9
MM-17920,CA-2016-122063,"2016-12-03 00:00:00",29.98,10
MM-17920,CA-2016-122063,"2016-12-03 00:00:00",581.96,11
MM-17920,CA-2017-164329,"2017-01-30 00:00:00",129.3,12
MM-17920,CA-2017-117394,"2017-09-04 00:00:00",19.04,13
MM-17920,CA-2017-128160,"2017-12-19 00:00:00",36.672,14
MM-17920,CA-2017-121216,"2017-12-23 00:00:00",29.312,15
MM-17920,CA-2017-121216,"2017-12-23 00:00:00",28.672,16
MM-18055,CA-2014-110555,"2014-04-11 00:00:00",105.584,1
MM-18055,CA-2014-110555,"2014-04-11 00:00:00",217.44,2
MM-18055,CA-2014-110555,"2014-04-11 00:00:00",87.08,3
MM-18055,CA-2014-144029,"2014-05-26 00:00:00",359.772,4
MM-18055,CA-2014-144029,"2014-05-26 00:00:00",13.392,5
MM-18055,CA-2014-144029,"2014-05-26 00:00:00",102.624,6
MM-18055,US-2015-141684,"2015-06-29 00:00:00",24.96,7
MM-18055,US-2015-165743,"2015-11-20 00:00:00",145.764,8
MM-18055,US-2015-165743,"2015-11-20 00:00:00",4.896,9
MM-18055,US-2015-165743,"2015-11-20 00:00:00",9.612,10
MM-18055,US-2017-104451,"2017-05-08 00:00:00",81.08,11
MM-18055,CA-2017-164378,"2017-07-15 00:00:00",8.96,12
MM-18055,CA-2017-164378,"2017-07-15 00:00:00",664.146,13
MM-18055,CA-2017-164378,"2017-07-15 00:00:00",41.9,14
MM-18055,CA-2017-164378,"2017-07-15 00:00:00",7.83,15
MM-18055,CA-2017-164378,"2017-07-15 00:00:00",6.56,16
MM-18055,US-2017-124968,"2017-09-08 00:00:00",765.625,17
MM-18055,CA-2017-127285,"2017-10-30 00:00:00",13.904,18
MM-18055,CA-2017-127285,"2017-10-30 00:00:00",88.752,19
MM-18280,US-2014-147774,"2014-01-20 00:00:00",67.194,1
MM-18280,CA-2015-132941,"2015-05-25 00:00:00",32.368,2
MM-18280,CA-2015-132941,"2015-05-25 00:00:00",22.368,3
MM-18280,CA-2015-132941,"2015-05-25 00:00:00",207.984,4
MM-18280,CA-2015-168760,"2015-09-22 00:00:00",61.44,5
MM-18280,CA-2015-119592,"2015-12-14 00:00:00",3.76,6
MM-18280,CA-2016-124793,"2016-03-14 00:00:00",196.784,7
MM-18280,US-2016-134656,"2016-09-28 00:00:00",99.136,8
MM-18280,CA-2017-112172,"2017-06-10 00:00:00",14.13,9
MM-18280,CA-2017-148068,"2017-09-18 00:00:00",19.44,10
MM-18280,CA-2017-148068,"2017-09-18 00:00:00",9.82,11
MM-18280,CA-2017-109099,"2017-10-06 00:00:00",40.99,12
MN-17935,CA-2014-122567,"2014-02-16 00:00:00",1.08,1
MN-17935,CA-2014-122567,"2014-02-16 00:00:00",7.96,2
MN-17935,CA-2014-123225,"2014-07-11 00:00:00",10.368,3
MN-17935,CA-2014-123225,"2014-07-11 00:00:00",575.968,4
MN-17935,CA-2016-165673,"2016-05-15 00:00:00",15.232,5
MN-17935,CA-2017-123659,"2017-02-10 00:00:00",23.12,6
MN-17935,CA-2017-165204,"2017-11-13 00:00:00",720.064,7
MN-17935,CA-2017-165204,"2017-11-13 00:00:00",8.904,8
MN-17935,CA-2017-100097,"2017-11-26 00:00:00",979.95,9
MN-17935,CA-2017-100097,"2017-11-26 00:00:00",135.3,10
MO-17500,CA-2014-121167,"2014-11-28 00:00:00",17.248,1
MO-17500,CA-2016-102981,"2016-09-06 00:00:00",31.86,2
MO-17500,CA-2016-102981,"2016-09-06 00:00:00",722.352,3
MO-17500,CA-2016-121601,"2016-10-04 00:00:00",59.752,4
MO-17500,CA-2017-117653,"2017-10-19 00:00:00",91.275,5
MO-17800,CA-2015-133025,"2015-09-17 00:00:00",32.4,1
MO-17800,CA-2015-139094,"2015-11-22 00:00:00",206.962,2
MO-17800,CA-2016-128727,"2016-08-29 00:00:00",22,3
MO-17800,CA-2017-169054,"2017-04-22 00:00:00",254.352,4
MO-17800,CA-2017-145506,"2017-06-03 00:00:00",136.26,5
MO-17800,US-2017-106663,"2017-06-09 00:00:00",23.976,6
MO-17800,US-2017-106663,"2017-06-09 00:00:00",36.352,7
MO-17800,US-2017-106663,"2017-06-09 00:00:00",108.925,8
MO-17800,CA-2017-163020,"2017-09-15 00:00:00",35.56,9
MO-17800,CA-2017-157931,"2017-09-17 00:00:00",723.92,10
MO-17800,CA-2017-157931,"2017-09-17 00:00:00",106.32,11
MO-17950,US-2015-122140,"2015-04-02 00:00:00",32.192,1
MO-17950,US-2015-122140,"2015-04-02 00:00:00",50.12,2
MO-17950,US-2015-122140,"2015-04-02 00:00:00",47.976,3
MO-17950,US-2017-166233,"2017-07-03 00:00:00",24,4
MP-17470,CA-2014-162089,"2014-03-30 00:00:00",335.72,1
MP-17470,CA-2014-162089,"2014-03-30 00:00:00",127.302,2
MP-17470,CA-2014-162089,"2014-03-30 00:00:00",251.944,3
MP-17470,CA-2014-147914,"2014-06-04 00:00:00",16.224,4
MP-17470,CA-2014-145926,"2014-11-17 00:00:00",479.9,5
MP-17470,CA-2015-103772,"2015-06-28 00:00:00",140.75,6
MP-17470,CA-2015-103772,"2015-06-28 00:00:00",119.56,7
MP-17470,CA-2015-102281,"2015-10-12 00:00:00",51.84,8
MP-17470,CA-2015-102281,"2015-10-12 00:00:00",626.352,9
MP-17470,CA-2015-102281,"2015-10-12 00:00:00",19.9,10
MP-17470,CA-2015-102281,"2015-10-12 00:00:00",899.136,11
MP-17470,CA-2015-102281,"2015-10-12 00:00:00",71.76,12
MP-17470,CA-2015-147851,"2015-12-03 00:00:00",10.752,13
MP-17470,CA-2016-141887,"2016-01-11 00:00:00",54.992,14
MP-17965,US-2015-163433,"2015-04-18 00:00:00",7.872,1
MP-17965,US-2015-163433,"2015-04-18 00:00:00",56.686,2
MP-17965,US-2015-163433,"2015-04-18 00:00:00",15.552,3
MP-17965,US-2015-163433,"2015-04-18 00:00:00",1.476,4
MP-17965,US-2015-163433,"2015-04-18 00:00:00",74.352,5
MP-17965,US-2015-163433,"2015-04-18 00:00:00",4.312,6
MP-17965,US-2015-163433,"2015-04-18 00:00:00",244.768,7
MP-17965,US-2015-163433,"2015-04-18 00:00:00",41.424,8
MP-17965,US-2015-163433,"2015-04-18 00:00:00",97.968,9
MP-17965,US-2015-149629,"2015-07-17 00:00:00",231.92,10
MP-17965,US-2015-145121,"2015-10-02 00:00:00",26.9,11
MP-17965,CA-2015-110765,"2015-10-16 00:00:00",824.97,12
MP-17965,CA-2016-116974,"2016-10-09 00:00:00",23.976,13
MP-17965,CA-2016-142335,"2016-12-15 00:00:00",296.37,14
MP-17965,CA-2016-142335,"2016-12-15 00:00:00",1652.94,15
MP-17965,CA-2016-139689,"2016-12-29 00:00:00",2.808,16
MP-17965,CA-2016-139689,"2016-12-29 00:00:00",38.088,17
MP-17965,CA-2017-155152,"2017-07-07 00:00:00",252,18
MP-17965,CA-2017-125388,"2017-10-19 00:00:00",56.56,19
MP-17965,CA-2017-125388,"2017-10-19 00:00:00",32.7,20
MP-18175,US-2014-117380,"2014-03-28 00:00:00",330.588,1
MP-18175,CA-2014-119151,"2014-11-25 00:00:00",275.952,2
MP-18175,CA-2014-119151,"2014-11-25 00:00:00",1117.92,3
MP-18175,CA-2015-135685,"2015-11-16 00:00:00",214.11,4
MP-18175,CA-2015-135685,"2015-11-16 00:00:00",653.55,5
MP-18175,CA-2015-135685,"2015-11-16 00:00:00",179.82,6
MP-18175,CA-2015-135685,"2015-11-16 00:00:00",185.58,7
MP-18175,CA-2015-135685,"2015-11-16 00:00:00",999.96,8
MP-18175,CA-2015-166338,"2015-12-06 00:00:00",14.832,9
MP-18175,CA-2016-163636,"2016-12-05 00:00:00",3.536,10
MP-18175,US-2016-127334,"2016-12-15 00:00:00",564.195,11
MP-18175,US-2016-127334,"2016-12-15 00:00:00",87.168,12
MP-18175,CA-2017-124086,"2017-02-10 00:00:00",203.983,13
MP-18175,CA-2017-167661,"2017-10-05 00:00:00",61.96,14
MP-18175,CA-2017-167661,"2017-10-05 00:00:00",39.92,15
MP-18175,CA-2017-167661,"2017-10-05 00:00:00",19.936,16
MP-18175,CA-2017-169859,"2017-12-14 00:00:00",26.25,17
MP-18175,CA-2017-169859,"2017-12-14 00:00:00",64.96,18
MP-18175,CA-2017-169859,"2017-12-14 00:00:00",43.7,19
MR-17545,US-2014-120236,"2014-09-03 00:00:00",7.68,1
MR-17545,CA-2014-117429,"2014-10-07 00:00:00",129.92,2
MR-17545,CA-2017-111759,"2017-07-08 00:00:00",52.76,3
MR-17545,US-2017-139465,"2017-08-27 00:00:00",37.008,4
MR-17545,US-2017-139465,"2017-08-27 00:00:00",347.97,5
MR-17545,US-2017-139465,"2017-08-27 00:00:00",63.84,6
MS-17365,CA-2014-144407,"2014-09-09 00:00:00",103.6,1
MS-17365,CA-2014-127488,"2014-09-22 00:00:00",4.608,2
MS-17365,CA-2014-120278,"2014-11-07 00:00:00",36.63,3
MS-17365,CA-2014-120278,"2014-11-07 00:00:00",245.88,4
MS-17365,CA-2014-120278,"2014-11-07 00:00:00",12.39,5
MS-17365,CA-2014-120278,"2014-11-07 00:00:00",22.58,6
MS-17365,CA-2015-140221,"2015-03-05 00:00:00",60.416,7
MS-17365,CA-2015-140221,"2015-03-05 00:00:00",11.212,8
MS-17365,CA-2015-140221,"2015-03-05 00:00:00",4.712,9
MS-17365,CA-2015-140221,"2015-03-05 00:00:00",180.98,10
MS-17365,CA-2015-130659,"2015-12-04 00:00:00",384.174,11
MS-17365,CA-2015-130659,"2015-12-04 00:00:00",1799.75,12
MS-17365,CA-2015-130659,"2015-12-04 00:00:00",17.94,13
MS-17365,CA-2015-120103,"2015-12-24 00:00:00",106.232,14
MS-17365,CA-2015-120103,"2015-12-24 00:00:00",111.984,15
MS-17365,CA-2015-120103,"2015-12-24 00:00:00",7.712,16
MS-17365,CA-2016-150077,"2016-02-04 00:00:00",90.48,17
MS-17365,CA-2016-150658,"2016-11-17 00:00:00",10.776,18
MS-17365,CA-2016-107104,"2016-11-26 00:00:00",64.96,19
MS-17365,CA-2016-107104,"2016-11-26 00:00:00",595.38,20
MS-17365,CA-2016-107104,"2016-11-26 00:00:00",37.17,21
MS-17365,CA-2016-107104,"2016-11-26 00:00:00",3406.664,22
MS-17365,CA-2017-147942,"2017-04-01 00:00:00",121.68,23
MS-17365,CA-2017-147942,"2017-04-01 00:00:00",5.78,24
MS-17530,CA-2014-149244,"2014-11-04 00:00:00",35.34,1
MS-17530,CA-2014-133809,"2014-11-18 00:00:00",9.588,2
MS-17530,CA-2014-133809,"2014-11-18 00:00:00",11.808,3
MS-17530,CA-2015-108119,"2015-11-01 00:00:00",301.96,4
MS-17530,CA-2016-169887,"2016-10-22 00:00:00",8.34,5
MS-17530,CA-2016-169887,"2016-10-22 00:00:00",101.94,6
MS-17530,CA-2016-169887,"2016-10-22 00:00:00",6.68,7
MS-17710,CA-2014-143637,"2014-03-24 00:00:00",40.48,1
MS-17710,CA-2014-133228,"2014-04-04 00:00:00",79.36,2
MS-17710,CA-2014-133228,"2014-04-04 00:00:00",5.47,3
MS-17710,CA-2015-134257,"2015-03-16 00:00:00",491.55,4
MS-17710,CA-2015-134257,"2015-03-16 00:00:00",7.38,5
MS-17710,CA-2015-123939,"2015-08-24 00:00:00",435.504,6
MS-17710,CA-2015-123939,"2015-08-24 00:00:00",6.912,7
MS-17710,CA-2015-123939,"2015-08-24 00:00:00",26.982,8
MS-17710,CA-2016-119186,"2016-05-26 00:00:00",63.992,9
MS-17710,CA-2016-119186,"2016-05-26 00:00:00",14.352,10
MS-17710,CA-2016-119186,"2016-05-26 00:00:00",388.43,11
MS-17710,CA-2016-119186,"2016-05-26 00:00:00",10.368,12
MS-17710,CA-2016-134348,"2016-11-12 00:00:00",4.368,13
MS-17710,CA-2016-134348,"2016-11-12 00:00:00",31.984,14
MS-17710,CA-2016-134348,"2016-11-12 00:00:00",6.27,15
MS-17770,CA-2014-138709,"2014-07-04 00:00:00",15.6,1
MS-17770,CA-2014-138709,"2014-07-04 00:00:00",21.84,2
MS-17770,US-2014-164616,"2014-08-19 00:00:00",76.776,3
MS-17770,US-2014-164616,"2014-08-19 00:00:00",9.184,4
MS-17770,CA-2014-137589,"2014-11-03 00:00:00",286.344,5
MS-17770,CA-2014-119032,"2014-11-27 00:00:00",3.76,6
MS-17770,CA-2015-135020,"2015-05-28 00:00:00",45.36,7
MS-17770,CA-2015-135020,"2015-05-28 00:00:00",45.99,8
MS-17770,CA-2015-135020,"2015-05-28 00:00:00",535.41,9
MS-17770,CA-2015-135020,"2015-05-28 00:00:00",6.096,10
MS-17770,CA-2015-164623,"2015-10-20 00:00:00",24.56,11
MS-17770,CA-2016-150350,"2016-08-23 00:00:00",43.1,12
MS-17770,CA-2016-150350,"2016-08-23 00:00:00",15.88,13
MS-17770,CA-2016-150350,"2016-08-23 00:00:00",532.704,14
MS-17770,CA-2016-150350,"2016-08-23 00:00:00",34.68,15
MS-17770,CA-2016-150350,"2016-08-23 00:00:00",135.9,16
MS-17770,CA-2016-150350,"2016-08-23 00:00:00",837.6,17
MS-17770,US-2016-144547,"2016-11-10 00:00:00",279.944,18
MS-17770,CA-2017-132619,"2017-08-31 00:00:00",193.95,19
MS-17830,CA-2014-135405,"2014-01-09 00:00:00",31.2,1
MS-17830,CA-2014-135405,"2014-01-09 00:00:00",9.344,2
MS-17830,CA-2015-124044,"2015-07-23 00:00:00",10.512,3
MS-17830,CA-2015-135272,"2015-12-07 00:00:00",79.92,4
MS-17830,CA-2016-131296,"2016-10-04 00:00:00",239.372,5
MS-17980,CA-2014-116757,"2014-06-30 00:00:00",25.92,1
MS-17980,CA-2014-116757,"2014-06-30 00:00:00",21.312,2
MS-17980,CA-2015-101007,"2015-02-09 00:00:00",20.8,3
MS-17980,CA-2015-153906,"2015-03-16 00:00:00",85.9,4
MS-17980,CA-2015-160794,"2015-08-06 00:00:00",27.216,5
MS-17980,CA-2015-142377,"2015-12-04 00:00:00",85.96,6
MS-17980,CA-2017-117667,"2017-12-04 00:00:00",54.768,7
MS-17980,CA-2017-117667,"2017-12-04 00:00:00",239.96,8
MS-17980,CA-2017-117667,"2017-12-04 00:00:00",13.392,9
MS-17980,CA-2017-117667,"2017-12-04 00:00:00",255.968,10
MS-17980,CA-2017-117667,"2017-12-04 00:00:00",23.92,11
MT-17815,CA-2015-105312,"2015-11-06 00:00:00",4.401,1
MT-17815,CA-2015-105312,"2015-11-06 00:00:00",7.08,2
MT-17815,CA-2015-127502,"2015-12-10 00:00:00",5.76,3
MT-17815,CA-2016-104157,"2016-07-25 00:00:00",2430.08,4
MT-17815,CA-2016-104157,"2016-07-25 00:00:00",7.89,5
MT-17815,CA-2016-104157,"2016-07-25 00:00:00",65.5,6
MT-17815,CA-2016-162726,"2016-12-27 00:00:00",10.368,7
MT-17815,CA-2016-162726,"2016-12-27 00:00:00",23.68,8
MT-17815,US-2017-146906,"2017-03-13 00:00:00",299.9,9
MT-17815,CA-2017-154137,"2017-11-11 00:00:00",35.48,10
MT-18070,US-2014-112914,"2014-09-25 00:00:00",33.792,1
MT-18070,US-2014-112914,"2014-09-25 00:00:00",3.264,2
MT-18070,US-2014-112914,"2014-09-25 00:00:00",2.724,3
MT-18070,US-2014-112914,"2014-09-25 00:00:00",300.5328,4
MT-18070,CA-2015-156608,"2015-10-24 00:00:00",3.592,5
MT-18070,CA-2016-128671,"2016-08-11 00:00:00",32.4,6
MT-18070,CA-2016-128671,"2016-08-11 00:00:00",41.86,7
MT-18070,CA-2016-128671,"2016-08-11 00:00:00",77.56,8
MT-18070,CA-2017-140963,"2017-06-10 00:00:00",29.6,9
MT-18070,CA-2017-140963,"2017-06-10 00:00:00",514.165,10
MT-18070,CA-2017-140963,"2017-06-10 00:00:00",279.96,11
MV-17485,CA-2014-148614,"2014-01-20 00:00:00",19.36,1
MV-17485,CA-2014-148614,"2014-01-20 00:00:00",19.3,2
MV-17485,CA-2015-132948,"2015-03-27 00:00:00",83.7,3
MV-17485,CA-2015-119690,"2015-06-25 00:00:00",47.952,4
MV-17485,CA-2015-119690,"2015-06-25 00:00:00",4.608,5
MV-17485,CA-2015-119690,"2015-06-25 00:00:00",0.984,6
MV-17485,CA-2015-119690,"2015-06-25 00:00:00",75.384,7
MV-17485,CA-2016-161361,"2016-03-26 00:00:00",17.04,8
MV-17485,CA-2016-161361,"2016-03-26 00:00:00",17.64,9
MV-17485,CA-2016-133319,"2016-09-05 00:00:00",192.16,10
MV-17485,CA-2017-122994,"2017-02-06 00:00:00",359.97,11
MV-17485,CA-2017-122308,"2017-03-24 00:00:00",271.764,12
MV-17485,CA-2017-169894,"2017-11-24 00:00:00",415.872,13
MV-17485,CA-2017-169894,"2017-11-24 00:00:00",20.724,14
MV-17485,CA-2017-103415,"2017-12-03 00:00:00",13.592,15
MV-18190,CA-2014-134103,"2014-01-30 00:00:00",10.56,1
MV-18190,CA-2014-134103,"2014-01-30 00:00:00",229.94,2
MV-18190,CA-2015-120320,"2015-03-05 00:00:00",31.92,3
MV-18190,CA-2015-107020,"2015-07-10 00:00:00",39.92,4
MV-18190,CA-2016-123512,"2016-06-17 00:00:00",22.5,5
MV-18190,CA-2016-123512,"2016-06-17 00:00:00",219.84,6
MV-18190,CA-2016-123512,"2016-06-17 00:00:00",239.666,7
MV-18190,CA-2016-114895,"2016-11-21 00:00:00",12.96,8
MV-18190,CA-2016-127698,"2016-12-01 00:00:00",863.928,9
MV-18190,CA-2017-101798,"2017-12-11 00:00:00",23.36,10
MV-18190,CA-2017-101798,"2017-12-11 00:00:00",39.98,11
MW-18220,CA-2014-103660,"2014-08-25 00:00:00",1007.944,1
MW-18220,CA-2014-125997,"2014-09-20 00:00:00",75.18,2
MW-18220,CA-2014-125997,"2014-09-20 00:00:00",1349.91,3
MW-18220,CA-2014-125997,"2014-09-20 00:00:00",801.568,4
MW-18220,CA-2014-125997,"2014-09-20 00:00:00",631.782,5
MW-18220,CA-2014-125997,"2014-09-20 00:00:00",629.95,6
MW-18220,CA-2014-125997,"2014-09-20 00:00:00",30.98,7
MW-18220,CA-2014-150518,"2014-11-19 00:00:00",281.97,8
MW-18220,CA-2014-150518,"2014-11-19 00:00:00",221.16,9
MW-18220,CA-2015-164336,"2015-07-05 00:00:00",34.8,10
MW-18220,CA-2015-164336,"2015-07-05 00:00:00",38.976,11
MW-18220,US-2015-137960,"2015-12-18 00:00:00",166.24,12
MW-18220,CA-2016-138667,"2016-12-27 00:00:00",40,13
MW-18220,CA-2017-107986,"2017-12-13 00:00:00",31.44,14
MW-18235,CA-2014-117639,"2014-05-21 00:00:00",617.97,1
MW-18235,CA-2014-117639,"2014-05-21 00:00:00",2715.93,2
MW-18235,CA-2017-136308,"2017-11-16 00:00:00",1919.976,3
MY-17380,CA-2015-139290,"2015-10-26 00:00:00",5.76,1
MY-17380,US-2016-105578,"2016-05-30 00:00:00",22.62,2
MY-17380,US-2016-105578,"2016-05-30 00:00:00",801.568,3
MY-17380,US-2016-105578,"2016-05-30 00:00:00",32.792,4
MY-17380,US-2016-105578,"2016-05-30 00:00:00",2.376,5
MY-17380,US-2016-105578,"2016-05-30 00:00:00",14.952,6
MY-17380,CA-2017-163902,"2017-03-02 00:00:00",196.776,7
MY-17380,CA-2017-163902,"2017-03-02 00:00:00",479.94,8
MY-17380,US-2017-101721,"2017-07-23 00:00:00",63.312,9
MY-17380,CA-2017-132234,"2017-10-16 00:00:00",547.3,10
MY-17380,US-2017-128118,"2017-11-24 00:00:00",11.673,11
MY-17380,US-2017-128118,"2017-11-24 00:00:00",64.848,12
MY-17380,CA-2017-138618,"2017-12-01 00:00:00",10.368,13
MY-18295,CA-2014-118976,"2014-04-28 00:00:00",3.15,1
MY-18295,CA-2014-118976,"2014-04-28 00:00:00",497.61,2
MY-18295,CA-2014-118976,"2014-04-28 00:00:00",20.86,3
MY-18295,CA-2014-118976,"2014-04-28 00:00:00",5.34,4
MY-18295,CA-2014-105984,"2014-11-24 00:00:00",611.058,5
MY-18295,CA-2014-105984,"2014-11-24 00:00:00",1049.97,6
MY-18295,CA-2016-149272,"2016-03-15 00:00:00",528.43,7
MY-18295,CA-2016-149272,"2016-03-15 00:00:00",22.386,8
MY-18295,US-2016-160206,"2016-04-01 00:00:00",12.99,9
MY-18295,US-2016-132423,"2016-04-15 00:00:00",33.488,10
MY-18295,US-2016-132423,"2016-04-15 00:00:00",8.04,11
MY-18295,CA-2016-139549,"2016-10-20 00:00:00",387.136,12
MY-18295,CA-2016-151169,"2016-10-21 00:00:00",7.92,13
MY-18295,CA-2016-164770,"2016-12-02 00:00:00",30.816,14
MY-18295,CA-2016-164770,"2016-12-02 00:00:00",781.864,15
MY-18295,CA-2017-133067,"2017-05-04 00:00:00",2.202,16
MY-18295,CA-2017-133067,"2017-05-04 00:00:00",9.396,17
MY-18295,CA-2017-167626,"2017-09-03 00:00:00",100.8,18
MY-18295,CA-2017-167626,"2017-09-03 00:00:00",8.904,19
MY-18295,US-2017-115252,"2017-10-20 00:00:00",14.352,20
MY-18295,US-2017-115252,"2017-10-20 00:00:00",15.984,21
MZ-17335,CA-2015-117611,"2015-11-08 00:00:00",371.97,1
MZ-17335,CA-2015-117611,"2015-11-08 00:00:00",5,2
MZ-17335,CA-2016-114748,"2016-10-09 00:00:00",1.408,3
MZ-17335,CA-2016-114748,"2016-10-09 00:00:00",169.568,4
MZ-17335,CA-2017-147144,"2017-03-26 00:00:00",19.83,5
MZ-17335,CA-2017-107314,"2017-11-30 00:00:00",25.83,6
MZ-17515,US-2014-128685,"2014-04-04 00:00:00",7.184,1
MZ-17515,CA-2014-128524,"2014-11-11 00:00:00",22.98,2
MZ-17515,CA-2014-128524,"2014-11-11 00:00:00",102.13,3
MZ-17515,CA-2014-128524,"2014-11-11 00:00:00",2033.584,4
MZ-17515,CA-2015-125178,"2015-10-03 00:00:00",15.008,5
MZ-17515,CA-2015-131457,"2015-10-31 00:00:00",14.28,6
MZ-17515,CA-2016-169922,"2016-06-11 00:00:00",12.544,7
MZ-17515,CA-2016-169922,"2016-06-11 00:00:00",8.272,8
MZ-17515,CA-2016-169922,"2016-06-11 00:00:00",1.344,9
MZ-17515,CA-2017-136511,"2017-03-23 00:00:00",347.58,10
NB-18580,CA-2014-164385,"2014-09-26 00:00:00",143.952,1
NB-18580,CA-2014-151967,"2014-10-22 00:00:00",129.92,2
NB-18655,CA-2014-125542,"2014-12-05 00:00:00",348.488,1
NB-18655,CA-2014-125542,"2014-12-05 00:00:00",172.736,2
NB-18655,CA-2015-101126,"2015-02-10 00:00:00",77.24,3
NB-18655,CA-2015-110289,"2015-10-29 00:00:00",210.84,4
NB-18655,CA-2015-110289,"2015-10-29 00:00:00",33.4,5
NB-18655,CA-2016-161816,"2016-04-28 00:00:00",369.576,6
NB-18655,CA-2016-161816,"2016-04-28 00:00:00",15.712,7
NB-18655,CA-2016-140928,"2016-09-18 00:00:00",383.438,8
NB-18655,CA-2016-132066,"2016-10-16 00:00:00",142.182,9
NB-18655,CA-2017-110310,"2017-10-27 00:00:00",56.784,10
NB-18655,CA-2017-110310,"2017-10-27 00:00:00",5.607,11
NB-18655,CA-2017-110310,"2017-10-27 00:00:00",6.576,12
NB-18655,CA-2017-107825,"2017-11-18 00:00:00",5.82,13
NB-18655,CA-2017-107825,"2017-11-18 00:00:00",37.76,14
NB-18655,CA-2017-107825,"2017-11-18 00:00:00",7.38,15
NB-18655,CA-2017-107825,"2017-11-18 00:00:00",92.52,16
NB-18655,US-2017-125213,"2017-12-11 00:00:00",6.54,17
NC-18340,US-2014-113124,"2014-03-30 00:00:00",129.3,1
NC-18340,CA-2014-111899,"2014-05-04 00:00:00",5.472,2
NC-18340,CA-2014-111899,"2014-05-04 00:00:00",37.84,3
NC-18340,CA-2015-112452,"2015-04-04 00:00:00",644.076,4
NC-18340,CA-2015-112452,"2015-04-04 00:00:00",5.84,5
NC-18340,CA-2015-112452,"2015-04-04 00:00:00",12.76,6
NC-18340,CA-2015-112452,"2015-04-04 00:00:00",10.95,7
NC-18340,CA-2015-112452,"2015-04-04 00:00:00",599.98,8
NC-18340,CA-2016-124485,"2016-11-24 00:00:00",17.216,9
NC-18340,CA-2016-124485,"2016-11-24 00:00:00",6.48,10
NC-18340,CA-2016-124485,"2016-11-24 00:00:00",88.4,11
NC-18340,CA-2016-124485,"2016-11-24 00:00:00",11.56,12
NC-18340,CA-2017-111332,"2017-05-20 00:00:00",131.94,13
NC-18340,CA-2017-111332,"2017-05-20 00:00:00",21.5,14
NC-18340,CA-2017-111332,"2017-05-20 00:00:00",25.92,15
NC-18340,CA-2017-111332,"2017-05-20 00:00:00",704.76,16
NC-18340,CA-2017-111332,"2017-05-20 00:00:00",7.41,17
NC-18415,CA-2014-135755,"2014-05-03 00:00:00",40.176,1
NC-18415,CA-2014-135755,"2014-05-03 00:00:00",10.896,2
NC-18415,CA-2014-165393,"2014-12-27 00:00:00",4.984,3
NC-18415,US-2015-113593,"2015-04-18 00:00:00",115.44,4
NC-18415,CA-2015-144190,"2015-06-09 00:00:00",12.96,5
NC-18415,CA-2016-156503,"2016-10-14 00:00:00",22.704,6
NC-18415,CA-2016-156503,"2016-10-14 00:00:00",102.592,7
NC-18415,CA-2016-156503,"2016-10-14 00:00:00",39.152,8
NC-18415,CA-2016-156503,"2016-10-14 00:00:00",35.008,9
NC-18415,CA-2016-156503,"2016-10-14 00:00:00",12.768,10
NC-18415,CA-2016-156503,"2016-10-14 00:00:00",93.024,11
NC-18415,CA-2017-131254,"2017-11-19 00:00:00",191.058,12
NC-18415,CA-2017-131254,"2017-11-19 00:00:00",13.04,13
NC-18415,CA-2017-131254,"2017-11-19 00:00:00",1525.188,14
NC-18535,CA-2014-145254,"2014-07-23 00:00:00",604.752,1
NC-18535,CA-2014-145254,"2014-07-23 00:00:00",45,2
NC-18535,CA-2014-145254,"2014-07-23 00:00:00",40.7,3
NC-18535,CA-2014-145254,"2014-07-23 00:00:00",302.376,4
NC-18535,CA-2014-114321,"2014-08-20 00:00:00",500.24,5
NC-18535,CA-2014-114321,"2014-08-20 00:00:00",896.99,6
NC-18535,CA-2014-114321,"2014-08-20 00:00:00",20.12,7
NC-18535,US-2016-131674,"2016-11-29 00:00:00",58.416,8
NC-18535,CA-2017-149881,"2017-04-01 00:00:00",4799.984,9
NC-18535,CA-2017-149881,"2017-04-01 00:00:00",482.664,10
NC-18535,CA-2017-163874,"2017-11-10 00:00:00",26.352,11
NC-18535,CA-2017-139402,"2017-12-09 00:00:00",13.005,12
NC-18535,CA-2017-139402,"2017-12-09 00:00:00",419.4,13
NC-18535,CA-2017-148355,"2017-12-24 00:00:00",12.3,14
NC-18535,CA-2017-148355,"2017-12-24 00:00:00",19.44,15
NC-18625,CA-2014-166590,"2014-10-29 00:00:00",75.88,1
NC-18625,CA-2014-166590,"2014-10-29 00:00:00",1.98,2
NC-18625,CA-2015-116687,"2015-05-02 00:00:00",8.856,3
NC-18625,CA-2015-116687,"2015-05-02 00:00:00",158.376,4
NC-18625,US-2016-100839,"2016-10-13 00:00:00",24.96,5
NC-18625,US-2016-100839,"2016-10-13 00:00:00",727.45,6
NC-18625,CA-2017-169404,"2017-04-09 00:00:00",65.584,7
NC-18625,CA-2017-169404,"2017-04-09 00:00:00",37.896,8
NC-18625,CA-2017-100951,"2017-06-09 00:00:00",720.76,9
ND-18370,CA-2014-109232,"2014-01-13 00:00:00",545.94,1
ND-18370,CA-2014-148915,"2014-11-01 00:00:00",443.92,2
ND-18370,CA-2014-148915,"2014-11-01 00:00:00",155.976,3
ND-18370,CA-2015-114069,"2015-07-13 00:00:00",9.96,4
ND-18370,CA-2015-114069,"2015-07-13 00:00:00",11.808,5
ND-18370,CA-2015-114069,"2015-07-13 00:00:00",1931.04,6
ND-18370,CA-2016-145247,"2016-05-05 00:00:00",79.14,7
ND-18370,CA-2016-130778,"2016-11-19 00:00:00",8.74,8
ND-18370,CA-2016-130778,"2016-11-19 00:00:00",44.75,9
ND-18370,CA-2017-105410,"2017-03-19 00:00:00",199.96,10
ND-18370,CA-2017-105410,"2017-03-19 00:00:00",19.824,11
ND-18370,CA-2017-105410,"2017-03-19 00:00:00",657.504,12
ND-18370,CA-2017-105410,"2017-03-19 00:00:00",99.54,13
ND-18370,US-2017-156356,"2017-04-16 00:00:00",2.896,14
ND-18370,US-2017-156356,"2017-04-16 00:00:00",32.544,15
ND-18370,US-2017-156356,"2017-04-16 00:00:00",26.046,16
ND-18370,US-2017-117331,"2017-10-21 00:00:00",8.559,17
ND-18370,CA-2017-128699,"2017-12-03 00:00:00",47.992,18
ND-18460,CA-2014-131905,"2014-02-06 00:00:00",15,1
ND-18460,CA-2014-131905,"2014-02-06 00:00:00",161.61,2
ND-18460,CA-2014-131905,"2014-02-06 00:00:00",144.95,3
ND-18460,CA-2014-138177,"2014-09-19 00:00:00",73.915,4
ND-18460,US-2015-140851,"2015-07-13 00:00:00",38.88,5
ND-18460,CA-2017-127803,"2017-05-19 00:00:00",26.16,6
ND-18460,CA-2017-107167,"2017-06-10 00:00:00",1347.52,7
ND-18460,CA-2017-164112,"2017-06-30 00:00:00",1085.42,8
NF-18385,CA-2014-127614,"2014-02-11 00:00:00",17.46,1
NF-18385,CA-2014-127614,"2014-02-11 00:00:00",234.45,2
NF-18385,CA-2014-127614,"2014-02-11 00:00:00",1256.22,3
NF-18385,CA-2015-147830,"2015-12-15 00:00:00",2025.36,4
NF-18385,CA-2015-147830,"2015-12-15 00:00:00",262.864,5
NF-18385,CA-2015-147830,"2015-12-15 00:00:00",101.988,6
NF-18385,CA-2015-147830,"2015-12-15 00:00:00",1799.994,7
NF-18385,CA-2016-113551,"2016-08-18 00:00:00",2.068,8
NF-18385,CA-2016-113551,"2016-08-18 00:00:00",83.84,9
NF-18385,US-2016-157945,"2016-09-26 00:00:00",747.558,10
NF-18385,US-2016-157945,"2016-09-26 00:00:00",8.928,11
NF-18385,US-2017-152842,"2017-07-16 00:00:00",242.352,12
NF-18385,CA-2017-155705,"2017-08-21 00:00:00",866.4,13
NF-18385,CA-2017-130505,"2017-10-12 00:00:00",673.344,14
NF-18475,CA-2014-100293,"2014-03-14 00:00:00",91.056,1
NF-18475,US-2014-132745,"2014-10-01 00:00:00",4.71,2
NF-18475,US-2015-100069,"2015-06-29 00:00:00",269.98,3
NF-18475,CA-2016-162404,"2016-07-23 00:00:00",11.416,4
NF-18595,CA-2014-169460,"2014-04-19 00:00:00",76.14,1
NF-18595,US-2014-131870,"2014-09-09 00:00:00",30.816,2
NF-18595,US-2014-131870,"2014-09-09 00:00:00",60.672,3
NF-18595,US-2015-139675,"2015-03-13 00:00:00",915.136,4
NF-18595,US-2015-139675,"2015-03-13 00:00:00",327.76,5
NF-18595,CA-2015-110667,"2015-04-04 00:00:00",11.16,6
NF-18595,CA-2015-110667,"2015-04-04 00:00:00",108.4,7
NF-18595,CA-2015-110667,"2015-04-04 00:00:00",82.344,8
NF-18595,CA-2015-110667,"2015-04-04 00:00:00",9.088,9
NF-18595,CA-2015-160864,"2015-05-03 00:00:00",13.848,10
NF-18595,CA-2017-151358,"2017-08-18 00:00:00",323.1,11
NF-18595,CA-2017-100335,"2017-09-07 00:00:00",73.008,12
NG-18355,CA-2014-100762,"2014-11-24 00:00:00",151.92,1
NG-18355,CA-2014-100762,"2014-11-24 00:00:00",15.96,2
NG-18355,CA-2014-100762,"2014-11-24 00:00:00",144.12,3
NG-18355,CA-2014-100762,"2014-11-24 00:00:00",196.62,4
NG-18355,US-2015-130519,"2015-09-15 00:00:00",24.672,5
NG-18355,US-2015-130519,"2015-09-15 00:00:00",55.968,6
NG-18355,US-2015-130519,"2015-09-15 00:00:00",15.552,7
NG-18355,US-2015-130519,"2015-09-15 00:00:00",15.712,8
NG-18355,CA-2017-120019,"2017-02-16 00:00:00",14.99,9
NG-18355,CA-2017-120019,"2017-02-16 00:00:00",579.51,10
NG-18355,CA-2017-117947,"2017-08-18 00:00:00",40.48,11
NG-18355,CA-2017-117947,"2017-08-18 00:00:00",9.94,12
NG-18355,CA-2017-117947,"2017-08-18 00:00:00",107.424,13
NG-18355,CA-2017-117947,"2017-08-18 00:00:00",88.02,14
NG-18355,CA-2017-117947,"2017-08-18 00:00:00",37.91,15
NG-18355,US-2017-116659,"2017-11-12 00:00:00",370.782,16
NG-18430,CA-2014-115973,"2014-11-24 00:00:00",2.624,1
NG-18430,CA-2014-122749,"2014-12-03 00:00:00",479.96,2
NG-18430,CA-2015-103961,"2015-11-05 00:00:00",19.824,3
NG-18430,CA-2015-137708,"2015-11-22 00:00:00",42.8,4
NG-18430,CA-2015-137708,"2015-11-22 00:00:00",33.63,5
NG-18430,CA-2015-137708,"2015-11-22 00:00:00",37.94,6
NG-18430,CA-2017-130386,"2017-11-12 00:00:00",540.048,7
NG-18430,CA-2017-130386,"2017-11-12 00:00:00",16.056,8
NG-18430,CA-2017-130386,"2017-11-12 00:00:00",223.056,9
NH-18610,CA-2014-111157,"2014-03-02 00:00:00",3.424,1
NH-18610,CA-2014-111157,"2014-03-02 00:00:00",151.2,2
NH-18610,CA-2015-147102,"2015-09-19 00:00:00",66.36,3
NH-18610,CA-2015-113901,"2015-10-19 00:00:00",38.28,4
NH-18610,CA-2015-113901,"2015-10-19 00:00:00",149.95,5
NH-18610,CA-2016-123722,"2016-09-25 00:00:00",15.936,6
NH-18610,CA-2017-122693,"2017-02-19 00:00:00",1245.86,7
NH-18610,US-2017-136721,"2017-04-08 00:00:00",273.96,8
NH-18610,US-2017-136721,"2017-04-08 00:00:00",306.9,9
NH-18610,CA-2017-100384,"2017-06-24 00:00:00",35.82,10
NH-18610,CA-2017-100384,"2017-06-24 00:00:00",385.6,11
NK-18490,CA-2015-118948,"2015-05-28 00:00:00",6.63,1
NK-18490,CA-2016-102561,"2016-07-18 00:00:00",18.496,2
NK-18490,CA-2016-102561,"2016-07-18 00:00:00",11.264,3
NK-18490,CA-2016-102561,"2016-07-18 00:00:00",284.08,4
NK-18490,CA-2016-141586,"2016-10-17 00:00:00",18.16,5
NK-18490,CA-2017-162712,"2017-06-18 00:00:00",74.352,6
NK-18490,CA-2017-130148,"2017-09-24 00:00:00",31.08,7
NK-18490,CA-2017-130148,"2017-09-24 00:00:00",7.3,8
NK-18490,CA-2017-126536,"2017-10-12 00:00:00",0.99,9
NK-18490,CA-2017-126536,"2017-10-12 00:00:00",101.84,10
NK-18490,CA-2017-148166,"2017-10-21 00:00:00",17.856,11
NL-18310,US-2014-120313,"2014-10-31 00:00:00",73.584,1
NL-18310,US-2015-139759,"2015-08-25 00:00:00",40.784,2
NL-18310,US-2015-139759,"2015-08-25 00:00:00",105.96,3
NL-18310,CA-2016-147473,"2016-05-30 00:00:00",38.88,4
NL-18310,US-2017-163790,"2017-11-02 00:00:00",590.352,5
NL-18310,US-2017-163790,"2017-11-02 00:00:00",25.02,6
NL-18310,US-2017-163790,"2017-11-02 00:00:00",452.55,7
NL-18310,US-2017-163790,"2017-11-02 00:00:00",5.58,8
NL-18310,US-2017-163790,"2017-11-02 00:00:00",76.58,9
NL-18310,US-2017-163790,"2017-11-02 00:00:00",8.8,10
NM-18445,CA-2014-125759,"2014-02-08 00:00:00",14.56,1
NM-18445,CA-2014-150581,"2014-04-08 00:00:00",99.592,2
NM-18445,CA-2014-150581,"2014-04-08 00:00:00",399.96,3
NM-18445,CA-2014-111857,"2014-04-23 00:00:00",48.91,4
NM-18445,CA-2014-164973,"2014-11-04 00:00:00",135.882,5
NM-18445,CA-2014-164973,"2014-11-04 00:00:00",275.94,6
NM-18445,CA-2014-164973,"2014-11-04 00:00:00",360,7
NM-18445,CA-2014-164973,"2014-11-04 00:00:00",43.57,8
NM-18445,CA-2014-164973,"2014-11-04 00:00:00",3991.98,9
NM-18445,CA-2015-136805,"2015-05-23 00:00:00",75.33,10
NM-18445,CA-2015-136805,"2015-05-23 00:00:00",850.5,11
NM-18445,US-2015-152128,"2015-05-25 00:00:00",21.24,12
NM-18445,US-2015-152128,"2015-05-25 00:00:00",127.96,13
NM-18445,CA-2017-125367,"2017-07-23 00:00:00",13.92,14
NM-18520,CA-2015-162166,"2015-09-08 00:00:00",41.88,1
NM-18520,CA-2015-162166,"2015-09-08 00:00:00",26.4,2
NM-18520,US-2015-100531,"2015-09-27 00:00:00",15.08,3
NM-18520,US-2015-100531,"2015-09-27 00:00:00",24.288,4
NM-18520,US-2015-105676,"2015-12-01 00:00:00",6.688,5
NM-18520,CA-2016-158806,"2016-01-07 00:00:00",25.92,6
NM-18520,CA-2016-158806,"2016-01-07 00:00:00",23.076,7
NM-18520,CA-2016-168844,"2016-05-31 00:00:00",179.7,8
NM-18520,CA-2016-168844,"2016-05-31 00:00:00",7.152,9
NM-18520,US-2016-157308,"2016-08-17 00:00:00",15.712,10
NM-18520,CA-2016-112340,"2016-10-21 00:00:00",22.92,11
NM-18520,CA-2016-153598,"2016-12-03 00:00:00",1649.95,12
NM-18520,CA-2016-153598,"2016-12-03 00:00:00",111.9,13
NM-18520,CA-2016-136049,"2016-12-23 00:00:00",5.553,14
NM-18520,US-2017-107636,"2017-04-30 00:00:00",5.76,15
NP-18325,CA-2014-114433,"2014-05-13 00:00:00",149.97,1
NP-18325,US-2014-117135,"2014-06-21 00:00:00",284.82,2
NP-18325,US-2014-117135,"2014-06-21 00:00:00",36.84,3
NP-18325,US-2014-117135,"2014-06-21 00:00:00",104.01,4
NP-18325,CA-2014-117464,"2014-07-22 00:00:00",11.52,5
NP-18325,CA-2014-117464,"2014-07-22 00:00:00",170.352,6
NP-18325,CA-2014-117464,"2014-07-22 00:00:00",236.5,7
NP-18325,CA-2014-117464,"2014-07-22 00:00:00",717.72,8
NP-18325,CA-2015-131338,"2015-08-09 00:00:00",307.98,9
NP-18325,CA-2015-131338,"2015-08-09 00:00:00",6.16,10
NP-18325,CA-2015-131338,"2015-08-09 00:00:00",979.95,11
NP-18325,CA-2015-131338,"2015-08-09 00:00:00",1217.568,12
NP-18325,CA-2015-131338,"2015-08-09 00:00:00",143.7,13
NP-18325,CA-2015-131338,"2015-08-09 00:00:00",47.04,14
NP-18325,CA-2015-131338,"2015-08-09 00:00:00",10.65,15
NP-18325,CA-2015-131338,"2015-08-09 00:00:00",247.8,16
NP-18325,CA-2015-131338,"2015-08-09 00:00:00",41.96,17
NP-18325,CA-2015-131338,"2015-08-09 00:00:00",382.806,18
NP-18325,CA-2015-143490,"2015-12-06 00:00:00",219.184,19
NP-18325,CA-2015-143490,"2015-12-06 00:00:00",120.15,20
NP-18325,CA-2017-126865,"2017-12-05 00:00:00",92.94,21
NP-18670,CA-2015-138485,"2015-02-27 00:00:00",538.92,1
NP-18670,CA-2016-162110,"2016-07-18 00:00:00",55.992,2
NP-18670,CA-2016-114104,"2016-11-20 00:00:00",14.62,3
NP-18670,CA-2016-114104,"2016-11-20 00:00:00",944.93,4
NP-18670,CA-2017-150091,"2017-10-12 00:00:00",2154.9,5
NP-18670,CA-2017-150091,"2017-10-12 00:00:00",40.48,6
NP-18670,CA-2017-150091,"2017-10-12 00:00:00",17.9,7
NP-18670,CA-2017-150091,"2017-10-12 00:00:00",45,8
NP-18670,CA-2017-167227,"2017-11-02 00:00:00",11.76,9
NP-18670,CA-2017-167227,"2017-11-02 00:00:00",83.9,10
NP-18685,US-2014-131982,"2014-03-07 00:00:00",107.648,1
NP-18685,CA-2015-141768,"2015-05-25 00:00:00",14.73,2
NP-18685,CA-2015-125696,"2015-10-02 00:00:00",7.38,3
NP-18685,CA-2015-156104,"2015-12-06 00:00:00",999.98,4
NP-18685,CA-2016-166653,"2016-09-22 00:00:00",63.968,5
NP-18685,CA-2016-113138,"2016-11-19 00:00:00",17.28,6
NP-18685,CA-2016-113138,"2016-11-19 00:00:00",17.712,7
NP-18700,CA-2014-106572,"2014-09-05 00:00:00",264.32,1
NP-18700,CA-2014-168494,"2014-12-12 00:00:00",3610.848,2
NP-18700,CA-2014-168494,"2014-12-12 00:00:00",764.688,3
NP-18700,CA-2014-168494,"2014-12-12 00:00:00",254.9745,4
NP-18700,CA-2014-142510,"2014-12-22 00:00:00",132.16,5
NP-18700,CA-2014-142510,"2014-12-22 00:00:00",17.904,6
NP-18700,CA-2014-142510,"2014-12-22 00:00:00",124.032,7
NP-18700,CA-2016-105459,"2016-08-12 00:00:00",1591.02,8
NP-18700,CA-2016-105459,"2016-08-12 00:00:00",209.148,9
NP-18700,CA-2016-125094,"2016-11-05 00:00:00",479.72,10
NP-18700,CA-2017-138310,"2017-06-26 00:00:00",431.928,11
NP-18700,CA-2017-169264,"2017-08-14 00:00:00",5.76,12
NP-18700,CA-2017-169264,"2017-08-14 00:00:00",16.68,13
NR-18550,CA-2014-106229,"2014-06-07 00:00:00",268.935,1
NR-18550,CA-2014-112851,"2014-09-17 00:00:00",182.94,2
NR-18550,CA-2016-109400,"2016-05-02 00:00:00",366.744,3
NR-18550,CA-2016-152688,"2016-10-17 00:00:00",120.98,4
NR-18550,CA-2016-152688,"2016-10-17 00:00:00",315.98,5
NR-18550,CA-2017-140872,"2017-06-03 00:00:00",15.552,6
NR-18550,CA-2017-140872,"2017-06-03 00:00:00",205.992,7
NR-18550,CA-2017-140872,"2017-06-03 00:00:00",5.2,8
NR-18550,CA-2017-140872,"2017-06-03 00:00:00",4.554,9
NR-18550,CA-2017-140872,"2017-06-03 00:00:00",110.4,10
NR-18550,CA-2017-140872,"2017-06-03 00:00:00",24.472,11
NR-18550,CA-2017-140872,"2017-06-03 00:00:00",503.96,12
NR-18550,CA-2017-140872,"2017-06-03 00:00:00",241.568,13
NS-18505,CA-2016-128531,"2016-11-24 00:00:00",14.04,1
NS-18505,CA-2016-128531,"2016-11-24 00:00:00",41.92,2
NS-18505,CA-2016-128531,"2016-11-24 00:00:00",74.352,3
NS-18505,CA-2016-128531,"2016-11-24 00:00:00",297.576,4
NS-18505,CA-2016-128531,"2016-11-24 00:00:00",94.992,5
NS-18505,CA-2016-128531,"2016-11-24 00:00:00",4.344,6
NS-18505,CA-2017-153045,"2017-01-19 00:00:00",429.6,7
NS-18505,CA-2017-153045,"2017-01-19 00:00:00",21.696,8
NS-18505,CA-2017-153045,"2017-01-19 00:00:00",887.271,9
NS-18505,CA-2017-153045,"2017-01-19 00:00:00",31.968,10
NS-18505,CA-2017-129378,"2017-10-01 00:00:00",241.96,11
NS-18505,CA-2017-129378,"2017-10-01 00:00:00",108.608,12
NS-18505,CA-2017-129378,"2017-10-01 00:00:00",1.44,13
NS-18505,CA-2017-129378,"2017-10-01 00:00:00",61.776,14
NS-18505,CA-2017-121195,"2017-12-24 00:00:00",264.32,15
NS-18640,CA-2014-159338,"2014-06-25 00:00:00",447.84,1
NS-18640,CA-2015-123155,"2015-03-09 00:00:00",113.52,2
NS-18640,CA-2015-123155,"2015-03-09 00:00:00",359.88,3
NS-18640,CA-2015-163895,"2015-08-07 00:00:00",3.304,4
NS-18640,US-2015-117492,"2015-08-07 00:00:00",77.58,5
NS-18640,US-2015-160563,"2015-10-20 00:00:00",239.97,6
NS-18640,US-2015-160563,"2015-10-20 00:00:00",16.02,7
NS-18640,CA-2015-108259,"2015-11-08 00:00:00",39.879,8
NS-18640,CA-2015-108259,"2015-11-08 00:00:00",5.04,9
NS-18640,CA-2015-108259,"2015-11-08 00:00:00",31.504,10
NS-18640,CA-2015-108259,"2015-11-08 00:00:00",4.712,11
NS-18640,CA-2016-144645,"2016-02-02 00:00:00",73.784,12
NS-18640,CA-2016-162187,"2016-12-11 00:00:00",64.96,13
NS-18640,CA-2016-162187,"2016-12-11 00:00:00",13.52,14
NS-18640,CA-2016-162187,"2016-12-11 00:00:00",458.43,15
NS-18640,CA-2016-162187,"2016-12-11 00:00:00",387.136,16
NS-18640,CA-2016-162187,"2016-12-11 00:00:00",328.59,17
NS-18640,CA-2016-169824,"2016-12-12 00:00:00",35.52,18
NS-18640,CA-2016-169824,"2016-12-12 00:00:00",60.35,19
NS-18640,CA-2016-169824,"2016-12-12 00:00:00",11.2,20
NS-18640,CA-2016-131639,"2016-12-17 00:00:00",13.488,21
NS-18640,CA-2016-131639,"2016-12-17 00:00:00",11.416,22
NS-18640,CA-2017-134635,"2017-04-15 00:00:00",79.14,23
NS-18640,CA-2017-141614,"2017-06-05 00:00:00",20.736,24
NS-18640,CA-2017-115651,"2017-07-09 00:00:00",58.464,25
NS-18640,CA-2017-115651,"2017-07-09 00:00:00",8.84,26
NW-18400,CA-2014-138317,"2014-06-21 00:00:00",24.896,1
NW-18400,CA-2014-138317,"2014-06-21 00:00:00",9.006,2
NW-18400,CA-2014-138317,"2014-06-21 00:00:00",44.416,3
NW-18400,CA-2014-138317,"2014-06-21 00:00:00",206.991,4
NW-18400,CA-2014-138317,"2014-06-21 00:00:00",95.968,5
NW-18400,CA-2014-138317,"2014-06-21 00:00:00",3.984,6
NW-18400,CA-2014-168984,"2014-11-26 00:00:00",669.08,7
NW-18400,CA-2014-168984,"2014-11-26 00:00:00",438.336,8
NW-18400,CA-2014-168984,"2014-11-26 00:00:00",15.552,9
NW-18400,US-2015-160857,"2015-05-08 00:00:00",19.44,10
NW-18400,US-2015-160857,"2015-05-08 00:00:00",2799.944,11
NW-18400,US-2015-160857,"2015-05-08 00:00:00",127.764,12
NW-18400,US-2015-160857,"2015-05-08 00:00:00",357.93,13
NW-18400,US-2015-160857,"2015-05-08 00:00:00",79.44,14
NW-18400,CA-2015-102582,"2015-09-15 00:00:00",1056.86,15
NW-18400,CA-2015-102582,"2015-09-15 00:00:00",59.97,16
NW-18400,CA-2015-102582,"2015-09-15 00:00:00",801.96,17
NW-18400,CA-2015-115511,"2015-11-21 00:00:00",66.048,18
NW-18400,CA-2015-115511,"2015-11-21 00:00:00",141.96,19
NW-18400,CA-2016-159023,"2016-11-03 00:00:00",4.158,20
NW-18400,CA-2016-159023,"2016-11-03 00:00:00",179.991,21
NW-18400,CA-2017-127656,"2017-07-11 00:00:00",30.32,22
NZ-18565,US-2014-106299,"2014-08-02 00:00:00",21.2,1
NZ-18565,US-2014-106299,"2014-08-02 00:00:00",26.7,2
NZ-18565,US-2014-106299,"2014-08-02 00:00:00",838.38,3
NZ-18565,CA-2015-144267,"2015-08-21 00:00:00",544.008,4
NZ-18565,CA-2015-144267,"2015-08-21 00:00:00",59.94,5
NZ-18565,CA-2015-144267,"2015-08-21 00:00:00",23.92,6
NZ-18565,CA-2015-144267,"2015-08-21 00:00:00",4.28,7
NZ-18565,US-2016-158680,"2016-07-01 00:00:00",2.496,8
NZ-18565,CA-2016-134222,"2016-07-10 00:00:00",44.856,9
NZ-18565,CA-2016-164154,"2016-09-11 00:00:00",37.52,10
NZ-18565,CA-2016-164154,"2016-09-11 00:00:00",22.428,11
NZ-18565,CA-2016-110772,"2016-11-20 00:00:00",86.97,12
NZ-18565,CA-2016-110772,"2016-11-20 00:00:00",255.984,13
NZ-18565,CA-2016-110772,"2016-11-20 00:00:00",18.496,14
NZ-18565,CA-2016-110772,"2016-11-20 00:00:00",19.096,15
NZ-18565,CA-2017-150609,"2017-04-30 00:00:00",23.24,16
NZ-18565,CA-2017-154676,"2017-08-05 00:00:00",151.056,17
NZ-18565,US-2017-148054,"2017-10-06 00:00:00",227.84,18
NZ-18565,US-2017-148054,"2017-10-06 00:00:00",41.96,19
NZ-18565,US-2017-148054,"2017-10-06 00:00:00",37.94,20
ON-18715,CA-2014-140039,"2014-09-13 00:00:00",79.4,1
ON-18715,CA-2014-121286,"2014-11-04 00:00:00",58.24,2
ON-18715,CA-2014-121286,"2014-11-04 00:00:00",8.376,3
ON-18715,CA-2014-154095,"2014-12-02 00:00:00",15.66,4
ON-18715,CA-2014-154095,"2014-12-02 00:00:00",239.84,5
ON-18715,CA-2014-154095,"2014-12-02 00:00:00",146.82,6
ON-18715,CA-2014-154095,"2014-12-02 00:00:00",60.72,7
ON-18715,US-2015-117184,"2015-05-17 00:00:00",33.28,8
ON-18715,US-2015-117184,"2015-05-17 00:00:00",14.088,9
ON-18715,CA-2015-112014,"2015-08-13 00:00:00",50.8,10
ON-18715,US-2015-161466,"2015-09-24 00:00:00",6.848,11
ON-18715,US-2016-151862,"2016-03-01 00:00:00",159.984,12
ON-18715,CA-2016-118255,"2016-03-11 00:00:00",45.98,13
ON-18715,CA-2016-118255,"2016-03-11 00:00:00",17.46,14
ON-18715,CA-2016-130820,"2016-11-15 00:00:00",630.024,15
OT-18730,CA-2015-109169,"2015-04-20 00:00:00",180.96,1
OT-18730,CA-2016-113243,"2016-06-10 00:00:00",20.7,2
OT-18730,CA-2016-113243,"2016-06-10 00:00:00",1335.68,3
OT-18730,CA-2016-113243,"2016-06-10 00:00:00",32.4,4
OT-18730,CA-2016-107783,"2016-07-28 00:00:00",9.48,5
OT-18730,CA-2016-107783,"2016-07-28 00:00:00",1369.764,6
OT-18730,CA-2016-107783,"2016-07-28 00:00:00",177.45,7
OT-18730,CA-2017-115364,"2017-06-26 00:00:00",83.76,8
OT-18730,CA-2017-162173,"2017-10-26 00:00:00",356.85,9
OT-18730,CA-2017-162173,"2017-10-26 00:00:00",251.58,10
PA-19060,CA-2014-148761,"2014-05-17 00:00:00",91.68,1
PA-19060,CA-2015-105970,"2015-03-02 00:00:00",10.16,2
PA-19060,CA-2015-105970,"2015-03-02 00:00:00",101.88,3
PA-19060,CA-2015-129476,"2015-10-15 00:00:00",339.96,4
PA-19060,US-2016-117387,"2016-10-27 00:00:00",67.136,5
PA-19060,US-2016-158309,"2016-11-26 00:00:00",3.744,6
PA-19060,CA-2017-140508,"2017-09-18 00:00:00",114.848,7
PB-18805,CA-2015-146465,"2015-11-20 00:00:00",24.192,1
PB-18805,CA-2016-125738,"2016-10-15 00:00:00",71.6,2
PB-18805,CA-2016-125738,"2016-10-15 00:00:00",41.72,3
PB-18805,CA-2016-125738,"2016-10-15 00:00:00",45.68,4
PB-18805,CA-2016-125738,"2016-10-15 00:00:00",60.12,5
PB-18805,CA-2017-156958,"2017-12-05 00:00:00",9.296,6
PB-18805,CA-2017-156958,"2017-12-05 00:00:00",31.176,7
PB-18805,CA-2017-156958,"2017-12-05 00:00:00",199.9,8
PB-18805,CA-2017-156958,"2017-12-05 00:00:00",83.92,9
PB-18805,CA-2017-156958,"2017-12-05 00:00:00",172.752,10
PB-19105,CA-2014-128888,"2014-11-15 00:00:00",604.656,1
PB-19105,CA-2016-150889,"2016-03-20 00:00:00",11.992,2
PB-19105,CA-2017-161970,"2017-09-22 00:00:00",12.96,3
PB-19105,CA-2017-161970,"2017-09-22 00:00:00",17.94,4
PB-19105,US-2017-101518,"2017-11-03 00:00:00",40.776,5
PB-19150,US-2014-150532,"2014-07-14 00:00:00",55.92,1
PB-19150,US-2014-111353,"2014-11-29 00:00:00",25.06,2
PB-19150,CA-2014-146843,"2014-11-30 00:00:00",47.992,3
PB-19150,CA-2014-146843,"2014-11-30 00:00:00",102.24,4
PB-19150,CA-2014-107573,"2014-12-12 00:00:00",23.472,5
PB-19150,CA-2015-137526,"2015-01-13 00:00:00",70.008,6
PB-19150,CA-2015-137526,"2015-01-13 00:00:00",464.85,7
PB-19150,CA-2015-137526,"2015-01-13 00:00:00",77.6,8
PB-19150,CA-2015-167269,"2015-06-16 00:00:00",6.208,9
PB-19150,CA-2016-148796,"2016-04-14 00:00:00",383.8,10
PB-19150,CA-2017-142391,"2017-09-24 00:00:00",199.8,11
PB-19210,CA-2014-149055,"2014-11-23 00:00:00",62.808,1
PB-19210,CA-2016-164938,"2016-02-11 00:00:00",69.93,2
PC-18745,CA-2014-150245,"2014-12-31 00:00:00",1573.488,1
PC-18745,CA-2016-105494,"2016-11-10 00:00:00",70.008,2
PC-18745,CA-2016-105494,"2016-11-10 00:00:00",155.82,3
PC-18745,CA-2016-159639,"2016-11-27 00:00:00",31.56,4
PC-18745,US-2017-162068,"2017-12-28 00:00:00",1.188,5
PC-19000,US-2014-163797,"2014-04-08 00:00:00",49.792,1
PC-19000,CA-2015-153388,"2015-08-01 00:00:00",1004.976,2
PC-19000,CA-2015-153388,"2015-08-01 00:00:00",6.72,3
PF-19120,CA-2014-166457,"2014-05-05 00:00:00",24.56,1
PF-19120,CA-2014-166457,"2014-05-05 00:00:00",6.56,2
PF-19120,CA-2014-166457,"2014-05-05 00:00:00",9.42,3
PF-19120,CA-2015-140025,"2015-04-07 00:00:00",463.248,4
PF-19120,CA-2015-140025,"2015-04-07 00:00:00",383.952,5
PF-19120,CA-2015-129896,"2015-06-15 00:00:00",40.256,6
PF-19120,CA-2015-129896,"2015-06-15 00:00:00",82.368,7
PF-19120,CA-2015-129896,"2015-06-15 00:00:00",9.568,8
PF-19120,CA-2015-129896,"2015-06-15 00:00:00",364.704,9
PF-19120,US-2015-126977,"2015-09-17 00:00:00",4228.704,10
PF-19120,US-2015-126977,"2015-09-17 00:00:00",94.6,11
PF-19120,US-2015-126977,"2015-09-17 00:00:00",199.764,12
PF-19120,US-2015-126977,"2015-09-17 00:00:00",87.71,13
PF-19120,US-2015-126977,"2015-09-17 00:00:00",67.8,14
PF-19120,US-2015-126977,"2015-09-17 00:00:00",14.9,15
PF-19120,US-2015-126977,"2015-09-17 00:00:00",110.96,16
PF-19120,US-2015-126977,"2015-09-17 00:00:00",659.9,17
PF-19120,US-2015-126977,"2015-09-17 00:00:00",209.97,18
PF-19120,US-2015-126977,"2015-09-17 00:00:00",2003.92,19
PF-19165,US-2014-134614,"2014-09-20 00:00:00",617.7,1
PF-19165,CA-2015-101707,"2015-08-27 00:00:00",3.08,2
PF-19165,CA-2015-101707,"2015-08-27 00:00:00",32.94,3
PF-19165,CA-2015-101707,"2015-08-27 00:00:00",114.2,4
PF-19165,CA-2015-111458,"2015-09-26 00:00:00",50,5
PF-19165,CA-2016-162355,"2016-06-30 00:00:00",1266.86,6
PF-19165,CA-2016-162355,"2016-06-30 00:00:00",35.97,7
PF-19165,CA-2016-138233,"2016-11-09 00:00:00",479.97,8
PF-19165,CA-2017-118437,"2017-06-17 00:00:00",14.03,9
PF-19165,CA-2017-118437,"2017-06-17 00:00:00",155.25,10
PF-19225,CA-2016-160234,"2016-06-26 00:00:00",135.95,1
PF-19225,CA-2016-114972,"2016-11-03 00:00:00",217.584,2
PF-19225,CA-2016-114972,"2016-11-03 00:00:00",87.71,3
PF-19225,CA-2016-114972,"2016-11-03 00:00:00",82.95,4
PF-19225,CA-2016-114972,"2016-11-03 00:00:00",1101.48,5
PF-19225,US-2016-163258,"2016-12-29 00:00:00",11.232,6
PF-19225,CA-2017-110380,"2017-09-02 00:00:00",6.57,7
PF-19225,US-2017-130687,"2017-09-07 00:00:00",25.98,8
PF-19225,US-2017-130687,"2017-09-07 00:00:00",455.712,9
PF-19225,US-2017-130687,"2017-09-07 00:00:00",80.96,10
PG-18820,US-2014-102071,"2014-05-09 00:00:00",67.8,1
PG-18820,US-2014-102071,"2014-05-09 00:00:00",167.97,2
PG-18820,CA-2014-109890,"2014-07-21 00:00:00",35.98,3
PG-18820,US-2015-155369,"2015-04-19 00:00:00",310.392,4
PG-18820,US-2015-155369,"2015-04-19 00:00:00",19.568,5
PG-18820,US-2015-129553,"2015-07-27 00:00:00",29.97,6
PG-18820,US-2016-162859,"2016-02-15 00:00:00",8.72,7
PG-18820,US-2016-162859,"2016-02-15 00:00:00",398.352,8
PG-18820,CA-2016-106306,"2016-03-08 00:00:00",9.702,9
PG-18820,CA-2016-150000,"2016-04-08 00:00:00",17.92,10
PG-18820,CA-2016-151561,"2016-09-01 00:00:00",10.95,11
PG-18820,CA-2016-151561,"2016-09-01 00:00:00",72.48,12
PG-18820,CA-2016-151561,"2016-09-01 00:00:00",468.9,13
PG-18820,CA-2016-151561,"2016-09-01 00:00:00",191.82,14
PG-18820,CA-2016-144344,"2016-10-28 00:00:00",47.952,15
PG-18820,CA-2016-144344,"2016-10-28 00:00:00",37.425,16
PG-18820,CA-2016-144344,"2016-10-28 00:00:00",63.968,17
PG-18820,CA-2016-144344,"2016-10-28 00:00:00",165.048,18
PG-18820,CA-2016-103464,"2016-11-18 00:00:00",595,19
PG-18820,CA-2017-140186,"2017-09-29 00:00:00",51.75,20
PG-18820,CA-2017-140186,"2017-09-29 00:00:00",46.672,21
PG-18820,CA-2017-140186,"2017-09-29 00:00:00",97.84,22
PG-18820,CA-2017-140186,"2017-09-29 00:00:00",72.784,23
PG-18820,CA-2017-140186,"2017-09-29 00:00:00",35,24
PG-18820,US-2017-116491,"2017-11-11 00:00:00",35.184,25
PG-18820,CA-2017-123701,"2017-11-24 00:00:00",27.76,26
PG-18895,CA-2014-103849,"2014-05-11 00:00:00",100.792,1
PG-18895,CA-2014-103849,"2014-05-11 00:00:00",66.112,2
PG-18895,CA-2014-103849,"2014-05-11 00:00:00",58.112,3
PG-18895,CA-2015-166464,"2015-09-12 00:00:00",479.984,4
PG-18895,CA-2015-166464,"2015-09-12 00:00:00",12.6,5
PG-18895,CA-2015-134117,"2015-12-17 00:00:00",92.96,6
PG-18895,CA-2015-134117,"2015-12-17 00:00:00",16.4,7
PG-18895,CA-2015-134117,"2015-12-17 00:00:00",135.984,8
PG-18895,CA-2015-134117,"2015-12-17 00:00:00",204.85,9
PG-18895,CA-2016-111010,"2016-01-22 00:00:00",7.56,10
PG-18895,CA-2016-147578,"2016-04-22 00:00:00",31.56,11
PG-18895,CA-2017-122056,"2017-06-13 00:00:00",181.86,12
PG-18895,US-2017-135986,"2017-06-20 00:00:00",32.4,13
PG-18895,US-2017-135986,"2017-06-20 00:00:00",503.96,14
PG-18895,CA-2017-155558,"2017-10-26 00:00:00",6.16,15
PG-18895,CA-2017-155558,"2017-10-26 00:00:00",19.99,16
PG-18895,CA-2017-148320,"2017-11-03 00:00:00",35.88,17
PH-18790,CA-2017-113558,"2017-10-21 00:00:00",683.952,1
PH-18790,CA-2017-113558,"2017-10-21 00:00:00",45.696,2
PJ-18835,CA-2014-135993,"2014-05-28 00:00:00",57.408,1
PJ-18835,CA-2014-135993,"2014-05-28 00:00:00",27.6,2
PJ-18835,CA-2015-137897,"2015-11-14 00:00:00",37.6,3
PJ-18835,CA-2015-154746,"2015-11-14 00:00:00",33.96,4
PJ-18835,CA-2015-137897,"2015-11-14 00:00:00",59.9,5
PJ-18835,CA-2015-137897,"2015-11-14 00:00:00",37,6
PJ-18835,CA-2015-154746,"2015-11-14 00:00:00",826.11,7
PJ-18835,CA-2016-112676,"2016-05-05 00:00:00",14.352,8
PJ-18835,CA-2016-160136,"2016-11-03 00:00:00",9.248,9
PJ-18835,US-2017-108700,"2017-05-19 00:00:00",38.016,10
PJ-18835,CA-2017-103009,"2017-11-03 00:00:00",26.4,11
PJ-18835,CA-2017-105130,"2017-11-21 00:00:00",11.76,12
PJ-18835,CA-2017-105130,"2017-11-21 00:00:00",40.736,13
PJ-19015,CA-2014-124023,"2014-04-07 00:00:00",8.96,1
PJ-19015,CA-2015-122973,"2015-07-18 00:00:00",3.328,2
PJ-19015,CA-2015-122973,"2015-07-18 00:00:00",135.99,3
PJ-19015,CA-2015-122973,"2015-07-18 00:00:00",7.38,4
PJ-19015,CA-2016-137939,"2016-07-20 00:00:00",89.95,5
PJ-19015,CA-2016-153101,"2016-09-08 00:00:00",146.04,6
PJ-19015,CA-2017-143686,"2017-05-14 00:00:00",1399.93,7
PJ-19015,CA-2017-143686,"2017-05-14 00:00:00",18.28,8
PJ-19015,CA-2017-151218,"2017-06-20 00:00:00",4.464,9
PJ-19015,CA-2017-163069,"2017-08-18 00:00:00",9.912,10
PK-18910,CA-2014-105172,"2014-04-04 00:00:00",18.9,1
PK-18910,CA-2016-158099,"2016-09-03 00:00:00",280.782,2
PK-18910,CA-2016-158099,"2016-09-03 00:00:00",1141.47,3
PK-19075,CA-2014-105893,"2014-11-11 00:00:00",665.88,1
PK-19075,CA-2016-166282,"2016-04-16 00:00:00",35.168,2
PK-19075,CA-2016-166282,"2016-04-16 00:00:00",123.088,3
PK-19075,CA-2016-150343,"2016-08-16 00:00:00",10.86,4
PK-19075,CA-2016-115756,"2016-09-05 00:00:00",242.94,5
PK-19075,CA-2016-115756,"2016-09-05 00:00:00",22.05,6
PK-19075,CA-2016-115756,"2016-09-05 00:00:00",194.94,7
PK-19075,CA-2016-115756,"2016-09-05 00:00:00",12.22,8
PK-19075,CA-2016-115756,"2016-09-05 00:00:00",91.36,9
PK-19075,CA-2016-115756,"2016-09-05 00:00:00",70.95,10
PK-19075,US-2016-134488,"2016-09-24 00:00:00",155.372,11
PK-19075,CA-2016-129126,"2016-12-14 00:00:00",23.12,12
PK-19075,CA-2016-129126,"2016-12-14 00:00:00",17.15,13
PK-19075,CA-2016-129126,"2016-12-14 00:00:00",396.92,14
PK-19075,CA-2016-129126,"2016-12-14 00:00:00",21.48,15
PK-19075,CA-2016-129126,"2016-12-14 00:00:00",5.76,16
PK-19075,CA-2016-129126,"2016-12-14 00:00:00",14.62,17
PK-19075,CA-2016-118332,"2016-12-16 00:00:00",563.92,18
PK-19075,CA-2017-147753,"2017-03-05 00:00:00",25.06,19
PK-19075,US-2017-102183,"2017-08-21 00:00:00",4305.552,20
PK-19075,US-2017-102183,"2017-08-21 00:00:00",32.088,21
PK-19075,CA-2017-116680,"2017-09-04 00:00:00",1478.272,22
PK-19075,CA-2017-116680,"2017-09-04 00:00:00",13.344,23
PK-19075,CA-2017-132346,"2017-11-07 00:00:00",100.94,24
PK-19075,CA-2017-107461,"2017-12-21 00:00:00",23.88,25
PL-18925,CA-2014-168305,"2014-11-01 00:00:00",21.4,1
PL-18925,CA-2014-168305,"2014-11-01 00:00:00",44.4,2
PL-18925,US-2016-113509,"2016-03-15 00:00:00",83.976,3
PL-18925,CA-2017-109946,"2017-04-16 00:00:00",16.52,4
PL-18925,CA-2017-165757,"2017-06-22 00:00:00",10.332,5
PL-18925,CA-2017-165757,"2017-06-22 00:00:00",31.155,6
PL-18925,CA-2017-165757,"2017-06-22 00:00:00",8.928,7
PL-18925,CA-2017-119564,"2017-12-15 00:00:00",22.77,8
PM-18940,CA-2014-117709,"2014-05-04 00:00:00",46.8,1
PM-18940,CA-2015-141250,"2015-01-19 00:00:00",199.304,2
PM-18940,CA-2015-141250,"2015-01-19 00:00:00",102.438,3
PM-18940,CA-2016-102092,"2016-12-09 00:00:00",1056.86,4
PM-19135,US-2015-134558,"2015-12-19 00:00:00",29.9,1
PM-19135,US-2015-134558,"2015-12-19 00:00:00",2249.91,2
PM-19135,US-2015-134558,"2015-12-19 00:00:00",1053.164,3
PM-19135,CA-2016-149685,"2016-10-08 00:00:00",60.144,4
PM-19135,CA-2016-165148,"2016-10-22 00:00:00",31.4,5
PM-19135,CA-2017-159667,"2017-11-09 00:00:00",499.168,6
PM-19135,CA-2017-159667,"2017-11-09 00:00:00",191.976,7
PN-18775,CA-2015-141936,"2015-08-07 00:00:00",19.152,1
PN-18775,US-2016-118780,"2016-09-10 00:00:00",59.48,2
PN-18775,US-2016-118780,"2016-09-10 00:00:00",6.69,3
PN-18775,CA-2016-155439,"2016-09-14 00:00:00",25.92,4
PN-18775,CA-2016-138597,"2016-12-18 00:00:00",563.94,5
PN-18775,US-2017-132031,"2017-04-23 00:00:00",3,6
PN-18775,US-2017-132031,"2017-04-23 00:00:00",77.952,7
PN-18775,US-2017-132031,"2017-04-23 00:00:00",45.408,8
PN-18775,US-2017-132031,"2017-04-23 00:00:00",387.136,9
PN-18775,CA-2017-132213,"2017-04-25 00:00:00",67.92,10
PN-18775,CA-2017-132213,"2017-04-25 00:00:00",42.048,11
PN-18775,CA-2017-161018,"2017-11-09 00:00:00",96.53,12
PN-18775,US-2017-148768,"2017-11-30 00:00:00",71.976,13
PO-18850,CA-2014-148782,"2014-11-02 00:00:00",88.776,1
PO-18850,CA-2014-159681,"2014-12-07 00:00:00",105.52,2
PO-18850,CA-2015-104486,"2015-05-01 00:00:00",35.06,3
PO-18850,CA-2015-104486,"2015-05-01 00:00:00",37.32,4
PO-18850,CA-2015-104486,"2015-05-01 00:00:00",12.176,5
PO-18850,CA-2015-130183,"2015-11-13 00:00:00",613.9992,6
PO-18850,US-2016-141544,"2016-08-30 00:00:00",786.744,7
PO-18850,US-2016-141544,"2016-08-30 00:00:00",100.24,8
PO-18850,US-2016-141544,"2016-08-30 00:00:00",290.898,9
PO-18850,US-2016-141544,"2016-08-30 00:00:00",54.224,10
PO-18850,US-2016-141544,"2016-08-30 00:00:00",37.764,11
PO-18850,CA-2016-111409,"2016-09-18 00:00:00",3,12
PO-18850,US-2017-101784,"2017-07-06 00:00:00",122.136,13
PO-18850,CA-2017-129021,"2017-08-23 00:00:00",8.72,14
PO-18850,CA-2017-129021,"2017-08-23 00:00:00",2.784,15
PO-18850,CA-2017-129021,"2017-08-23 00:00:00",161.376,16
PO-18850,CA-2017-129021,"2017-08-23 00:00:00",49.568,17
PO-18850,CA-2017-129021,"2017-08-23 00:00:00",4367.896,18
PO-18850,CA-2017-149853,"2017-10-03 00:00:00",15.552,19
PO-18850,CA-2017-149853,"2017-10-03 00:00:00",17.92,20
PO-18850,CA-2017-141705,"2017-10-24 00:00:00",517.405,21
PO-18850,US-2017-106705,"2017-12-26 00:00:00",44.75,22
PO-18865,CA-2014-120838,"2014-03-23 00:00:00",604.752,1
PO-18865,CA-2014-120838,"2014-03-23 00:00:00",330.4,2
PO-18865,CA-2014-146703,"2014-10-20 00:00:00",211.96,3
PO-18865,US-2016-152415,"2016-09-17 00:00:00",191.82,4
PO-18865,US-2016-152415,"2016-09-17 00:00:00",14.82,5
PO-18865,CA-2017-140088,"2017-05-28 00:00:00",301.96,6
PO-18865,CA-2017-128328,"2017-08-05 00:00:00",125.88,7
PO-18865,CA-2017-128328,"2017-08-05 00:00:00",133.2,8
PO-18865,CA-2017-128328,"2017-08-05 00:00:00",79.78,9
PO-18865,CA-2017-108756,"2017-12-25 00:00:00",31.8,10
PO-18865,CA-2017-143259,"2017-12-30 00:00:00",52.776,11
PO-18865,CA-2017-143259,"2017-12-30 00:00:00",90.93,12
PO-18865,CA-2017-143259,"2017-12-30 00:00:00",323.136,13
PO-19180,US-2015-156797,"2015-08-11 00:00:00",138,1
PO-19180,US-2015-156797,"2015-08-11 00:00:00",11.96,2
PO-19180,CA-2015-121783,"2015-11-10 00:00:00",74.76,3
PO-19180,CA-2015-121783,"2015-11-10 00:00:00",715.64,4
PO-19180,CA-2015-121783,"2015-11-10 00:00:00",795.51,5
PO-19180,CA-2015-121783,"2015-11-10 00:00:00",549.99,6
PO-19180,CA-2015-121783,"2015-11-10 00:00:00",29.22,7
PO-19180,CA-2015-164539,"2015-11-16 00:00:00",523.25,8
PO-19180,CA-2016-147375,"2016-06-12 00:00:00",313.488,9
PO-19180,CA-2016-147375,"2016-06-12 00:00:00",1007.979,10
PO-19180,CA-2016-151148,"2016-09-12 00:00:00",146.952,11
PO-19180,CA-2016-151148,"2016-09-12 00:00:00",83.136,12
PO-19180,CA-2016-147683,"2016-11-13 00:00:00",19.54,13
PO-19180,CA-2017-142867,"2017-03-17 00:00:00",10.272,14
PO-19180,CA-2017-142867,"2017-03-17 00:00:00",13.776,15
PO-19180,CA-2017-143665,"2017-04-26 00:00:00",39.28,16
PO-19180,CA-2017-143665,"2017-04-26 00:00:00",20.34,17
PO-19180,CA-2017-118346,"2017-07-23 00:00:00",399.95,18
PO-19195,CA-2014-112326,"2014-01-04 00:00:00",11.784,1
PO-19195,CA-2014-112326,"2014-01-04 00:00:00",272.736,2
PO-19195,CA-2014-112326,"2014-01-04 00:00:00",3.54,3
PO-19195,CA-2015-156335,"2015-09-25 00:00:00",14.46,4
PO-19195,CA-2015-156335,"2015-09-25 00:00:00",63.96,5
PO-19195,CA-2015-156335,"2015-09-25 00:00:00",104.98,6
PO-19195,CA-2015-110891,"2015-11-20 00:00:00",344.372,7
PO-19195,CA-2015-144099,"2015-11-29 00:00:00",4.304,8
PO-19195,US-2017-103247,"2017-10-05 00:00:00",160.93,9
PO-19195,US-2017-103247,"2017-10-05 00:00:00",75.792,10
PP-18955,US-2014-115413,"2014-08-26 00:00:00",149.97,1
PP-18955,US-2014-115413,"2014-08-26 00:00:00",8.64,2
PP-18955,CA-2014-146815,"2014-09-08 00:00:00",172.764,3
PP-18955,CA-2014-146815,"2014-09-08 00:00:00",3.52,4
PP-18955,CA-2014-126683,"2014-09-29 00:00:00",2348.82,5
PP-18955,CA-2014-126683,"2014-09-29 00:00:00",6.16,6
PP-18955,CA-2015-111864,"2015-06-19 00:00:00",5.904,7
PP-18955,CA-2015-146087,"2015-07-06 00:00:00",301.96,8
PP-18955,CA-2015-130253,"2015-12-14 00:00:00",15.24,9
PP-18955,US-2016-108504,"2016-02-05 00:00:00",9.45,10
PP-18955,US-2016-108504,"2016-02-05 00:00:00",348.84,11
PP-18955,US-2016-108504,"2016-02-05 00:00:00",484.83,12
PP-18955,US-2016-108504,"2016-02-05 00:00:00",122.97,13
PP-18955,US-2016-108504,"2016-02-05 00:00:00",154.44,14
PP-18955,US-2016-108504,"2016-02-05 00:00:00",80.98,15
PP-18955,US-2016-108504,"2016-02-05 00:00:00",167.96,16
PP-18955,US-2016-108504,"2016-02-05 00:00:00",239.98,17
PP-18955,US-2016-108504,"2016-02-05 00:00:00",18.84,18
PP-18955,US-2016-108504,"2016-02-05 00:00:00",104.85,19
PP-18955,US-2016-108504,"2016-02-05 00:00:00",342.37,20
PP-18955,CA-2016-145177,"2016-11-10 00:00:00",41.958,21
PP-18955,CA-2016-145177,"2016-11-10 00:00:00",9.216,22
PP-18955,CA-2016-145177,"2016-11-10 00:00:00",69.888,23
PP-18955,CA-2016-145177,"2016-11-10 00:00:00",178.92,24
PP-18955,CA-2016-145177,"2016-11-10 00:00:00",4.624,25
PP-18955,CA-2016-145177,"2016-11-10 00:00:00",148.288,26
PP-18955,CA-2016-145177,"2016-11-10 00:00:00",334.88,27
PP-18955,CA-2016-145177,"2016-11-10 00:00:00",22.248,28
PP-18955,CA-2016-145177,"2016-11-10 00:00:00",89.568,29
PP-18955,CA-2017-117401,"2017-05-18 00:00:00",114.95,30
PP-18955,CA-2017-117401,"2017-05-18 00:00:00",706.86,31
PP-18955,CA-2017-117401,"2017-05-18 00:00:00",43.19,32
PP-18955,CA-2017-134096,"2017-09-24 00:00:00",383.96,33
PP-18955,CA-2017-134096,"2017-09-24 00:00:00",15.57,34
PR-18880,CA-2014-136861,"2014-09-05 00:00:00",31.984,1
PR-18880,CA-2015-125563,"2015-04-11 00:00:00",54.528,2
PR-18880,CA-2015-125563,"2015-04-11 00:00:00",67.36,3
PR-18880,US-2015-110261,"2015-12-19 00:00:00",158.376,4
PR-18880,US-2017-109253,"2017-08-21 00:00:00",17.12,5
PR-18880,US-2017-109253,"2017-08-21 00:00:00",431.968,6
PR-18880,US-2017-109253,"2017-08-21 00:00:00",51.75,7
PR-18880,US-2017-109253,"2017-08-21 00:00:00",129.92,8
PR-18880,US-2017-109253,"2017-08-21 00:00:00",568.728,9
PR-18880,US-2017-109253,"2017-08-21 00:00:00",117.144,10
PR-18880,US-2017-109253,"2017-08-21 00:00:00",203.52,11
PR-18880,CA-2017-162250,"2017-11-24 00:00:00",7.78,12
PS-18760,CA-2014-126963,"2014-06-15 00:00:00",36.544,1
PS-18760,CA-2015-143147,"2015-05-26 00:00:00",105.686,2
PS-18760,CA-2015-143147,"2015-05-26 00:00:00",399.54,3
PS-18760,CA-2015-143147,"2015-05-26 00:00:00",104.93,4
PS-18760,CA-2016-153269,"2016-03-09 00:00:00",17.94,5
PS-18760,CA-2016-153269,"2016-03-09 00:00:00",51.8,6
PS-18760,CA-2016-153269,"2016-03-09 00:00:00",11.21,7
PS-18760,CA-2016-153269,"2016-03-09 00:00:00",354.9,8
PS-18760,US-2016-101497,"2016-09-29 00:00:00",18.97,9
PS-18760,CA-2017-128965,"2017-04-17 00:00:00",23.04,10
PS-18760,CA-2017-128965,"2017-04-17 00:00:00",274.89,11
PS-18760,CA-2017-128965,"2017-04-17 00:00:00",10.9,12
PS-18760,CA-2017-128965,"2017-04-17 00:00:00",7.38,13
PS-18760,CA-2017-128965,"2017-04-17 00:00:00",28.14,14
PS-18760,CA-2017-128965,"2017-04-17 00:00:00",218.352,15
PS-18760,CA-2017-156237,"2017-09-14 00:00:00",12.585,16
PS-18760,CA-2017-156237,"2017-09-14 00:00:00",18.312,17
PS-18760,CA-2017-156237,"2017-09-14 00:00:00",113.372,18
PS-18760,CA-2017-156237,"2017-09-14 00:00:00",127.936,19
PS-18760,CA-2017-156237,"2017-09-14 00:00:00",241.17,20
PS-18760,CA-2017-156237,"2017-09-14 00:00:00",3.882,21
PS-18970,US-2014-120740,"2014-04-15 00:00:00",187.76,1
PS-18970,US-2014-120740,"2014-04-15 00:00:00",106.96,2
PS-18970,US-2015-164175,"2015-04-30 00:00:00",213.115,3
PS-18970,CA-2015-135727,"2015-05-11 00:00:00",191.968,4
PS-18970,CA-2015-140830,"2015-11-30 00:00:00",17.48,5
PS-18970,CA-2015-140830,"2015-11-30 00:00:00",71.88,6
PS-18970,CA-2016-161158,"2016-05-09 00:00:00",8,7
PS-18970,CA-2017-111591,"2017-03-21 00:00:00",30.576,8
PS-18970,CA-2017-111591,"2017-03-21 00:00:00",359.32,9
PS-18970,CA-2017-111591,"2017-03-21 00:00:00",22.14,10
PS-18970,CA-2017-111591,"2017-03-21 00:00:00",13.02,11
PS-18970,CA-2017-163818,"2017-10-04 00:00:00",19.98,12
PS-18970,US-2017-111920,"2017-10-22 00:00:00",36.44,13
PS-19045,CA-2014-136567,"2014-12-20 00:00:00",2244.48,1
PS-19045,CA-2014-136567,"2014-12-20 00:00:00",62.31,2
PS-19045,CA-2014-136567,"2014-12-20 00:00:00",455.1,3
PS-19045,CA-2014-136567,"2014-12-20 00:00:00",122.48,4
PS-19045,CA-2015-132374,"2015-02-22 00:00:00",79.36,5
PS-19045,CA-2015-155054,"2015-06-13 00:00:00",67.98,6
PS-19045,CA-2015-155054,"2015-06-13 00:00:00",29.84,7
PS-19045,CA-2015-155054,"2015-06-13 00:00:00",8.26,8
PS-19045,CA-2016-164896,"2016-11-07 00:00:00",12.9,9
PS-19045,CA-2017-160423,"2017-01-21 00:00:00",348.208,10
PS-19045,CA-2017-160423,"2017-01-21 00:00:00",35.784,11
PS-19045,CA-2017-109211,"2017-04-04 00:00:00",16.98,12
PS-19045,CA-2017-133865,"2017-05-08 00:00:00",3359.952,13
PT-19090,US-2014-150924,"2014-09-12 00:00:00",5.18,1
PT-19090,US-2016-152373,"2016-09-05 00:00:00",93.456,2
PT-19090,CA-2017-145093,"2017-07-21 00:00:00",2.112,3
PT-19090,CA-2017-103065,"2017-10-20 00:00:00",4.768,4
PT-19090,CA-2017-103065,"2017-10-20 00:00:00",4.448,5
PT-19090,CA-2017-103065,"2017-10-20 00:00:00",43.936,6
PT-19090,CA-2017-103065,"2017-10-20 00:00:00",6.672,7
PV-18985,CA-2014-161508,"2014-07-12 00:00:00",16.032,1
PV-18985,CA-2014-161508,"2014-07-12 00:00:00",22.288,2
PV-18985,CA-2014-161508,"2014-07-12 00:00:00",512.358,3
PV-18985,CA-2014-161508,"2014-07-12 00:00:00",3.488,4
PV-18985,CA-2016-119025,"2016-02-22 00:00:00",490.32,5
PV-18985,CA-2016-107216,"2016-06-14 00:00:00",7.04,6
PV-18985,CA-2016-107216,"2016-06-14 00:00:00",8.64,7
PV-18985,CA-2016-107216,"2016-06-14 00:00:00",8.73,8
PV-18985,CA-2016-107216,"2016-06-14 00:00:00",29.29,9
PV-18985,US-2017-133081,"2017-03-11 00:00:00",63.88,10
PV-18985,US-2017-133081,"2017-03-11 00:00:00",26.72,11
PV-18985,CA-2017-105914,"2017-10-02 00:00:00",1575.14,12
PV-18985,CA-2017-105914,"2017-10-02 00:00:00",112.12,13
PW-19030,CA-2014-125150,"2014-05-16 00:00:00",232.88,1
PW-19030,CA-2015-127327,"2015-02-03 00:00:00",90.882,2
PW-19030,CA-2016-140256,"2016-08-22 00:00:00",5.76,3
PW-19030,CA-2016-113607,"2016-10-14 00:00:00",1091.93,4
PW-19030,CA-2016-113607,"2016-10-14 00:00:00",111.96,5
PW-19030,CA-2016-105354,"2016-12-02 00:00:00",115.84,6
PW-19030,CA-2016-140438,"2016-12-24 00:00:00",197.97,7
PW-19030,CA-2017-156272,"2017-03-21 00:00:00",64.384,8
PW-19030,CA-2017-116988,"2017-06-27 00:00:00",126.3,9
PW-19030,CA-2017-116988,"2017-06-27 00:00:00",19.44,10
PW-19030,CA-2017-116988,"2017-06-27 00:00:00",1287.45,11
PW-19030,CA-2017-117695,"2017-08-05 00:00:00",13.76,12
PW-19030,CA-2017-137323,"2017-11-14 00:00:00",96.36,13
PW-19240,CA-2014-164210,"2014-11-18 00:00:00",35.808,1
PW-19240,CA-2014-164210,"2014-11-18 00:00:00",145.98,2
PW-19240,CA-2015-162782,"2015-02-21 00:00:00",2541.98,3
PW-19240,US-2015-114839,"2015-04-26 00:00:00",408.422,4
PW-19240,CA-2015-144274,"2015-11-23 00:00:00",16.56,5
PW-19240,CA-2015-144274,"2015-11-23 00:00:00",13.12,6
PW-19240,CA-2015-144274,"2015-11-23 00:00:00",44.1,7
PW-19240,CA-2015-144274,"2015-11-23 00:00:00",307.98,8
PW-19240,CA-2015-144274,"2015-11-23 00:00:00",38.88,9
PW-19240,US-2015-145422,"2015-12-03 00:00:00",359.499,10
PW-19240,US-2016-131891,"2016-07-29 00:00:00",2.214,11
PW-19240,CA-2016-120257,"2016-09-22 00:00:00",7.872,12
QJ-19255,CA-2014-127859,"2014-03-17 00:00:00",126.624,1
QJ-19255,US-2014-157070,"2014-06-01 00:00:00",138.56,2
QJ-19255,US-2014-157070,"2014-06-01 00:00:00",65.52,3
QJ-19255,CA-2015-130995,"2015-11-01 00:00:00",4.95,4
QJ-19255,CA-2015-117086,"2015-11-08 00:00:00",4404.9,5
QJ-19255,CA-2016-109652,"2016-04-10 00:00:00",13.568,6
QJ-19255,CA-2016-142097,"2016-10-15 00:00:00",232.96,7
QJ-19255,CA-2016-142097,"2016-10-15 00:00:00",43.26,8
QJ-19255,CA-2016-142097,"2016-10-15 00:00:00",66.54,9
QJ-19255,CA-2016-134425,"2016-12-08 00:00:00",114.95,10
QJ-19255,CA-2017-144526,"2017-04-30 00:00:00",677.58,11
QJ-19255,CA-2017-144526,"2017-04-30 00:00:00",13.896,12
QJ-19255,CA-2017-104066,"2017-12-05 00:00:00",205.03,13
RA-19285,CA-2014-154186,"2014-12-13 00:00:00",2.92,1
RA-19285,CA-2015-150441,"2015-08-13 00:00:00",11.36,2
RA-19285,CA-2015-155068,"2015-10-23 00:00:00",55.944,3
RA-19285,CA-2015-155068,"2015-10-23 00:00:00",11.824,4
RA-19285,CA-2015-155068,"2015-10-23 00:00:00",10.688,5
RA-19285,CA-2015-111780,"2015-12-25 00:00:00",17.94,6
RA-19285,CA-2015-111780,"2015-12-25 00:00:00",12.6,7
RA-19285,CA-2015-111780,"2015-12-25 00:00:00",1199.96,8
RA-19285,US-2016-128195,"2016-08-04 00:00:00",3.98,9
RA-19285,CA-2017-131695,"2017-06-30 00:00:00",248.57,10
RA-19285,CA-2017-131695,"2017-06-30 00:00:00",22.23,11
RA-19285,CA-2017-141929,"2017-09-04 00:00:00",217.85,12
RA-19285,CA-2017-141929,"2017-09-04 00:00:00",5.56,13
RA-19285,CA-2017-141929,"2017-09-04 00:00:00",487.984,14
RA-19285,CA-2017-127313,"2017-12-01 00:00:00",79.12,15
RA-19285,CA-2017-127313,"2017-12-01 00:00:00",37.392,16
RA-19285,CA-2017-161480,"2017-12-25 00:00:00",191.984,17
RA-19885,US-2014-118997,"2014-04-08 00:00:00",1215.92,1
RA-19885,CA-2014-129091,"2014-11-22 00:00:00",11.36,2
RA-19885,CA-2014-129091,"2014-11-22 00:00:00",675.12,3
RA-19885,CA-2014-129091,"2014-11-22 00:00:00",319.9,4
RA-19885,CA-2014-129091,"2014-11-22 00:00:00",16.23,5
RA-19885,CA-2015-155453,"2015-08-09 00:00:00",4.608,6
RA-19885,CA-2016-101343,"2016-07-17 00:00:00",77.88,7
RA-19885,US-2017-106145,"2017-09-26 00:00:00",9.24,8
RA-19885,US-2017-106145,"2017-09-26 00:00:00",35.88,9
RA-19885,US-2017-106145,"2017-09-26 00:00:00",71.88,10
RA-19885,US-2017-106145,"2017-09-26 00:00:00",17.04,11
RA-19885,US-2017-106145,"2017-09-26 00:00:00",931.176,12
RA-19885,US-2017-111745,"2017-11-05 00:00:00",159.99,13
RA-19885,CA-2017-163629,"2017-11-17 00:00:00",79.99,14
RA-19885,CA-2017-163629,"2017-11-17 00:00:00",206.1,15
RA-19915,CA-2014-123064,"2014-06-30 00:00:00",5.248,1
RA-19915,CA-2014-102008,"2014-09-30 00:00:00",48.94,2
RA-19915,CA-2014-134313,"2014-11-01 00:00:00",43.176,3
RA-19915,CA-2014-134313,"2014-11-01 00:00:00",1983.968,4
RA-19915,CA-2015-130792,"2015-04-28 00:00:00",8.652,5
RA-19915,CA-2015-130792,"2015-04-28 00:00:00",23.832,6
RA-19915,CA-2015-130792,"2015-04-28 00:00:00",12.176,7
RA-19915,US-2015-122784,"2015-07-20 00:00:00",153.584,8
RA-19915,US-2015-122784,"2015-07-20 00:00:00",2.88,9
RA-19915,US-2015-122784,"2015-07-20 00:00:00",384.944,10
RA-19915,US-2015-122784,"2015-07-20 00:00:00",913.43,11
RA-19915,CA-2015-149909,"2015-11-13 00:00:00",63.77,12
RA-19915,CA-2015-149909,"2015-11-13 00:00:00",96.08,13
RA-19915,CA-2015-149909,"2015-11-13 00:00:00",50.97,14
RA-19915,CA-2016-149979,"2016-09-23 00:00:00",118.25,15
RA-19915,CA-2016-149979,"2016-09-23 00:00:00",368.97,16
RA-19915,CA-2017-112809,"2017-08-18 00:00:00",200.064,17
RA-19915,CA-2017-112809,"2017-08-18 00:00:00",21.38,18
RA-19915,CA-2017-112809,"2017-08-18 00:00:00",6.744,19
RA-19915,CA-2017-140585,"2017-12-18 00:00:00",46.672,20
RA-19915,CA-2017-140585,"2017-12-18 00:00:00",119.833,21
RA-19915,CA-2017-140585,"2017-12-18 00:00:00",119.98,22
RA-19945,CA-2014-169775,"2014-08-29 00:00:00",174.0585,1
RA-19945,CA-2014-169775,"2014-08-29 00:00:00",505.176,2
RA-19945,CA-2014-169775,"2014-08-29 00:00:00",29.808,3
RA-19945,CA-2015-126445,"2015-08-27 00:00:00",484.65,4
RA-19945,CA-2015-112823,"2015-12-10 00:00:00",25.488,5
RA-19945,CA-2017-146346,"2017-06-17 00:00:00",146.352,6
RA-19945,CA-2017-152583,"2017-10-30 00:00:00",251.006,7
RA-19945,CA-2017-152583,"2017-10-30 00:00:00",54.192,8
RA-19945,CA-2017-152583,"2017-10-30 00:00:00",16.192,9
RB-19330,CA-2014-159835,"2014-11-17 00:00:00",657.93,1
RB-19330,CA-2014-159835,"2014-11-17 00:00:00",12.448,2
RB-19330,CA-2017-106068,"2017-10-23 00:00:00",9.762,3
RB-19330,CA-2017-106068,"2017-10-23 00:00:00",55.2,4
RB-19330,CA-2017-106068,"2017-10-23 00:00:00",13.72,5
RB-19330,CA-2017-106068,"2017-10-23 00:00:00",259.136,6
RB-19360,CA-2016-166674,"2016-04-01 00:00:00",161.94,1
RB-19360,CA-2016-166674,"2016-04-01 00:00:00",35.12,2
RB-19360,CA-2016-166674,"2016-04-01 00:00:00",263.88,3
RB-19360,CA-2016-166674,"2016-04-01 00:00:00",30.48,4
RB-19360,CA-2016-166674,"2016-04-01 00:00:00",9.84,5
RB-19360,CA-2016-166674,"2016-04-01 00:00:00",59.52,6
RB-19360,CA-2016-156573,"2016-05-29 00:00:00",44.76,7
RB-19360,CA-2016-156573,"2016-05-29 00:00:00",4.448,8
RB-19360,CA-2016-156573,"2016-05-29 00:00:00",11.277,9
RB-19360,CA-2016-109953,"2016-07-14 00:00:00",30.8,10
RB-19360,CA-2016-109953,"2016-07-14 00:00:00",151.62,11
RB-19360,CA-2016-109953,"2016-07-14 00:00:00",110.376,12
RB-19360,CA-2017-140151,"2017-03-23 00:00:00",32.48,13
RB-19360,CA-2017-140151,"2017-03-23 00:00:00",20.04,14
RB-19360,CA-2017-140151,"2017-03-23 00:00:00",13999.96,15
RB-19360,CA-2017-169810,"2017-07-25 00:00:00",20.23,16
RB-19360,CA-2017-162572,"2017-09-25 00:00:00",119.96,17
RB-19360,CA-2017-162572,"2017-09-25 00:00:00",10.608,18
RB-19435,US-2014-103338,"2014-03-11 00:00:00",7.98,1
RB-19435,US-2014-105137,"2014-10-10 00:00:00",101.994,2
RB-19435,US-2014-105137,"2014-10-10 00:00:00",18.264,3
RB-19435,CA-2014-167360,"2014-11-24 00:00:00",111.79,4
RB-19435,US-2014-144078,"2014-11-25 00:00:00",7.44,5
RB-19435,US-2014-144078,"2014-11-25 00:00:00",725.344,6
RB-19435,US-2014-144078,"2014-11-25 00:00:00",539.92,7
RB-19435,US-2015-103996,"2015-03-29 00:00:00",212.64,8
RB-19435,US-2015-103996,"2015-03-29 00:00:00",9.87,9
RB-19435,US-2015-103996,"2015-03-29 00:00:00",19.92,10
RB-19435,US-2015-103996,"2015-03-29 00:00:00",53.25,11
RB-19435,CA-2015-120397,"2015-07-02 00:00:00",32.784,12
RB-19435,CA-2017-146458,"2017-11-19 00:00:00",22.96,13
RB-19435,CA-2017-153871,"2017-12-11 00:00:00",40.2,14
RB-19435,CA-2017-153871,"2017-12-11 00:00:00",22.75,15
RB-19435,CA-2017-153871,"2017-12-11 00:00:00",735.98,16
RB-19465,CA-2014-152618,"2014-03-14 00:00:00",574.91,1
RB-19465,CA-2014-152618,"2014-03-14 00:00:00",8.448,2
RB-19465,CA-2014-117765,"2014-09-07 00:00:00",161.96,3
RB-19465,CA-2014-117765,"2014-09-07 00:00:00",19.86,4
RB-19465,CA-2014-117765,"2014-09-07 00:00:00",429.9,5
RB-19465,CA-2014-117765,"2014-09-07 00:00:00",32.06,6
RB-19465,CA-2016-120803,"2016-03-09 00:00:00",199.75,7
RB-19465,CA-2016-105662,"2016-05-05 00:00:00",177.48,8
RB-19465,CA-2016-105662,"2016-05-05 00:00:00",93.248,9
RB-19465,CA-2016-115917,"2016-05-20 00:00:00",15.424,10
RB-19465,CA-2016-115917,"2016-05-20 00:00:00",1049.2,11
RB-19465,CA-2016-103107,"2016-07-04 00:00:00",71.976,12
RB-19465,CA-2016-103107,"2016-07-04 00:00:00",177.48,13
RB-19465,CA-2016-103107,"2016-07-04 00:00:00",25.4,14
RB-19465,US-2016-146066,"2016-08-21 00:00:00",815.292,15
RB-19465,CA-2016-158568,"2016-08-29 00:00:00",1.788,16
RB-19465,CA-2016-158568,"2016-08-29 00:00:00",95.976,17
RB-19465,CA-2016-158568,"2016-08-29 00:00:00",64.624,18
RB-19465,CA-2017-105823,"2017-06-22 00:00:00",487.96,19
RB-19465,CA-2017-104822,"2017-10-20 00:00:00",24.55,20
RB-19465,CA-2017-161578,"2017-12-16 00:00:00",158.9,21
RB-19465,CA-2017-161578,"2017-12-16 00:00:00",13.36,22
RB-19465,CA-2017-137456,"2017-12-21 00:00:00",15.92,23
RB-19570,CA-2016-167605,"2016-04-28 00:00:00",30.344,1
RB-19570,US-2016-104815,"2016-09-03 00:00:00",198.744,2
RB-19570,US-2016-128678,"2016-09-15 00:00:00",21.4,3
RB-19570,US-2016-128678,"2016-09-15 00:00:00",48.664,4
RB-19570,CA-2017-138779,"2017-01-14 00:00:00",21.744,5
RB-19570,CA-2017-138779,"2017-01-14 00:00:00",7.92,6
RB-19570,CA-2017-130351,"2017-12-05 00:00:00",99.39,7
RB-19570,CA-2017-130351,"2017-12-05 00:00:00",61.44,8
RB-19570,CA-2017-130351,"2017-12-05 00:00:00",38.9,9
RB-19645,CA-2014-154837,"2014-08-23 00:00:00",49.568,1
RB-19645,CA-2014-106719,"2014-08-24 00:00:00",8.288,2
RB-19645,CA-2014-125682,"2014-11-22 00:00:00",9.96,3
RB-19645,CA-2015-153038,"2015-12-18 00:00:00",55.936,4
RB-19645,CA-2015-153038,"2015-12-18 00:00:00",20.32,5
RB-19645,CA-2015-153038,"2015-12-18 00:00:00",18.432,6
RB-19645,CA-2016-107615,"2016-03-22 00:00:00",58.58,7
RB-19705,CA-2015-129854,"2015-08-22 00:00:00",16.52,1
RB-19705,CA-2015-119550,"2015-12-26 00:00:00",275.058,2
RB-19705,CA-2017-152975,"2017-09-14 00:00:00",29.95,3
RB-19705,CA-2017-152975,"2017-09-14 00:00:00",70.98,4
RB-19705,CA-2017-152975,"2017-09-14 00:00:00",1079.85,5
RB-19705,CA-2017-152975,"2017-09-14 00:00:00",589.41,6
RB-19705,US-2017-109484,"2017-11-06 00:00:00",5.682,7
RB-19795,CA-2014-141299,"2014-06-03 00:00:00",15.28,1
RB-19795,US-2015-150161,"2015-07-25 00:00:00",25.176,2
RB-19795,US-2016-123750,"2016-04-15 00:00:00",408.744,3
RB-19795,US-2016-123750,"2016-04-15 00:00:00",291.96,4
RB-19795,US-2016-123750,"2016-04-15 00:00:00",4.768,5
RB-19795,US-2016-123750,"2016-04-15 00:00:00",189.588,6
RB-19795,US-2016-155971,"2016-06-06 00:00:00",22.05,7
RB-19795,US-2016-155971,"2016-06-06 00:00:00",99.9,8
RB-19795,US-2016-168620,"2016-12-24 00:00:00",27.882,9
RB-19795,US-2016-168620,"2016-12-24 00:00:00",540.048,10
RB-19795,US-2016-168620,"2016-12-24 00:00:00",255.68,11
RB-19795,CA-2017-100748,"2017-05-13 00:00:00",58.48,12
RB-19795,CA-2017-157672,"2017-10-05 00:00:00",63.824,13
RB-19795,US-2017-110576,"2017-11-28 00:00:00",516.488,14
RB-19795,US-2017-110576,"2017-11-28 00:00:00",1007.232,15
RB-19795,US-2017-110576,"2017-11-28 00:00:00",2065.32,16
RB-19795,US-2017-110576,"2017-11-28 00:00:00",25.344,17
RB-19795,US-2017-110576,"2017-11-28 00:00:00",15.552,18
RC-19825,CA-2014-138296,"2014-12-05 00:00:00",24.56,1
RC-19825,CA-2016-140746,"2016-01-15 00:00:00",181.797,2
RC-19825,CA-2016-125318,"2016-06-06 00:00:00",328.224,3
RC-19825,CA-2016-141397,"2016-06-20 00:00:00",161.568,4
RC-19825,CA-2016-141397,"2016-06-20 00:00:00",46.76,5
RC-19825,CA-2016-141397,"2016-06-20 00:00:00",161.94,6
RC-19825,CA-2016-141397,"2016-06-20 00:00:00",21.78,7
RC-19825,CA-2016-141397,"2016-06-20 00:00:00",17.712,8
RC-19825,CA-2016-143308,"2016-11-04 00:00:00",10.74,9
RC-19825,CA-2016-114538,"2016-12-26 00:00:00",11.328,10
RC-19960,CA-2014-115259,"2014-08-25 00:00:00",40.096,1
RC-19960,CA-2014-115259,"2014-08-25 00:00:00",4.72,2
RC-19960,CA-2014-115259,"2014-08-25 00:00:00",23.976,3
RC-19960,CA-2014-115259,"2014-08-25 00:00:00",130.464,4
RC-19960,US-2014-112872,"2014-12-06 00:00:00",275.49,5
RC-19960,US-2014-112872,"2014-12-06 00:00:00",53.424,6
RC-19960,CA-2016-130225,"2016-09-11 00:00:00",99.568,7
RC-19960,US-2016-157728,"2016-09-22 00:00:00",35.56,8
RC-19960,US-2016-157728,"2016-09-22 00:00:00",97.98,9
RC-19960,US-2016-144351,"2016-11-14 00:00:00",89.97,10
RC-19960,CA-2017-112774,"2017-09-11 00:00:00",34.504,11
RD-19480,CA-2014-108147,"2014-06-08 00:00:00",68.48,1
RD-19480,CA-2014-108147,"2014-06-08 00:00:00",1676.88,2
RD-19480,CA-2015-122826,"2015-06-23 00:00:00",201.568,3
RD-19480,CA-2015-146696,"2015-12-14 00:00:00",8.096,4
RD-19480,CA-2016-164637,"2016-03-04 00:00:00",128.4,5
RD-19480,CA-2016-136434,"2016-12-01 00:00:00",17.31,6
RD-19480,US-2017-166688,"2017-05-20 00:00:00",64.9,7
RD-19480,US-2017-166688,"2017-05-20 00:00:00",1123.128,8
RD-19480,US-2017-166688,"2017-05-20 00:00:00",8.288,9
RD-19480,US-2017-116652,"2017-09-15 00:00:00",2.688,10
RD-19480,US-2017-116652,"2017-09-15 00:00:00",99.3,11
RD-19480,US-2017-116652,"2017-09-15 00:00:00",108.96,12
RD-19480,US-2017-116652,"2017-09-15 00:00:00",529.9,13
RD-19480,US-2017-116652,"2017-09-15 00:00:00",218.352,14
RD-19480,CA-2017-159457,"2017-10-19 00:00:00",16.68,15
RD-19585,CA-2014-164315,"2014-04-02 00:00:00",15.84,1
RD-19585,CA-2014-164315,"2014-04-02 00:00:00",1049.93,2
RD-19585,CA-2014-164315,"2014-04-02 00:00:00",154.9,3
RD-19585,CA-2015-121776,"2015-02-16 00:00:00",87.71,4
RD-19585,CA-2015-121776,"2015-02-16 00:00:00",36.84,5
RD-19585,CA-2015-127544,"2015-08-08 00:00:00",79.99,6
RD-19585,CA-2015-162537,"2015-10-28 00:00:00",36.63,7
RD-19585,CA-2015-162537,"2015-10-28 00:00:00",10.67,8
RD-19585,CA-2015-162537,"2015-10-28 00:00:00",33.11,9
RD-19585,CA-2015-162537,"2015-10-28 00:00:00",24.1,10
RD-19585,US-2015-151407,"2015-11-08 00:00:00",263.96,11
RD-19585,CA-2015-157770,"2015-12-13 00:00:00",29.2,12
RD-19585,CA-2015-157770,"2015-12-13 00:00:00",36.24,13
RD-19585,CA-2015-157770,"2015-12-13 00:00:00",494.376,14
RD-19585,CA-2015-157770,"2015-12-13 00:00:00",248.85,15
RD-19585,CA-2016-131576,"2016-11-22 00:00:00",49.44,16
RD-19585,CA-2017-131653,"2017-01-29 00:00:00",5.22,17
RD-19585,CA-2017-111647,"2017-07-03 00:00:00",167.968,18
RD-19585,CA-2017-139437,"2017-07-03 00:00:00",87.92,19
RD-19660,CA-2015-145415,"2015-04-12 00:00:00",40.74,1
RD-19660,CA-2015-149650,"2015-10-24 00:00:00",454.272,2
RD-19660,CA-2016-127670,"2016-03-20 00:00:00",697.16,3
RD-19660,CA-2016-151974,"2016-09-22 00:00:00",16.52,4
RD-19660,CA-2017-103877,"2017-09-07 00:00:00",1577.94,5
RD-19720,CA-2014-157546,"2014-07-20 00:00:00",22.83,1
RD-19720,CA-2014-157546,"2014-07-20 00:00:00",89.712,2
RD-19720,CA-2014-161249,"2014-08-09 00:00:00",9.345,3
RD-19720,CA-2014-161249,"2014-08-09 00:00:00",4.464,4
RD-19720,CA-2014-107454,"2014-11-02 00:00:00",89.34,5
RD-19720,CA-2014-107454,"2014-11-02 00:00:00",34.86,6
RD-19720,CA-2015-112375,"2015-12-21 00:00:00",27.312,7
RD-19720,CA-2015-112375,"2015-12-21 00:00:00",50.88,8
RD-19720,CA-2016-161543,"2016-05-10 00:00:00",11.96,9
RD-19720,CA-2016-146157,"2016-11-21 00:00:00",81.576,10
RD-19720,CA-2016-146157,"2016-11-21 00:00:00",21.568,11
RD-19720,CA-2016-146157,"2016-11-21 00:00:00",38.432,12
RD-19720,CA-2016-149762,"2016-12-03 00:00:00",205.666,13
RD-19720,CA-2016-149762,"2016-12-03 00:00:00",268.704,14
RD-19720,CA-2016-149762,"2016-12-03 00:00:00",48.72,15
RD-19720,CA-2016-149762,"2016-12-03 00:00:00",21.92,16
RD-19720,US-2017-143770,"2017-03-20 00:00:00",61.96,17
RD-19720,US-2017-143770,"2017-03-20 00:00:00",238,18
RD-19720,CA-2017-126550,"2017-03-29 00:00:00",81.4,19
RD-19720,US-2017-132927,"2017-12-09 00:00:00",11.088,20
RD-19810,CA-2014-148285,"2014-10-27 00:00:00",10.368,1
RD-19810,CA-2014-148285,"2014-10-27 00:00:00",11.952,2
RD-19810,CA-2016-112942,"2016-02-13 00:00:00",146.82,3
RD-19810,CA-2016-120558,"2016-06-07 00:00:00",32.4,4
RD-19810,CA-2016-112739,"2016-09-02 00:00:00",159.56,5
RD-19810,CA-2016-112739,"2016-09-02 00:00:00",8.608,6
RD-19810,CA-2016-102596,"2016-12-27 00:00:00",17.184,7
RD-19810,CA-2017-127474,"2017-02-03 00:00:00",65.584,8
RD-19810,CA-2017-127474,"2017-02-03 00:00:00",5.184,9
RD-19810,CA-2017-127474,"2017-02-03 00:00:00",419.4,10
RD-19810,CA-2017-127474,"2017-02-03 00:00:00",22.2,11
RD-19810,CA-2017-155292,"2017-10-30 00:00:00",33.94,12
RD-19810,CA-2017-155292,"2017-10-30 00:00:00",35.06,13
RD-19810,CA-2017-155292,"2017-10-30 00:00:00",105.98,14
RD-19810,CA-2017-155292,"2017-10-30 00:00:00",30,15
RD-19810,CA-2017-104381,"2017-12-16 00:00:00",33.376,16
RD-19900,CA-2014-149104,"2014-04-05 00:00:00",40.2,1
RD-19900,CA-2014-149104,"2014-04-05 00:00:00",26.7,2
RD-19900,CA-2014-149104,"2014-04-05 00:00:00",13.89,3
RD-19900,CA-2014-149104,"2014-04-05 00:00:00",689.82,4
RD-19900,CA-2014-158372,"2014-11-10 00:00:00",62.24,5
RD-19900,CA-2014-158372,"2014-11-10 00:00:00",601.536,6
RD-19900,CA-2014-158372,"2014-11-10 00:00:00",10.99,7
RD-19900,CA-2014-158372,"2014-11-10 00:00:00",39.88,8
RD-19900,CA-2014-158372,"2014-11-10 00:00:00",53.2,9
RD-19900,CA-2014-158372,"2014-11-10 00:00:00",39.84,10
RD-19900,US-2014-149034,"2014-11-19 00:00:00",47.496,11
RD-19900,CA-2015-163440,"2015-03-22 00:00:00",15.984,12
RD-19900,CA-2015-148964,"2015-05-26 00:00:00",20.24,13
RD-19900,CA-2016-140382,"2016-06-23 00:00:00",19.98,14
RD-19900,CA-2016-140382,"2016-06-23 00:00:00",93.68,15
RD-19900,CA-2016-140382,"2016-06-23 00:00:00",21.93,16
RD-19900,CA-2016-140382,"2016-06-23 00:00:00",862.344,17
RD-19900,CA-2016-154235,"2016-09-24 00:00:00",127.95,18
RD-19900,CA-2016-154508,"2016-11-16 00:00:00",28.4,19
RD-19900,CA-2017-124401,"2017-09-07 00:00:00",37.68,20
RD-19900,CA-2017-124401,"2017-09-07 00:00:00",279.944,21
RD-19930,CA-2014-120775,"2014-10-03 00:00:00",15.072,1
RD-19930,CA-2014-120775,"2014-10-03 00:00:00",4.928,2
RD-19930,CA-2014-120775,"2014-10-03 00:00:00",1.788,3
RD-19930,CA-2014-120775,"2014-10-03 00:00:00",31.776,4
RD-19930,CA-2014-120775,"2014-10-03 00:00:00",4.344,5
RD-19930,CA-2015-139248,"2015-07-25 00:00:00",623.96,6
RD-19930,CA-2017-125115,"2017-04-10 00:00:00",10.368,7
RD-19930,CA-2017-125115,"2017-04-10 00:00:00",95.736,8
RD-19930,CA-2017-160122,"2017-11-18 00:00:00",127.386,9
RD-19930,CA-2017-160122,"2017-11-18 00:00:00",55.584,10
RE-19405,CA-2014-165477,"2014-12-29 00:00:00",48.36,1
RE-19450,CA-2014-163867,"2014-06-03 00:00:00",61.544,1
RE-19450,CA-2014-163867,"2014-06-03 00:00:00",132.696,2
RE-19450,CA-2014-163867,"2014-06-03 00:00:00",15.936,3
RE-19450,CA-2015-142454,"2015-08-15 00:00:00",70.26,4
RE-19450,CA-2015-142454,"2015-08-15 00:00:00",104.23,5
RE-19450,CA-2015-151589,"2015-12-27 00:00:00",195.64,6
RE-19450,CA-2015-151589,"2015-12-27 00:00:00",239.9,7
RE-19450,CA-2016-169215,"2016-07-14 00:00:00",29.61,8
RE-19450,CA-2017-127621,"2017-03-03 00:00:00",26.88,9
RF-19345,US-2014-114188,"2014-05-20 00:00:00",33.28,1
RF-19345,US-2014-114188,"2014-05-20 00:00:00",139.86,2
RF-19345,US-2014-114188,"2014-05-20 00:00:00",38.52,3
RF-19345,CA-2014-141152,"2014-09-16 00:00:00",33.552,4
RF-19345,CA-2014-148425,"2014-11-30 00:00:00",6.642,5
RF-19345,CA-2014-124079,"2014-12-13 00:00:00",5.214,6
RF-19345,CA-2014-124079,"2014-12-13 00:00:00",87.96,7
RF-19345,CA-2015-106187,"2015-06-23 00:00:00",165.98,8
RF-19345,CA-2015-106187,"2015-06-23 00:00:00",27.42,9
RF-19345,CA-2015-106187,"2015-06-23 00:00:00",75,10
RF-19345,CA-2016-122518,"2016-03-04 00:00:00",10.08,11
RF-19345,CA-2016-163167,"2016-11-28 00:00:00",101.7,12
RF-19345,CA-2016-163167,"2016-11-28 00:00:00",1263.3,13
RF-19345,CA-2016-163167,"2016-11-28 00:00:00",182.67,14
RF-19345,CA-2016-163167,"2016-11-28 00:00:00",1126.02,15
RF-19345,CA-2016-145009,"2016-12-05 00:00:00",11.952,16
RF-19735,CA-2014-115357,"2014-08-06 00:00:00",62.91,1
RF-19735,US-2015-134271,"2015-04-18 00:00:00",21.93,2
RF-19735,CA-2015-111206,"2015-07-18 00:00:00",519.96,3
RF-19735,CA-2016-110044,"2016-06-28 00:00:00",359.976,4
RF-19735,CA-2016-105585,"2016-08-26 00:00:00",154.9,5
RF-19735,CA-2016-105585,"2016-08-26 00:00:00",10.23,6
RF-19735,US-2017-130953,"2017-07-29 00:00:00",302.67,7
RF-19735,US-2017-130953,"2017-07-29 00:00:00",137.62,8
RF-19735,US-2017-130953,"2017-07-29 00:00:00",461.97,9
RF-19735,US-2017-130953,"2017-07-29 00:00:00",33.48,10
RF-19735,CA-2017-126074,"2017-10-02 00:00:00",157.74,11
RF-19735,CA-2017-126074,"2017-10-02 00:00:00",2.88,12
RF-19735,CA-2017-126074,"2017-10-02 00:00:00",56.98,13
RF-19735,CA-2017-126074,"2017-10-02 00:00:00",58.05,14
RF-19840,CA-2014-151078,"2014-11-12 00:00:00",49.632,1
RF-19840,CA-2014-123925,"2014-12-17 00:00:00",40.05,2
RF-19840,CA-2015-130855,"2015-12-29 00:00:00",6.36,3
RF-19840,CA-2016-139381,"2016-04-18 00:00:00",29.56,4
RF-19840,CA-2016-139381,"2016-04-18 00:00:00",203.92,5
RF-19840,CA-2016-125843,"2016-08-13 00:00:00",103.6,6
RF-19840,CA-2016-125843,"2016-08-13 00:00:00",22.32,7
RF-19840,CA-2016-136686,"2016-12-12 00:00:00",383.64,8
RF-19840,CA-2016-136686,"2016-12-12 00:00:00",56.52,9
RF-19840,CA-2017-136497,"2017-04-16 00:00:00",13.71,10
RF-19840,CA-2017-117933,"2017-12-24 00:00:00",35.91,11
RH-19495,CA-2014-110639,"2014-08-23 00:00:00",45.92,1
RH-19495,CA-2014-110639,"2014-08-23 00:00:00",25.92,2
RH-19495,CA-2015-124891,"2015-07-31 00:00:00",19.44,3
RH-19495,CA-2015-124891,"2015-07-31 00:00:00",1090.782,4
RH-19495,CA-2015-124891,"2015-07-31 00:00:00",2309.65,5
RH-19495,CA-2017-106537,"2017-08-12 00:00:00",20.736,6
RH-19495,CA-2017-151428,"2017-09-21 00:00:00",20.16,7
RH-19495,CA-2017-121538,"2017-11-28 00:00:00",88.768,8
RH-19510,CA-2014-149643,"2014-11-16 00:00:00",273.96,1
RH-19510,CA-2015-157805,"2015-08-31 00:00:00",555.96,2
RH-19510,CA-2015-167255,"2015-09-27 00:00:00",146.82,3
RH-19510,CA-2015-167255,"2015-09-27 00:00:00",15.51,4
RH-19510,CA-2015-167255,"2015-09-27 00:00:00",12.96,5
RH-19510,CA-2016-169663,"2016-03-10 00:00:00",26.85,6
RH-19510,CA-2016-169663,"2016-03-10 00:00:00",3357.6,7
RH-19510,CA-2016-122322,"2016-07-15 00:00:00",44.4,8
RH-19510,CA-2016-168354,"2016-09-19 00:00:00",1606.23,9
RH-19510,CA-2016-168354,"2016-09-19 00:00:00",872.32,10
RH-19510,CA-2016-168354,"2016-09-19 00:00:00",49.53,11
RH-19510,CA-2016-168354,"2016-09-19 00:00:00",17.04,12
RH-19555,CA-2015-110247,"2015-12-04 00:00:00",8.226,1
RH-19555,CA-2016-164574,"2016-07-29 00:00:00",27.396,2
RH-19555,CA-2016-164574,"2016-07-29 00:00:00",704.76,3
RH-19600,CA-2015-157322,"2015-07-02 00:00:00",408.422,1
RH-19600,CA-2015-157322,"2015-07-02 00:00:00",11.168,2
RH-19600,CA-2015-157322,"2015-07-02 00:00:00",382.116,3
RH-19600,CA-2015-157322,"2015-07-02 00:00:00",68.6,4
RH-19600,CA-2015-157322,"2015-07-02 00:00:00",435.504,5
RH-19600,CA-2015-109386,"2015-11-08 00:00:00",265.86,6
RH-19600,CA-2015-109386,"2015-11-08 00:00:00",226.2,7
RH-19600,CA-2015-109386,"2015-11-08 00:00:00",44.43,8
RH-19600,CA-2015-109386,"2015-11-08 00:00:00",186.54,9
RH-19600,CA-2015-109386,"2015-11-08 00:00:00",27.9,10
RH-19600,CA-2016-101378,"2016-07-14 00:00:00",29,11
RK-19300,CA-2015-160472,"2015-07-20 00:00:00",97.82,1
RK-19300,CA-2015-160472,"2015-07-20 00:00:00",106.75,2
RK-19300,CA-2015-160472,"2015-07-20 00:00:00",141.4,3
RK-19300,CA-2015-160472,"2015-07-20 00:00:00",26.4,4
RK-19300,CA-2015-160472,"2015-07-20 00:00:00",831.2,5
RK-19300,CA-2015-160472,"2015-07-20 00:00:00",34.76,6
RK-19300,CA-2015-159786,"2015-10-12 00:00:00",209.67,7
RK-19300,CA-2017-114216,"2017-09-02 00:00:00",12.192,8
RL-19615,CA-2014-133830,"2014-12-05 00:00:00",15,1
RL-19615,CA-2014-133830,"2014-12-05 00:00:00",49.12,2
RL-19615,CA-2014-133830,"2014-12-05 00:00:00",26.46,3
RL-19615,CA-2015-126557,"2015-07-12 00:00:00",659.168,4
RL-19615,CA-2015-126557,"2015-07-12 00:00:00",7.76,5
RL-19615,CA-2015-126557,"2015-07-12 00:00:00",6.912,6
RL-19615,CA-2015-126557,"2015-07-12 00:00:00",537.544,7
RL-19615,CA-2015-126557,"2015-07-12 00:00:00",148.48,8
RL-19615,CA-2015-126557,"2015-07-12 00:00:00",383.607,9
RL-19615,CA-2015-126557,"2015-07-12 00:00:00",1.928,10
RL-19615,CA-2016-168753,"2016-05-29 00:00:00",22.75,11
RL-19615,CA-2016-168753,"2016-05-29 00:00:00",979.95,12
RL-19615,CA-2016-144764,"2016-09-02 00:00:00",1362.9,13
RL-19615,CA-2016-144764,"2016-09-02 00:00:00",35.168,14
RL-19615,CA-2016-144764,"2016-09-02 00:00:00",29.24,15
RL-19615,CA-2017-159226,"2017-04-25 00:00:00",344.981,16
RL-19615,US-2017-151127,"2017-05-22 00:00:00",49.56,17
RL-19615,US-2017-169551,"2017-07-07 00:00:00",15.552,18
RL-19615,US-2017-169551,"2017-07-07 00:00:00",683.988,19
RL-19615,US-2017-169551,"2017-07-07 00:00:00",13.392,20
RL-19615,US-2017-169551,"2017-07-07 00:00:00",16.776,21
RL-19615,US-2017-169551,"2017-07-07 00:00:00",87.21,22
RL-19615,US-2017-169551,"2017-07-07 00:00:00",527.92,23
RL-19615,US-2017-135062,"2017-08-31 00:00:00",229.544,24
RM-19375,CA-2014-139017,"2014-05-11 00:00:00",46.864,1
RM-19375,CA-2014-141278,"2014-06-21 00:00:00",21.4,2
RM-19375,CA-2015-156328,"2015-11-30 00:00:00",177.48,3
RM-19375,US-2016-106600,"2016-04-08 00:00:00",354.9,4
RM-19375,CA-2016-100965,"2016-07-07 00:00:00",215.65,5
RM-19375,US-2017-127292,"2017-01-19 00:00:00",79.92,6
RM-19375,US-2017-127292,"2017-01-19 00:00:00",12.28,7
RM-19375,US-2017-127292,"2017-01-19 00:00:00",542.94,8
RM-19375,US-2017-127292,"2017-01-19 00:00:00",2.04,9
RM-19675,CA-2014-166989,"2014-11-14 00:00:00",69.264,1
RM-19675,CA-2014-166989,"2014-11-14 00:00:00",11.36,2
RM-19675,CA-2014-158274,"2014-11-19 00:00:00",503.96,3
RM-19675,CA-2014-158274,"2014-11-19 00:00:00",149.95,4
RM-19675,CA-2014-158274,"2014-11-19 00:00:00",29,5
RM-19675,CA-2015-115392,"2015-10-01 00:00:00",311.98,6
RM-19675,CA-2015-115392,"2015-10-01 00:00:00",22.45,7
RM-19675,CA-2015-160171,"2015-10-19 00:00:00",1640.7,8
RM-19675,CA-2015-160171,"2015-10-19 00:00:00",270,9
RM-19675,CA-2017-145219,"2017-12-24 00:00:00",90.48,10
RM-19675,CA-2017-145219,"2017-12-24 00:00:00",2879.952,11
RM-19750,CA-2017-168193,"2017-03-06 00:00:00",26.38,1
RM-19750,CA-2017-168193,"2017-03-06 00:00:00",71.97,2
RO-19780,CA-2015-162607,"2015-05-12 00:00:00",14.592,1
RO-19780,CA-2015-155600,"2015-12-04 00:00:00",1598.058,2
RO-19780,CA-2015-155600,"2015-12-04 00:00:00",36.96,3
RO-19780,CA-2015-153752,"2015-12-06 00:00:00",173.94,4
RO-19780,US-2016-120929,"2016-03-18 00:00:00",189.882,5
RO-19780,CA-2016-152940,"2016-11-10 00:00:00",29.74,6
RO-19780,CA-2017-148411,"2017-09-24 00:00:00",11.424,7
RO-19780,CA-2017-148411,"2017-09-24 00:00:00",520.464,8
RO-19780,CA-2017-150266,"2017-11-25 00:00:00",853.93,9
RO-19780,CA-2017-150266,"2017-11-25 00:00:00",18.688,10
RO-19780,CA-2017-150266,"2017-11-25 00:00:00",299.96,11
RO-19780,CA-2017-150266,"2017-11-25 00:00:00",67.84,12
RP-19270,CA-2014-155264,"2014-10-19 00:00:00",117.576,1
RP-19270,CA-2014-155264,"2014-10-19 00:00:00",18.75,2
RP-19270,CA-2014-155264,"2014-10-19 00:00:00",2.992,3
RP-19270,CA-2014-155264,"2014-10-19 00:00:00",20.064,4
RP-19270,CA-2014-155264,"2014-10-19 00:00:00",146.73,5
RP-19270,CA-2015-135251,"2015-08-06 00:00:00",56.704,6
RP-19270,CA-2015-135251,"2015-08-06 00:00:00",369.1992,7
RP-19270,CA-2015-135251,"2015-08-06 00:00:00",6.23,8
RP-19270,CA-2015-135251,"2015-08-06 00:00:00",35.52,9
RP-19270,CA-2015-148250,"2015-12-13 00:00:00",12.96,10
RP-19270,CA-2015-148250,"2015-12-13 00:00:00",134.48,11
RP-19270,CA-2016-167983,"2016-08-21 00:00:00",33.44,12
RP-19390,CA-2014-143413,"2014-05-24 00:00:00",116.28,1
RP-19390,CA-2014-142769,"2014-09-13 00:00:00",144.96,2
RP-19390,CA-2014-142769,"2014-09-13 00:00:00",118,3
RP-19390,CA-2014-142769,"2014-09-13 00:00:00",48.94,4
RP-19390,CA-2014-142769,"2014-09-13 00:00:00",22.66,5
RP-19390,CA-2014-142769,"2014-09-13 00:00:00",5.7,6
RP-19390,CA-2014-142769,"2014-09-13 00:00:00",14.19,7
RP-19390,CA-2014-142769,"2014-09-13 00:00:00",7.3,8
RP-19390,CA-2014-142769,"2014-09-13 00:00:00",199.98,9
RP-19390,CA-2014-155593,"2014-11-03 00:00:00",11.64,10
RP-19390,CA-2014-120474,"2014-12-01 00:00:00",2807.84,11
RP-19390,CA-2014-120474,"2014-12-01 00:00:00",46.64,12
RP-19390,CA-2014-156314,"2014-12-24 00:00:00",30.36,13
RP-19390,CA-2014-148383,"2014-12-27 00:00:00",946.764,14
RP-19390,CA-2015-133494,"2015-03-01 00:00:00",3.552,15
RP-19390,CA-2015-166492,"2015-04-07 00:00:00",22.58,16
RP-19390,CA-2015-166492,"2015-04-07 00:00:00",25.92,17
RP-19390,CA-2015-128356,"2015-10-02 00:00:00",10.944,18
RP-19390,CA-2016-101980,"2016-08-19 00:00:00",276.784,19
RP-19390,CA-2016-101980,"2016-08-19 00:00:00",146.688,20
RP-19390,CA-2016-101980,"2016-08-19 00:00:00",25.32,21
RP-19390,US-2017-145863,"2017-04-21 00:00:00",2.694,22
RP-19390,US-2017-145863,"2017-04-21 00:00:00",2.934,23
RP-19390,CA-2017-103352,"2017-11-27 00:00:00",6.99,24
RP-19390,CA-2017-103352,"2017-11-27 00:00:00",107.424,25
RP-19855,US-2014-157231,"2014-04-05 00:00:00",115.36,1
RP-19855,CA-2015-154326,"2015-02-15 00:00:00",139.95,2
RP-19855,CA-2015-154326,"2015-02-15 00:00:00",699.98,3
RP-19855,CA-2015-154326,"2015-02-15 00:00:00",134.97,4
RP-19855,CA-2015-129546,"2015-09-28 00:00:00",81.792,5
RP-19855,CA-2015-129546,"2015-09-28 00:00:00",186.15,6
RP-19855,CA-2015-129546,"2015-09-28 00:00:00",47.19,7
RP-19855,CA-2015-129546,"2015-09-28 00:00:00",36.784,8
RP-19855,US-2016-150567,"2016-05-17 00:00:00",27.018,9
RP-19855,US-2016-150567,"2016-05-17 00:00:00",2.952,10
RP-19855,US-2016-152835,"2016-05-19 00:00:00",21.4,11
RP-19855,CA-2016-168774,"2016-09-04 00:00:00",535.41,12
RP-19855,CA-2017-134152,"2017-05-27 00:00:00",98.16,13
RP-19855,CA-2017-134152,"2017-05-27 00:00:00",31.44,14
RP-19855,CA-2017-104108,"2017-12-02 00:00:00",12.16,15
RR-19315,CA-2016-149482,"2016-11-14 00:00:00",7.38,1
RR-19315,CA-2017-162565,"2017-12-11 00:00:00",10.368,2
RR-19315,CA-2017-162565,"2017-12-11 00:00:00",520.464,3
RR-19315,CA-2017-162565,"2017-12-11 00:00:00",77.72,4
RR-19525,CA-2014-126403,"2014-09-09 00:00:00",166.44,1
RR-19525,CA-2014-126403,"2014-09-09 00:00:00",26.2,2
RR-19525,CA-2014-126403,"2014-09-09 00:00:00",785.88,3
RR-19525,CA-2014-126403,"2014-09-09 00:00:00",1325.85,4
RR-19525,US-2015-131842,"2015-12-05 00:00:00",97.424,5
RR-19525,CA-2015-150308,"2015-12-15 00:00:00",246.168,6
RR-19525,CA-2016-101623,"2016-02-28 00:00:00",36.48,7
RR-19525,CA-2016-115525,"2016-07-25 00:00:00",243.88,8
RR-19525,CA-2017-102155,"2017-07-13 00:00:00",360.38,9
RR-19525,CA-2017-102155,"2017-07-13 00:00:00",13.56,10
RS-19420,US-2014-117968,"2014-08-05 00:00:00",4.56,1
RS-19420,US-2014-117968,"2014-08-05 00:00:00",79.47,2
RS-19420,US-2014-117968,"2014-08-05 00:00:00",1133.35,3
RS-19420,US-2016-159093,"2016-05-09 00:00:00",32.04,4
RS-19420,CA-2017-115154,"2017-01-08 00:00:00",892.98,5
RS-19420,US-2017-128951,"2017-07-15 00:00:00",12.96,6
RS-19420,US-2017-128951,"2017-07-15 00:00:00",179.94,7
RS-19420,US-2017-128951,"2017-07-15 00:00:00",872.94,8
RS-19420,CA-2017-164819,"2017-10-15 00:00:00",13.05,9
RS-19765,CA-2014-128846,"2014-04-07 00:00:00",122.97,1
RS-19765,CA-2014-128846,"2014-04-07 00:00:00",629.95,2
RS-19765,CA-2014-106726,"2014-12-06 00:00:00",1261.33,3
RS-19765,US-2015-158911,"2015-07-05 00:00:00",4.928,4
RS-19765,US-2015-158911,"2015-07-05 00:00:00",11.784,5
RS-19765,CA-2017-124114,"2017-03-02 00:00:00",0.556,6
RS-19765,US-2017-100048,"2017-05-19 00:00:00",281.34,7
RS-19765,US-2017-100048,"2017-05-19 00:00:00",307.98,8
RS-19765,US-2017-100048,"2017-05-19 00:00:00",299.97,9
RS-19765,CA-2017-152856,"2017-09-08 00:00:00",116.832,10
RS-19765,CA-2017-113670,"2017-10-15 00:00:00",204.95,11
RS-19765,CA-2017-113670,"2017-10-15 00:00:00",510.24,12
RS-19765,CA-2017-128300,"2017-11-24 00:00:00",327.84,13
RS-19765,CA-2017-128300,"2017-11-24 00:00:00",79.1,14
RS-19870,CA-2016-107475,"2016-06-07 00:00:00",9.648,1
RS-19870,CA-2017-142776,"2017-12-11 00:00:00",7.28,2
RS-19870,CA-2017-142776,"2017-12-11 00:00:00",5.4,3
RW-19540,CA-2015-157959,"2015-02-03 00:00:00",136.92,1
RW-19540,CA-2015-132815,"2015-09-19 00:00:00",22.96,2
RW-19540,CA-2015-124800,"2015-09-26 00:00:00",72.588,3
RW-19540,CA-2015-124800,"2015-09-26 00:00:00",77.031,4
RW-19540,CA-2015-124800,"2015-09-26 00:00:00",119.904,5
RW-19540,CA-2015-124800,"2015-09-26 00:00:00",263.96,6
RW-19540,CA-2015-124800,"2015-09-26 00:00:00",60.672,7
RW-19540,CA-2015-124800,"2015-09-26 00:00:00",86.272,8
RW-19540,CA-2015-124800,"2015-09-26 00:00:00",363.648,9
RW-19540,CA-2017-141733,"2017-05-07 00:00:00",87.444,10
RW-19540,CA-2017-141733,"2017-05-07 00:00:00",476.8,11
RW-19540,CA-2017-141733,"2017-05-07 00:00:00",26.64,12
RW-19540,CA-2017-141733,"2017-05-07 00:00:00",1458.65,13
RW-19540,CA-2017-166093,"2017-08-17 00:00:00",8.56,14
RW-19540,CA-2017-166093,"2017-08-17 00:00:00",71.976,15
RW-19540,CA-2017-166093,"2017-08-17 00:00:00",23.36,16
RW-19540,CA-2017-166093,"2017-08-17 00:00:00",2518.29,17
RW-19540,CA-2017-166093,"2017-08-17 00:00:00",221.056,18
RW-19540,CA-2017-166093,"2017-08-17 00:00:00",540.57,19
RW-19540,CA-2017-166093,"2017-08-17 00:00:00",13.92,20
RW-19540,CA-2017-101014,"2017-08-29 00:00:00",148.02,21
RW-19540,CA-2017-128041,"2017-09-01 00:00:00",314.6,22
RW-19540,CA-2017-128041,"2017-09-01 00:00:00",283.56,23
RW-19630,CA-2014-156993,"2014-06-28 00:00:00",6.08,1
RW-19630,CA-2014-111150,"2014-12-31 00:00:00",29.68,2
RW-19630,CA-2014-111150,"2014-12-31 00:00:00",47.53,3
RW-19630,CA-2016-165218,"2016-03-05 00:00:00",149.352,4
RW-19630,CA-2016-165218,"2016-03-05 00:00:00",12.992,5
RW-19630,CA-2016-112585,"2016-07-30 00:00:00",715.64,6
RW-19630,CA-2016-144911,"2016-11-27 00:00:00",152,7
RW-19630,CA-2016-144911,"2016-11-27 00:00:00",34.95,8
RW-19630,US-2016-131114,"2016-12-09 00:00:00",19.04,9
RW-19630,US-2016-131114,"2016-12-09 00:00:00",20.568,10
RW-19630,US-2016-131114,"2016-12-09 00:00:00",4.356,11
RW-19630,CA-2016-142958,"2016-12-13 00:00:00",6.096,12
RW-19630,CA-2016-142958,"2016-12-13 00:00:00",1114.272,13
RW-19630,CA-2017-155460,"2017-04-13 00:00:00",895.92,14
RW-19630,CA-2017-155460,"2017-04-13 00:00:00",5.28,15
RW-19630,CA-2017-123981,"2017-10-02 00:00:00",65.99,16
RW-19690,CA-2016-145499,"2016-05-30 00:00:00",3.282,1
RW-19690,CA-2017-167752,"2017-01-15 00:00:00",1924.16,2
RW-19690,CA-2017-167752,"2017-01-15 00:00:00",34.384,3
RW-19690,CA-2017-169285,"2017-03-21 00:00:00",5.78,4
RW-19690,CA-2017-169285,"2017-03-21 00:00:00",277.4,5
RW-19690,CA-2017-110905,"2017-09-10 00:00:00",296.85,6
RW-19690,CA-2017-110905,"2017-09-10 00:00:00",112.8,7
RW-19690,CA-2017-110905,"2017-09-10 00:00:00",13.71,8
RW-19690,CA-2017-110905,"2017-09-10 00:00:00",16.2,9
RW-19690,CA-2017-110905,"2017-09-10 00:00:00",33.99,10
RW-19690,CA-2017-110905,"2017-09-10 00:00:00",24.9,11
RW-19690,CA-2017-110905,"2017-09-10 00:00:00",286.29,12
RW-19690,CA-2017-110905,"2017-09-10 00:00:00",24.18,13
RW-19690,CA-2017-112431,"2017-10-12 00:00:00",435.84,14
RW-19690,CA-2017-112431,"2017-10-12 00:00:00",5.88,15
SA-20830,CA-2014-133354,"2014-02-22 00:00:00",19.44,1
SA-20830,CA-2014-154627,"2014-10-29 00:00:00",2735.952,2
SA-20830,CA-2015-122266,"2015-04-26 00:00:00",2.624,3
SA-20830,CA-2015-122266,"2015-04-26 00:00:00",191.5155,4
SA-20830,CA-2015-115938,"2015-06-26 00:00:00",143.96,5
SA-20830,CA-2015-115938,"2015-06-26 00:00:00",332.94,6
SA-20830,CA-2015-115938,"2015-06-26 00:00:00",43.04,7
SA-20830,CA-2015-115938,"2015-06-26 00:00:00",15.42,8
SA-20830,CA-2016-167507,"2016-12-22 00:00:00",11.84,9
SA-20830,CA-2016-167507,"2016-12-22 00:00:00",31.32,10
SA-20830,CA-2016-167507,"2016-12-22 00:00:00",22.784,11
SA-20830,CA-2017-124436,"2017-03-19 00:00:00",697.16,12
SA-20830,CA-2017-124436,"2017-03-19 00:00:00",27.496,13
SA-20830,CA-2017-124436,"2017-03-19 00:00:00",30.93,14
SA-20830,CA-2017-124436,"2017-03-19 00:00:00",14.624,15
SA-20830,CA-2017-127264,"2017-04-03 00:00:00",7.056,16
SA-20830,CA-2017-122154,"2017-04-09 00:00:00",17.43,17
SA-20830,CA-2017-122154,"2017-04-09 00:00:00",15.12,18
SA-20830,CA-2017-122154,"2017-04-09 00:00:00",251.64,19
SA-20830,US-2017-147998,"2017-05-19 00:00:00",133.12,20
SA-20830,CA-2017-160661,"2017-10-28 00:00:00",21.93,21
SB-20170,US-2014-161305,"2014-06-06 00:00:00",13.984,1
SB-20170,US-2014-161305,"2014-06-06 00:00:00",24.588,2
SB-20170,CA-2017-145807,"2017-02-09 00:00:00",354.9,3
SB-20170,CA-2017-108441,"2017-06-12 00:00:00",13.128,4
SB-20170,CA-2017-108441,"2017-06-12 00:00:00",19.04,5
SB-20170,CA-2017-108441,"2017-06-12 00:00:00",64.14,6
SB-20170,CA-2017-108441,"2017-06-12 00:00:00",858.24,7
SB-20185,CA-2014-120411,"2014-09-20 00:00:00",493.43,1
SB-20185,CA-2014-120411,"2014-09-20 00:00:00",11.12,2
SB-20185,CA-2015-146675,"2015-04-16 00:00:00",1439.968,3
SB-20185,CA-2015-146675,"2015-04-16 00:00:00",43.56,4
SB-20185,CA-2015-149846,"2015-05-22 00:00:00",775.728,5
SB-20185,CA-2015-149846,"2015-05-22 00:00:00",8.26,6
SB-20185,CA-2015-149846,"2015-05-22 00:00:00",104.79,7
SB-20185,CA-2015-149846,"2015-05-22 00:00:00",2973.32,8
SB-20185,CA-2015-159779,"2015-09-25 00:00:00",68.62,9
SB-20185,CA-2017-119424,"2017-06-12 00:00:00",19.44,10
SB-20185,CA-2017-119424,"2017-06-12 00:00:00",71.976,11
SB-20185,CA-2017-116127,"2017-06-25 00:00:00",400.784,12
SB-20290,CA-2014-158771,"2014-05-09 00:00:00",83.25,1
SB-20290,CA-2014-158771,"2014-05-09 00:00:00",45.36,2
SB-20290,CA-2014-158771,"2014-05-09 00:00:00",20.65,3
SB-20290,CA-2014-158771,"2014-05-09 00:00:00",9.45,4
SB-20290,CA-2014-122882,"2014-09-07 00:00:00",32.382,5
SB-20290,CA-2014-122882,"2014-09-07 00:00:00",64.784,6
SB-20290,CA-2014-122882,"2014-09-07 00:00:00",42.368,7
SB-20290,CA-2014-122882,"2014-09-07 00:00:00",399.54,8
SB-20290,US-2014-106992,"2014-09-19 00:00:00",3059.982,9
SB-20290,US-2014-106992,"2014-09-19 00:00:00",2519.958,10
SB-20290,CA-2015-153794,"2015-09-11 00:00:00",265.86,11
SB-20290,CA-2016-158575,"2016-11-18 00:00:00",103.968,12
SB-20290,CA-2017-147361,"2017-09-09 00:00:00",628.81,13
SB-20290,CA-2017-147361,"2017-09-09 00:00:00",56.45,14
SB-20290,US-2017-165344,"2017-11-13 00:00:00",11.22,15
SB-20290,US-2017-165344,"2017-11-13 00:00:00",652.995,16
SB-20290,US-2017-165344,"2017-11-13 00:00:00",60.864,17
SC-20020,CA-2014-130421,"2014-03-03 00:00:00",176.772,1
SC-20020,US-2014-157847,"2014-04-02 00:00:00",33.488,2
SC-20020,US-2014-157847,"2014-04-02 00:00:00",26.72,3
SC-20020,CA-2014-166863,"2014-06-20 00:00:00",3.392,4
SC-20020,CA-2014-166863,"2014-06-20 00:00:00",201.584,5
SC-20020,CA-2014-166863,"2014-06-20 00:00:00",418.8,6
SC-20020,CA-2014-166863,"2014-06-20 00:00:00",11.648,7
SC-20020,CA-2014-166863,"2014-06-20 00:00:00",509.488,8
SC-20020,CA-2014-166863,"2014-06-20 00:00:00",15.552,9
SC-20020,CA-2014-166863,"2014-06-20 00:00:00",193.0656,10
SC-20020,CA-2014-121006,"2014-11-10 00:00:00",535.41,11
SC-20020,CA-2014-121006,"2014-11-10 00:00:00",62.94,12
SC-20020,CA-2014-121006,"2014-11-10 00:00:00",563.94,13
SC-20020,CA-2014-121006,"2014-11-10 00:00:00",3.9,14
SC-20020,CA-2014-121006,"2014-11-10 00:00:00",15.84,15
SC-20020,CA-2014-121006,"2014-11-10 00:00:00",12.84,16
SC-20020,CA-2015-147690,"2015-11-10 00:00:00",577.584,17
SC-20050,US-2014-131275,"2014-03-18 00:00:00",1856.19,1
SC-20050,US-2014-131275,"2014-03-18 00:00:00",111,2
SC-20050,US-2014-131275,"2014-03-18 00:00:00",1279.968,3
SC-20050,CA-2015-133627,"2015-05-31 00:00:00",22.2,4
SC-20050,CA-2016-129238,"2016-01-31 00:00:00",109.592,5
SC-20050,CA-2016-129238,"2016-01-31 00:00:00",56.7,6
SC-20050,CA-2016-155005,"2016-06-13 00:00:00",377.97,7
SC-20050,CA-2016-123533,"2016-11-24 00:00:00",42.384,8
SC-20050,CA-2016-123533,"2016-11-24 00:00:00",10.528,9
SC-20050,CA-2016-123533,"2016-11-24 00:00:00",339.92,10
SC-20050,US-2017-143028,"2017-04-11 00:00:00",11.364,11
SC-20050,CA-2017-123022,"2017-09-03 00:00:00",82.56,12
SC-20050,CA-2017-123022,"2017-09-03 00:00:00",284.97,13
SC-20050,US-2017-130603,"2017-09-30 00:00:00",11.646,14
SC-20050,CA-2017-154123,"2017-11-20 00:00:00",27.58,15
SC-20095,US-2014-110674,"2014-02-12 00:00:00",129.568,1
SC-20095,CA-2014-117016,"2014-03-04 00:00:00",15.552,2
SC-20095,CA-2014-152268,"2014-09-02 00:00:00",1793.98,3
SC-20095,CA-2014-116904,"2014-09-23 00:00:00",12.94,4
SC-20095,CA-2014-116904,"2014-09-23 00:00:00",32.4,5
SC-20095,CA-2014-116904,"2014-09-23 00:00:00",9449.95,6
SC-20095,CA-2014-116904,"2014-09-23 00:00:00",404.9,7
SC-20095,US-2014-157385,"2014-11-23 00:00:00",29.99,8
SC-20095,US-2014-157385,"2014-11-23 00:00:00",21.84,9
SC-20095,US-2014-157385,"2014-11-23 00:00:00",603.92,10
SC-20095,US-2014-157385,"2014-11-23 00:00:00",381.44,11
SC-20095,CA-2015-123568,"2015-11-08 00:00:00",5.04,12
SC-20095,CA-2015-123568,"2015-11-08 00:00:00",92.94,13
SC-20095,CA-2015-123568,"2015-11-08 00:00:00",66.69,14
SC-20095,CA-2015-123568,"2015-11-08 00:00:00",91.68,15
SC-20095,CA-2016-130638,"2016-05-16 00:00:00",282.84,16
SC-20095,CA-2016-130638,"2016-05-16 00:00:00",27.72,17
SC-20095,CA-2016-126158,"2016-07-25 00:00:00",69.3,18
SC-20095,CA-2016-126158,"2016-07-25 00:00:00",241.568,19
SC-20095,CA-2016-126158,"2016-07-25 00:00:00",255.76,20
SC-20095,CA-2016-126158,"2016-07-25 00:00:00",119.616,21
SC-20095,CA-2017-152961,"2017-01-15 00:00:00",12.7,22
SC-20230,CA-2016-108350,"2016-06-06 00:00:00",105.52,1
SC-20230,CA-2016-156685,"2016-07-08 00:00:00",47.616,2
SC-20230,CA-2016-156685,"2016-07-08 00:00:00",863.64,3
SC-20230,US-2016-126452,"2016-08-21 00:00:00",91.96,4
SC-20230,US-2016-126452,"2016-08-21 00:00:00",47.52,5
SC-20230,US-2016-126452,"2016-08-21 00:00:00",12.96,6
SC-20230,US-2016-126452,"2016-08-21 00:00:00",12.672,7
SC-20230,US-2016-126452,"2016-08-21 00:00:00",2887.056,8
SC-20230,US-2016-126452,"2016-08-21 00:00:00",31.984,9
SC-20230,US-2016-126452,"2016-08-21 00:00:00",254.97,10
SC-20230,CA-2017-141747,"2017-08-03 00:00:00",16.06,11
SC-20260,CA-2014-169803,"2014-04-06 00:00:00",653.55,1
SC-20260,CA-2014-169803,"2014-04-06 00:00:00",33.9,2
SC-20260,US-2014-127635,"2014-09-14 00:00:00",8.552,3
SC-20260,US-2014-127635,"2014-09-14 00:00:00",6.048,4
SC-20260,US-2014-127635,"2014-09-14 00:00:00",6.848,5
SC-20260,US-2014-127635,"2014-09-14 00:00:00",9.96,6
SC-20260,CA-2014-128622,"2014-11-15 00:00:00",10.95,7
SC-20260,CA-2015-152681,"2015-01-17 00:00:00",6.68,8
SC-20260,CA-2015-137106,"2015-03-31 00:00:00",79.96,9
SC-20260,CA-2015-111514,"2015-08-31 00:00:00",137.24,10
SC-20260,CA-2015-111514,"2015-08-31 00:00:00",1552.831,11
SC-20260,CA-2015-111514,"2015-08-31 00:00:00",36.51,12
SC-20260,CA-2015-111514,"2015-08-31 00:00:00",239.976,13
SC-20260,CA-2017-144680,"2017-03-31 00:00:00",33.62,14
SC-20260,CA-2017-107132,"2017-06-26 00:00:00",68.52,15
SC-20260,CA-2017-107132,"2017-06-26 00:00:00",28.4,16
SC-20260,CA-2017-107132,"2017-06-26 00:00:00",102.368,17
SC-20260,CA-2017-107132,"2017-06-26 00:00:00",713.88,18
SC-20305,CA-2014-113257,"2014-12-16 00:00:00",8.624,1
SC-20305,CA-2014-113257,"2014-12-16 00:00:00",319.968,2
SC-20305,CA-2015-164777,"2015-01-27 00:00:00",2803.92,3
SC-20305,CA-2016-101651,"2016-12-24 00:00:00",39.76,4
SC-20305,CA-2016-101651,"2016-12-24 00:00:00",43.96,5
SC-20305,CA-2017-146360,"2017-04-23 00:00:00",155.34,6
SC-20305,CA-2017-106103,"2017-06-10 00:00:00",132.52,7
SC-20305,CA-2017-146920,"2017-08-28 00:00:00",25.344,8
SC-20305,CA-2017-146920,"2017-08-28 00:00:00",26.72,9
SC-20305,CA-2017-122539,"2017-12-01 00:00:00",398.972,10
SC-20305,CA-2017-122539,"2017-12-01 00:00:00",15.936,11
SC-20305,CA-2017-122539,"2017-12-01 00:00:00",8.001,12
SC-20380,CA-2014-131009,"2014-03-01 00:00:00",18.84,1
SC-20380,CA-2014-131009,"2014-03-01 00:00:00",362.25,2
SC-20380,CA-2014-131009,"2014-03-01 00:00:00",63.552,3
SC-20380,CA-2014-131009,"2014-03-01 00:00:00",129.552,4
SC-20380,CA-2015-142419,"2015-07-11 00:00:00",29.97,5
SC-20380,CA-2015-142419,"2015-07-11 00:00:00",98.352,6
SC-20380,CA-2015-113740,"2015-08-24 00:00:00",14.91,7
SC-20380,US-2016-149790,"2016-09-26 00:00:00",15.624,8
SC-20380,CA-2017-126354,"2017-02-03 00:00:00",3.882,9
SC-20380,CA-2017-126354,"2017-02-03 00:00:00",115.296,10
SC-20380,CA-2017-153843,"2017-03-13 00:00:00",30.88,11
SC-20380,CA-2017-153843,"2017-03-13 00:00:00",465.16,12
SC-20380,CA-2017-153843,"2017-03-13 00:00:00",27.12,13
SC-20380,CA-2017-138975,"2017-05-19 00:00:00",67.8,14
SC-20380,CA-2017-138975,"2017-05-19 00:00:00",377.97,15
SC-20380,CA-2017-138975,"2017-05-19 00:00:00",286.93,16
SC-20380,CA-2017-138975,"2017-05-19 00:00:00",1628.82,17
SC-20380,CA-2017-142293,"2017-09-17 00:00:00",89.97,18
SC-20380,CA-2017-142090,"2017-11-30 00:00:00",1781.682,19
SC-20380,CA-2017-142090,"2017-11-30 00:00:00",383.976,20
SC-20440,CA-2015-111297,"2015-08-17 00:00:00",52.2,1
SC-20440,CA-2015-113523,"2015-09-04 00:00:00",7.656,2
SC-20440,CA-2015-103835,"2015-09-24 00:00:00",14.91,3
SC-20440,CA-2015-103835,"2015-09-24 00:00:00",1158.12,4
SC-20440,CA-2015-166135,"2015-10-01 00:00:00",139.424,5
SC-20440,CA-2017-136000,"2017-09-22 00:00:00",40.176,6
SC-20440,CA-2017-115119,"2017-10-26 00:00:00",81.438,7
SC-20440,CA-2017-115119,"2017-10-26 00:00:00",61.542,8
SC-20440,CA-2017-131366,"2017-11-24 00:00:00",229.544,9
SC-20440,CA-2017-131366,"2017-11-24 00:00:00",89.988,10
SC-20575,CA-2014-136644,"2014-06-16 00:00:00",647.84,1
SC-20575,CA-2015-162761,"2015-10-09 00:00:00",1.872,2
SC-20575,CA-2015-162761,"2015-10-09 00:00:00",37.376,3
SC-20575,CA-2015-162761,"2015-10-09 00:00:00",11.214,4
SC-20575,CA-2017-132955,"2017-06-24 00:00:00",102.93,5
SC-20575,CA-2017-101728,"2017-08-19 00:00:00",2.296,6
SC-20575,US-2017-141509,"2017-09-29 00:00:00",99.2,7
SC-20680,CA-2014-154781,"2014-11-21 00:00:00",94.99,1
SC-20680,CA-2014-154781,"2014-11-21 00:00:00",6.58,2
SC-20680,US-2015-164308,"2015-09-24 00:00:00",821.94,3
SC-20680,CA-2016-143924,"2016-07-28 00:00:00",20.44,4
SC-20680,CA-2016-143924,"2016-07-28 00:00:00",109.92,5
SC-20680,CA-2016-113726,"2016-11-24 00:00:00",82.26,6
SC-20680,CA-2016-155383,"2016-12-17 00:00:00",46.53,7
SC-20680,CA-2017-128475,"2017-08-26 00:00:00",71.98,8
SC-20695,CA-2014-151379,"2014-12-16 00:00:00",114.2,1
SC-20695,CA-2015-111017,"2015-07-31 00:00:00",52.59,2
SC-20695,CA-2015-158659,"2015-11-10 00:00:00",714.3,3
SC-20695,CA-2016-114713,"2016-07-07 00:00:00",45.584,4
SC-20695,CA-2016-112277,"2016-09-10 00:00:00",519.68,5
SC-20695,CA-2016-152457,"2016-09-12 00:00:00",68.52,6
SC-20695,US-2016-124163,"2016-09-25 00:00:00",201.96,7
SC-20695,US-2016-124163,"2016-09-25 00:00:00",3.04,8
SC-20695,US-2016-124163,"2016-09-25 00:00:00",499.95,9
SC-20695,US-2016-124163,"2016-09-25 00:00:00",68.64,10
SC-20695,US-2016-151260,"2016-12-11 00:00:00",73.536,11
SC-20695,CA-2017-145443,"2017-08-10 00:00:00",177.2,12
SC-20695,CA-2017-152926,"2017-10-02 00:00:00",15.224,13
SC-20695,CA-2017-152926,"2017-10-02 00:00:00",21.984,14
SC-20725,CA-2014-135657,"2014-06-03 00:00:00",515.88,1
SC-20725,CA-2014-159310,"2014-11-07 00:00:00",1.476,2
SC-20725,CA-2014-159310,"2014-11-07 00:00:00",683.144,3
SC-20725,CA-2014-159310,"2014-11-07 00:00:00",40.712,4
SC-20725,CA-2015-128860,"2015-06-29 00:00:00",20.104,5
SC-20725,CA-2015-119627,"2015-08-17 00:00:00",10.272,6
SC-20725,CA-2015-119627,"2015-08-17 00:00:00",252.8,7
SC-20725,CA-2015-119627,"2015-08-17 00:00:00",36.288,8
SC-20725,CA-2015-119627,"2015-08-17 00:00:00",30.08,9
SC-20725,CA-2015-165057,"2015-09-11 00:00:00",8.64,10
SC-20725,CA-2015-165057,"2015-09-11 00:00:00",181.35,11
SC-20725,US-2015-161991,"2015-09-26 00:00:00",1114.4,12
SC-20725,US-2015-161991,"2015-09-26 00:00:00",2.08,13
SC-20725,CA-2016-153661,"2016-01-30 00:00:00",50.784,14
SC-20725,CA-2016-153661,"2016-01-30 00:00:00",26.01,15
SC-20725,CA-2016-153661,"2016-01-30 00:00:00",305.01,16
SC-20725,CA-2016-103730,"2016-06-12 00:00:00",30.84,17
SC-20725,CA-2016-103730,"2016-06-12 00:00:00",47.04,18
SC-20725,CA-2016-103730,"2016-06-12 00:00:00",115.02,19
SC-20725,CA-2016-103730,"2016-06-12 00:00:00",68.04,20
SC-20725,CA-2016-103730,"2016-06-12 00:00:00",226.56,21
SC-20725,CA-2017-144463,"2017-01-01 00:00:00",474.43,22
SC-20725,CA-2017-108539,"2017-03-21 00:00:00",10.896,23
SC-20725,CA-2017-108539,"2017-03-21 00:00:00",725.84,24
SC-20725,CA-2017-108539,"2017-03-21 00:00:00",8.544,25
SC-20725,CA-2017-163531,"2017-06-26 00:00:00",239.97,26
SC-20770,CA-2015-140144,"2015-06-20 00:00:00",257.64,1
SC-20770,CA-2015-140144,"2015-06-20 00:00:00",125.976,2
SC-20770,US-2016-114013,"2016-03-13 00:00:00",41.24,3
SC-20770,US-2016-114013,"2016-03-13 00:00:00",51.897,4
SC-20770,US-2016-114013,"2016-03-13 00:00:00",552.56,5
SC-20770,US-2016-114013,"2016-03-13 00:00:00",23.16,6
SC-20770,US-2016-114013,"2016-03-13 00:00:00",126.08,7
SC-20770,US-2016-114013,"2016-03-13 00:00:00",386.68,8
SC-20770,US-2016-114013,"2016-03-13 00:00:00",449.1,9
SC-20770,US-2016-114013,"2016-03-13 00:00:00",379.96,10
SC-20770,US-2016-114013,"2016-03-13 00:00:00",539.91,11
SC-20770,CA-2016-127208,"2016-06-12 00:00:00",16.74,12
SC-20770,CA-2016-127208,"2016-06-12 00:00:00",208.16,13
SC-20770,CA-2016-131744,"2016-06-18 00:00:00",453.6,14
SC-20770,CA-2016-131744,"2016-06-18 00:00:00",6.848,15
SC-20770,CA-2016-131744,"2016-06-18 00:00:00",4.626,16
SC-20770,CA-2016-105963,"2016-11-15 00:00:00",99.39,17
SC-20770,CA-2017-146024,"2017-03-02 00:00:00",6.976,18
SC-20770,CA-2017-146024,"2017-03-02 00:00:00",12.222,19
SC-20770,CA-2017-112529,"2017-11-19 00:00:00",31.776,20
SC-20770,CA-2017-112529,"2017-11-19 00:00:00",718.116,21
SC-20800,CA-2015-155761,"2015-12-11 00:00:00",46.344,1
SC-20800,CA-2015-155761,"2015-12-11 00:00:00",159.984,2
SC-20800,CA-2016-168536,"2016-12-20 00:00:00",66.3,3
SC-20800,CA-2017-135167,"2017-06-15 00:00:00",4.26,4
SC-20800,CA-2017-102267,"2017-11-30 00:00:00",2.368,5
SC-20845,CA-2016-103128,"2016-11-11 00:00:00",14.112,1
SC-20845,CA-2017-117646,"2017-08-21 00:00:00",6.672,2
SC-20845,CA-2017-117646,"2017-08-21 00:00:00",22.752,3
SC-20845,CA-2017-117646,"2017-08-21 00:00:00",237.096,4
SD-20485,US-2014-155502,"2014-01-26 00:00:00",489.92,1
SD-20485,US-2014-155502,"2014-01-26 00:00:00",62.82,2
SD-20485,US-2014-155502,"2014-01-26 00:00:00",12.42,3
SD-20485,US-2014-155502,"2014-01-26 00:00:00",155.35,4
SD-20485,US-2014-155502,"2014-01-26 00:00:00",16.68,5
SD-20485,US-2014-155502,"2014-01-26 00:00:00",19.44,6
SD-20485,US-2014-155502,"2014-01-26 00:00:00",187.98,7
SD-20485,US-2014-118486,"2014-04-06 00:00:00",116.784,8
SD-20485,US-2014-118486,"2014-04-06 00:00:00",154.764,9
SD-20485,US-2014-118486,"2014-04-06 00:00:00",10.304,10
SD-20485,CA-2014-101476,"2014-09-12 00:00:00",69.99,11
SD-20485,CA-2014-150329,"2014-10-10 00:00:00",46.872,12
SD-20485,CA-2015-120782,"2015-04-28 00:00:00",186.732,13
SD-20485,CA-2015-120782,"2015-04-28 00:00:00",3812.97,14
SD-20485,CA-2015-142139,"2015-08-31 00:00:00",20.96,15
SD-20485,CA-2016-102932,"2016-09-19 00:00:00",27.93,16
SD-20485,CA-2016-102932,"2016-09-19 00:00:00",25.44,17
SD-20485,US-2017-141698,"2017-04-15 00:00:00",20.736,18
SD-20485,CA-2017-102337,"2017-06-13 00:00:00",164.736,19
SD-20485,CA-2017-102337,"2017-06-13 00:00:00",47.984,20
SD-20485,CA-2017-102337,"2017-06-13 00:00:00",470.302,21
SE-20110,US-2014-121734,"2014-04-11 00:00:00",9.584,1
SE-20110,CA-2014-158225,"2014-09-22 00:00:00",40.68,2
SE-20110,CA-2014-158225,"2014-09-22 00:00:00",169.45,3
SE-20110,US-2014-107993,"2014-11-25 00:00:00",51.016,4
SE-20110,CA-2015-111164,"2015-04-11 00:00:00",406.6,5
SE-20110,CA-2015-111164,"2015-04-11 00:00:00",21.99,6
SE-20110,CA-2015-111164,"2015-04-11 00:00:00",85.14,7
SE-20110,CA-2016-158841,"2016-02-02 00:00:00",36.4,8
SE-20110,CA-2016-158841,"2016-02-02 00:00:00",18.69,9
SE-20110,CA-2016-158841,"2016-02-02 00:00:00",8749.95,10
SE-20110,CA-2016-142405,"2016-06-11 00:00:00",14.62,11
SE-20110,CA-2016-142405,"2016-06-11 00:00:00",53.984,12
SE-20110,CA-2016-142405,"2016-06-11 00:00:00",389.97,13
SE-20110,US-2016-115455,"2016-09-08 00:00:00",601.47,14
SE-20110,US-2016-115455,"2016-09-08 00:00:00",14.136,15
SE-20110,CA-2017-105851,"2017-03-13 00:00:00",1332.496,16
SE-20110,CA-2017-155047,"2017-08-27 00:00:00",5.952,17
SE-20110,CA-2017-123624,"2017-11-13 00:00:00",82.95,18
SE-20110,CA-2017-144827,"2017-12-21 00:00:00",124.36,19
SF-20065,CA-2014-113383,"2014-09-10 00:00:00",254.9,1
SF-20065,CA-2014-113383,"2014-09-10 00:00:00",81.92,2
SF-20065,CA-2015-148495,"2015-08-13 00:00:00",31.56,3
SF-20065,US-2015-164357,"2015-11-25 00:00:00",13.12,4
SF-20065,CA-2015-142937,"2015-12-05 00:00:00",45.04,5
SF-20065,CA-2016-130442,"2016-12-16 00:00:00",34.944,6
SF-20065,US-2017-156909,"2017-07-16 00:00:00",71.372,7
SF-20065,CA-2017-104136,"2017-11-01 00:00:00",40.99,8
SF-20065,CA-2017-104136,"2017-11-01 00:00:00",189.7,9
SF-20200,CA-2014-142314,"2014-12-23 00:00:00",207.24,1
SF-20200,CA-2015-153108,"2015-03-05 00:00:00",23.92,2
SF-20200,CA-2015-153108,"2015-03-05 00:00:00",60.69,3
SF-20200,CA-2015-120341,"2015-09-26 00:00:00",45.894,4
SF-20200,CA-2015-120341,"2015-09-26 00:00:00",121.104,5
SF-20200,CA-2016-132899,"2016-04-07 00:00:00",3.64,6
SF-20200,CA-2016-128811,"2016-09-12 00:00:00",10.47,7
SF-20200,CA-2016-128811,"2016-09-12 00:00:00",20.704,8
SF-20200,CA-2016-128811,"2016-09-12 00:00:00",11.07,9
SF-20200,CA-2016-127250,"2016-11-03 00:00:00",8.82,10
SF-20200,US-2017-158505,"2017-07-21 00:00:00",25.99,11
SF-20200,US-2017-158505,"2017-07-21 00:00:00",71.928,12
SF-20200,CA-2017-163097,"2017-08-27 00:00:00",120.576,13
SF-20200,CA-2017-123967,"2017-11-01 00:00:00",25.12,14
SF-20200,CA-2017-123967,"2017-11-01 00:00:00",2665.62,15
SF-20965,CA-2014-169852,"2014-10-21 00:00:00",36.36,1
SF-20965,CA-2015-121097,"2015-01-03 00:00:00",10.368,2
SF-20965,CA-2015-143077,"2015-09-17 00:00:00",21.936,3
SF-20965,CA-2015-143077,"2015-09-17 00:00:00",6.588,4
SF-20965,CA-2015-161214,"2015-10-05 00:00:00",77.55,5
SF-20965,CA-2015-138009,"2015-11-29 00:00:00",161.82,6
SF-20965,CA-2015-138009,"2015-11-29 00:00:00",523.48,7
SF-20965,CA-2015-138009,"2015-11-29 00:00:00",301.96,8
SF-20965,CA-2015-138009,"2015-11-29 00:00:00",555.21,9
SF-20965,CA-2016-146913,"2016-10-31 00:00:00",1403.92,10
SF-20965,CA-2017-139311,"2017-08-11 00:00:00",153.584,11
SF-20965,CA-2017-139311,"2017-08-11 00:00:00",12.864,12
SF-20965,CA-2017-139311,"2017-08-11 00:00:00",9.184,13
SF-20965,CA-2017-139311,"2017-08-11 00:00:00",29.664,14
SF-20965,CA-2017-152205,"2017-09-28 00:00:00",2.655,15
SF-20965,CA-2017-122644,"2017-11-12 00:00:00",10.848,16
SF-20965,CA-2017-122644,"2017-11-12 00:00:00",18.544,17
SG-20080,CA-2015-164882,"2015-10-31 00:00:00",398.352,1
SG-20080,CA-2015-164882,"2015-10-31 00:00:00",46.84,2
SG-20080,CA-2015-164882,"2015-10-31 00:00:00",323.136,3
SG-20080,CA-2015-164882,"2015-10-31 00:00:00",1295.84,4
SG-20080,CA-2015-164882,"2015-10-31 00:00:00",19.98,5
SG-20080,CA-2015-164882,"2015-10-31 00:00:00",425.833,6
SG-20080,CA-2015-164882,"2015-10-31 00:00:00",5.04,7
SG-20080,CA-2015-164882,"2015-10-31 00:00:00",29.7,8
SG-20080,CA-2015-164882,"2015-10-31 00:00:00",17.45,9
SG-20080,CA-2015-162544,"2015-12-16 00:00:00",4.98,10
SG-20080,CA-2017-155376,"2017-12-22 00:00:00",839.43,11
SG-20470,CA-2014-116190,"2014-07-26 00:00:00",25.71,1
SG-20470,CA-2014-116190,"2014-07-26 00:00:00",162.89,2
SG-20470,CA-2014-116190,"2014-07-26 00:00:00",67.88,3
SG-20470,CA-2014-159800,"2014-11-28 00:00:00",139.93,4
SG-20470,CA-2014-159800,"2014-11-28 00:00:00",43.68,5
SG-20470,CA-2015-130218,"2015-03-23 00:00:00",27.92,6
SG-20470,CA-2015-130218,"2015-03-23 00:00:00",31.56,7
SG-20470,CA-2015-153535,"2015-05-20 00:00:00",163.136,8
SG-20470,CA-2015-153535,"2015-05-20 00:00:00",6.408,9
SG-20470,CA-2015-165799,"2015-06-29 00:00:00",117.882,10
SG-20470,CA-2015-140375,"2015-10-02 00:00:00",7.38,11
SG-20470,CA-2015-140375,"2015-10-02 00:00:00",19.44,12
SG-20470,CA-2016-130484,"2016-08-22 00:00:00",26.352,13
SG-20470,US-2017-102890,"2017-06-30 00:00:00",1044.63,14
SG-20605,CA-2014-146997,"2014-01-23 00:00:00",5.94,1
SG-20605,CA-2014-121573,"2014-11-03 00:00:00",48.896,2
SG-20605,CA-2014-121573,"2014-11-03 00:00:00",783.96,3
SG-20605,CA-2014-121573,"2014-11-03 00:00:00",7.856,4
SG-20605,CA-2014-169446,"2014-12-19 00:00:00",323.976,5
SG-20605,CA-2014-169446,"2014-12-19 00:00:00",32.592,6
SG-20605,CA-2014-169446,"2014-12-19 00:00:00",15.552,7
SG-20605,US-2015-127040,"2015-12-06 00:00:00",41.86,8
SG-20605,US-2015-127040,"2015-12-06 00:00:00",6.48,9
SG-20605,US-2015-127040,"2015-12-06 00:00:00",1619.91,10
SG-20605,US-2015-127040,"2015-12-06 00:00:00",113.92,11
SG-20605,CA-2017-125381,"2017-04-25 00:00:00",107.97,12
SG-20605,CA-2017-139493,"2017-09-13 00:00:00",15.92,13
SG-20890,US-2014-105151,"2014-03-30 00:00:00",10.5,1
SG-20890,CA-2016-144337,"2016-08-01 00:00:00",19.648,2
SG-20890,CA-2017-112536,"2017-05-18 00:00:00",6.874,3
SG-20890,CA-2017-112536,"2017-05-18 00:00:00",1.996,4
SG-20890,CA-2017-112536,"2017-05-18 00:00:00",8.928,5
SH-19975,US-2014-112991,"2014-12-10 00:00:00",338.352,1
SH-19975,US-2014-112991,"2014-12-10 00:00:00",25.92,2
SH-19975,US-2014-112991,"2014-12-10 00:00:00",91.36,3
SH-19975,CA-2015-149083,"2015-09-25 00:00:00",12.6,4
SH-19975,CA-2015-149083,"2015-09-25 00:00:00",159.98,5
SH-19975,CA-2015-149083,"2015-09-25 00:00:00",307.136,6
SH-19975,CA-2016-125920,"2016-05-21 00:00:00",3.798,7
SH-19975,US-2016-115441,"2016-07-25 00:00:00",20.62,8
SH-19975,US-2016-115441,"2016-07-25 00:00:00",95.2,9
SH-19975,US-2016-115441,"2016-07-25 00:00:00",403.56,10
SH-19975,US-2016-115441,"2016-07-25 00:00:00",297.55,11
SH-19975,US-2016-115441,"2016-07-25 00:00:00",124.25,12
SH-19975,CA-2016-109743,"2016-09-22 00:00:00",40.776,13
SH-19975,CA-2016-109743,"2016-09-22 00:00:00",63.936,14
SH-19975,US-2016-146794,"2016-09-26 00:00:00",424.9575,15
SH-19975,CA-2016-125164,"2016-11-10 00:00:00",20.368,16
SH-19975,CA-2016-125164,"2016-11-10 00:00:00",49.848,17
SH-19975,CA-2016-151512,"2016-12-26 00:00:00",18.72,18
SH-19975,CA-2017-125101,"2017-03-06 00:00:00",67.78,19
SH-19975,CA-2017-106180,"2017-09-18 00:00:00",143.7,20
SH-19975,CA-2017-106180,"2017-09-18 00:00:00",10.86,21
SH-19975,CA-2017-106180,"2017-09-18 00:00:00",8.82,22
SH-19975,US-2017-108245,"2017-09-22 00:00:00",11.228,23
SH-19975,US-2017-108245,"2017-09-22 00:00:00",13.392,24
SH-19975,CA-2017-127922,"2017-10-27 00:00:00",8.448,25
SH-19975,CA-2017-127922,"2017-10-27 00:00:00",15.84,26
SH-19975,CA-2017-101805,"2017-12-01 00:00:00",15.92,27
SH-19975,CA-2017-101805,"2017-12-01 00:00:00",541.24,28
SH-19975,CA-2017-101805,"2017-12-01 00:00:00",70.68,29
SH-20395,CA-2014-115889,"2014-11-02 00:00:00",46.384,1
SH-20395,CA-2014-115889,"2014-11-02 00:00:00",362.92,2
SH-20395,CA-2014-165764,"2014-11-03 00:00:00",14.301,3
SH-20395,CA-2014-165764,"2014-11-03 00:00:00",410.352,4
SH-20395,CA-2014-165764,"2014-11-03 00:00:00",945.036,5
SH-20395,CA-2014-165764,"2014-11-03 00:00:00",25.984,6
SH-20395,CA-2015-112053,"2015-10-11 00:00:00",31.95,7
SH-20395,CA-2016-113600,"2016-12-15 00:00:00",2.214,8
SH-20395,CA-2017-110884,"2017-03-07 00:00:00",25.92,9
SH-20395,CA-2017-110884,"2017-03-07 00:00:00",91.59,10
SH-20395,CA-2017-126774,"2017-04-15 00:00:00",4.89,11
SH-20395,CA-2017-168900,"2017-05-04 00:00:00",2.313,12
SH-20395,CA-2017-168172,"2017-08-06 00:00:00",70.12,13
SH-20395,CA-2017-122280,"2017-09-10 00:00:00",18.76,14
SH-20395,CA-2017-157980,"2017-12-07 00:00:00",127.984,15
SH-20635,CA-2014-124247,"2014-12-16 00:00:00",1403.92,1
SH-20635,CA-2015-166975,"2015-11-26 00:00:00",692.472,2
SJ-20125,CA-2015-102260,"2015-09-22 00:00:00",12,1
SJ-20125,CA-2015-102260,"2015-09-22 00:00:00",720.064,2
SJ-20125,CA-2015-102260,"2015-09-22 00:00:00",25.424,3
SJ-20125,CA-2015-102260,"2015-09-22 00:00:00",3.204,4
SJ-20125,CA-2015-102260,"2015-09-22 00:00:00",2.816,5
SJ-20125,CA-2016-130400,"2016-03-08 00:00:00",8.856,6
SJ-20125,CA-2016-130400,"2016-03-08 00:00:00",146.352,7
SJ-20125,CA-2016-130400,"2016-03-08 00:00:00",27.96,8
SJ-20125,CA-2016-140571,"2016-03-15 00:00:00",319.76,9
SJ-20125,CA-2016-140571,"2016-03-15 00:00:00",45.68,10
SJ-20125,CA-2016-159730,"2016-09-17 00:00:00",113.888,11
SJ-20125,CA-2016-159730,"2016-09-17 00:00:00",105.584,12
SJ-20125,CA-2016-147123,"2016-12-10 00:00:00",80.28,13
SJ-20125,CA-2017-120719,"2017-03-23 00:00:00",34.76,14
SJ-20125,CA-2017-161984,"2017-04-10 00:00:00",7.61,15
SJ-20125,CA-2017-161984,"2017-04-10 00:00:00",7.16,16
SJ-20125,CA-2017-166849,"2017-04-20 00:00:00",44.4,17
SJ-20125,CA-2017-110212,"2017-05-01 00:00:00",48.9,18
SJ-20125,CA-2017-100433,"2017-08-11 00:00:00",25.92,19
SJ-20125,CA-2017-105669,"2017-09-17 00:00:00",5.8,20
SJ-20125,CA-2017-105669,"2017-09-17 00:00:00",9.912,21
SJ-20125,CA-2017-105669,"2017-09-17 00:00:00",318.43,22
SJ-20125,CA-2017-105669,"2017-09-17 00:00:00",1415.76,23
SJ-20125,CA-2017-129490,"2017-09-26 00:00:00",419.136,24
SJ-20215,CA-2015-146038,"2015-02-09 00:00:00",203.92,1
SJ-20215,CA-2015-161627,"2015-07-06 00:00:00",170.352,2
SJ-20215,CA-2016-108644,"2016-09-30 00:00:00",1.964,3
SJ-20215,CA-2017-100615,"2017-04-20 00:00:00",15.76,4
SJ-20215,CA-2017-100615,"2017-04-20 00:00:00",14.56,5
SJ-20215,CA-2017-100615,"2017-04-20 00:00:00",317.058,6
SJ-20215,CA-2017-122987,"2017-08-16 00:00:00",13.428,7
SJ-20215,CA-2017-122987,"2017-08-16 00:00:00",67.136,8
SJ-20215,CA-2017-113355,"2017-12-01 00:00:00",317.058,9
SJ-20215,CA-2017-113355,"2017-12-01 00:00:00",219.8,10
SJ-20500,CA-2014-143385,"2014-08-31 00:00:00",92.52,1
SJ-20500,CA-2014-138240,"2014-10-09 00:00:00",15.992,2
SJ-20500,CA-2014-138240,"2014-10-09 00:00:00",144.6,3
SJ-20500,CA-2016-121356,"2016-11-20 00:00:00",128.4,4
SJ-20500,CA-2016-157336,"2016-12-01 00:00:00",88.08,5
SJ-20500,CA-2016-157336,"2016-12-01 00:00:00",751.92,6
SJ-20500,US-2017-152366,"2017-04-21 00:00:00",97.264,7
SK-19990,CA-2016-105018,"2016-11-28 00:00:00",7.16,1
SK-19990,CA-2017-108553,"2017-04-23 00:00:00",121.94,2
SK-19990,CA-2017-108553,"2017-04-23 00:00:00",122.71,3
SK-19990,CA-2017-119193,"2017-12-22 00:00:00",1.641,4
SK-19990,CA-2017-119193,"2017-12-22 00:00:00",629.958,5
SL-20155,CA-2014-124513,"2014-09-21 00:00:00",66.03,1
SL-20155,US-2014-155817,"2014-10-03 00:00:00",61.568,2
SL-20155,US-2014-155817,"2014-10-03 00:00:00",6.192,3
SL-20155,CA-2015-153549,"2015-03-29 00:00:00",1166.92,4
SL-20155,US-2015-107349,"2015-07-13 00:00:00",41.568,5
SL-20155,CA-2016-100587,"2016-12-10 00:00:00",6.48,6
SL-20155,CA-2017-156391,"2017-09-26 00:00:00",2.224,7
SL-20155,CA-2017-145884,"2017-10-21 00:00:00",1439.92,8
SL-20155,CA-2017-145884,"2017-10-21 00:00:00",262.11,9
SM-20005,CA-2014-159625,"2014-11-23 00:00:00",23.472,1
SM-20005,CA-2014-148488,"2014-12-10 00:00:00",106.344,2
SM-20005,CA-2014-148488,"2014-12-10 00:00:00",11.36,3
SM-20005,US-2016-154256,"2016-06-23 00:00:00",25.83,4
SM-20005,US-2016-111563,"2016-11-04 00:00:00",66.112,5
SM-20005,US-2016-111563,"2016-11-04 00:00:00",11.376,6
SM-20320,CA-2014-145317,"2014-03-18 00:00:00",821.3,1
SM-20320,CA-2014-145317,"2014-03-18 00:00:00",122.352,2
SM-20320,CA-2014-145317,"2014-03-18 00:00:00",18.936,3
SM-20320,CA-2014-145317,"2014-03-18 00:00:00",30.768,4
SM-20320,CA-2014-145317,"2014-03-18 00:00:00",8.016,5
SM-20320,CA-2014-145317,"2014-03-18 00:00:00",21.376,6
SM-20320,CA-2014-145317,"2014-03-18 00:00:00",22638.48,7
SM-20320,US-2015-130512,"2015-08-21 00:00:00",21.728,8
SM-20320,US-2015-130512,"2015-08-21 00:00:00",3.488,9
SM-20320,US-2015-130512,"2015-08-21 00:00:00",49.568,10
SM-20320,US-2015-130512,"2015-08-21 00:00:00",99.588,11
SM-20320,US-2015-130512,"2015-08-21 00:00:00",663.072,12
SM-20320,CA-2015-144890,"2015-12-25 00:00:00",9.96,13
SM-20320,CA-2017-145128,"2017-07-09 00:00:00",526.45,14
SM-20320,CA-2017-149146,"2017-10-12 00:00:00",7.968,15
SM-20905,CA-2016-129280,"2016-05-03 00:00:00",51.968,1
SM-20905,CA-2016-129280,"2016-05-03 00:00:00",195.64,2
SM-20905,CA-2016-129280,"2016-05-03 00:00:00",132.52,3
SM-20905,CA-2016-129280,"2016-05-03 00:00:00",431.976,4
SM-20905,CA-2016-129280,"2016-05-03 00:00:00",224.937,5
SM-20905,CA-2016-129280,"2016-05-03 00:00:00",6,6
SM-20950,CA-2014-122931,"2014-09-29 00:00:00",409.272,1
SM-20950,CA-2014-122931,"2014-09-29 00:00:00",4.224,2
SM-20950,CA-2014-122931,"2014-09-29 00:00:00",55.44,3
SM-20950,CA-2014-122931,"2014-09-29 00:00:00",1801.632,4
SM-20950,CA-2014-122931,"2014-09-29 00:00:00",67.176,5
SM-20950,CA-2014-122931,"2014-09-29 00:00:00",20.928,6
SM-20950,CA-2014-126907,"2014-11-01 00:00:00",15.696,7
SM-20950,CA-2014-163412,"2014-12-20 00:00:00",192.186,8
SM-20950,US-2015-116981,"2015-03-26 00:00:00",1085.42,9
SM-20950,US-2015-116981,"2015-03-26 00:00:00",13.11,10
SM-20950,CA-2015-107902,"2015-08-28 00:00:00",470.36,11
SM-20950,CA-2015-100685,"2015-12-19 00:00:00",7.04,12
SM-20950,CA-2015-100685,"2015-12-19 00:00:00",5.04,13
SM-20950,CA-2015-100685,"2015-12-19 00:00:00",116.28,14
SM-20950,CA-2016-154067,"2016-02-01 00:00:00",105.52,15
SM-20950,CA-2016-125724,"2016-09-22 00:00:00",68.432,16
SM-20950,US-2016-144393,"2016-10-28 00:00:00",17.616,17
SM-20950,CA-2017-120614,"2017-05-30 00:00:00",37.52,18
SM-20950,CA-2017-150497,"2017-07-20 00:00:00",735.98,19
SM-20950,CA-2017-105235,"2017-12-05 00:00:00",254.9,20
SM-20950,CA-2017-105235,"2017-12-05 00:00:00",58.68,21
SM-20950,CA-2017-105235,"2017-12-05 00:00:00",20.94,22
SN-20560,CA-2015-122287,"2015-06-18 00:00:00",4.536,1
SN-20560,CA-2015-122287,"2015-06-18 00:00:00",11.952,2
SN-20560,CA-2015-122287,"2015-06-18 00:00:00",9.156,3
SN-20560,CA-2015-122287,"2015-06-18 00:00:00",75.36,4
SN-20560,CA-2015-125934,"2015-09-11 00:00:00",38.88,5
SN-20560,CA-2015-125934,"2015-09-11 00:00:00",31.05,6
SN-20560,CA-2015-125934,"2015-09-11 00:00:00",209.6,7
SN-20560,CA-2015-125934,"2015-09-11 00:00:00",111.04,8
SN-20560,CA-2015-125934,"2015-09-11 00:00:00",8.92,9
SN-20560,CA-2015-144652,"2015-11-20 00:00:00",19.46,10
SN-20560,CA-2016-118101,"2016-06-26 00:00:00",368.91,11
SN-20560,CA-2016-118101,"2016-06-26 00:00:00",8.02,12
SN-20560,CA-2016-118101,"2016-06-26 00:00:00",171.04,13
SN-20560,CA-2017-154102,"2017-02-06 00:00:00",29.9,14
SN-20560,CA-2017-152093,"2017-09-10 00:00:00",762.594,15
SN-20710,US-2014-154879,"2014-05-06 00:00:00",5.78,1
SN-20710,US-2014-154879,"2014-05-06 00:00:00",107.94,2
SN-20710,CA-2015-125234,"2015-11-27 00:00:00",113.82,3
SN-20710,CA-2015-125234,"2015-11-27 00:00:00",107.97,4
SN-20710,CA-2015-117415,"2015-12-27 00:00:00",371.168,5
SN-20710,CA-2015-117415,"2015-12-27 00:00:00",212.058,6
SN-20710,CA-2015-117415,"2015-12-27 00:00:00",532.3992,7
SN-20710,CA-2015-117415,"2015-12-27 00:00:00",113.328,8
SN-20710,US-2016-146570,"2016-05-15 00:00:00",511.84,9
SN-20710,US-2016-146570,"2016-05-15 00:00:00",91.96,10
SN-20710,US-2016-146570,"2016-05-15 00:00:00",8.34,11
SN-20710,CA-2016-169957,"2016-09-26 00:00:00",100,12
SN-20710,CA-2016-169957,"2016-09-26 00:00:00",29.9,13
SN-20710,CA-2016-169957,"2016-09-26 00:00:00",236.88,14
SN-20710,CA-2016-119963,"2016-11-18 00:00:00",19.648,15
SN-20710,CA-2016-119963,"2016-11-18 00:00:00",255.108,16
SN-20710,CA-2016-119963,"2016-11-18 00:00:00",6.368,17
SN-20710,CA-2016-119963,"2016-11-18 00:00:00",48.848,18
SN-20710,CA-2017-152702,"2017-10-12 00:00:00",254.604,19
SO-20335,US-2015-108966,"2015-10-11 00:00:00",957.5775,1
SO-20335,US-2015-108966,"2015-10-11 00:00:00",22.368,2
SO-20335,CA-2015-161718,"2015-12-04 00:00:00",361.764,3
SO-20335,CA-2015-161718,"2015-12-04 00:00:00",28.44,4
SO-20335,CA-2015-161718,"2015-12-04 00:00:00",364.41,5
SO-20335,CA-2015-161718,"2015-12-04 00:00:00",39.96,6
SO-20335,CA-2017-149076,"2017-01-14 00:00:00",154.9,7
SO-20335,CA-2017-101700,"2017-04-23 00:00:00",11.664,8
SO-20335,CA-2017-101700,"2017-04-23 00:00:00",18.688,9
SO-20335,CA-2017-147228,"2017-09-09 00:00:00",258.48,10
SO-20335,CA-2017-147228,"2017-09-09 00:00:00",14.136,11
SO-20335,CA-2017-147228,"2017-09-09 00:00:00",177.536,12
SO-20335,CA-2017-147228,"2017-09-09 00:00:00",8.832,13
SO-20335,CA-2017-166926,"2017-12-01 00:00:00",41.86,14
SO-20335,CA-2017-166926,"2017-12-01 00:00:00",141.96,15
SP-20545,CA-2014-123316,"2014-10-13 00:00:00",7.752,1
SP-20545,CA-2016-102134,"2016-03-14 00:00:00",16.74,2
SP-20545,CA-2016-123666,"2016-03-26 00:00:00",459.95,3
SP-20545,US-2016-103646,"2016-04-21 00:00:00",102.336,4
SP-20545,US-2016-103646,"2016-04-21 00:00:00",44.848,5
SP-20545,US-2016-103646,"2016-04-21 00:00:00",48.792,6
SP-20545,US-2016-128909,"2016-10-09 00:00:00",19.136,7
SP-20545,US-2016-128909,"2016-10-09 00:00:00",332.832,8
SP-20545,US-2017-101840,"2017-02-06 00:00:00",46.24,9
SP-20545,US-2017-101840,"2017-02-06 00:00:00",227.46,10
SP-20620,CA-2014-123127,"2014-09-08 00:00:00",16.78,1
SP-20620,CA-2014-104738,"2014-12-30 00:00:00",328.776,2
SP-20620,CA-2014-104738,"2014-12-30 00:00:00",217.584,3
SP-20620,CA-2014-104738,"2014-12-30 00:00:00",47.984,4
SP-20620,CA-2014-104738,"2014-12-30 00:00:00",12.984,5
SP-20620,CA-2014-104738,"2014-12-30 00:00:00",2.286,6
SP-20620,CA-2015-149636,"2015-01-06 00:00:00",1.938,7
SP-20620,CA-2015-149636,"2015-01-06 00:00:00",29.6,8
SP-20620,CA-2015-131597,"2015-09-14 00:00:00",170.136,9
SP-20620,CA-2016-131289,"2016-12-08 00:00:00",1421.664,10
SP-20620,CA-2016-131289,"2016-12-08 00:00:00",45.36,11
SP-20620,CA-2016-131289,"2016-12-08 00:00:00",8.56,12
SP-20620,US-2017-162208,"2017-08-27 00:00:00",2.896,13
SP-20620,CA-2017-148929,"2017-09-07 00:00:00",478.08,14
SP-20620,US-2017-118087,"2017-09-09 00:00:00",4.503,15
SP-20620,US-2017-118087,"2017-09-09 00:00:00",17.024,16
SP-20620,US-2017-118087,"2017-09-09 00:00:00",258.696,17
SP-20620,US-2017-118087,"2017-09-09 00:00:00",4.672,18
SP-20620,US-2017-118087,"2017-09-09 00:00:00",1931.958,19
SP-20620,US-2017-118087,"2017-09-09 00:00:00",3.036,20
SP-20620,US-2017-118087,"2017-09-09 00:00:00",95.88,21
SP-20620,US-2017-118087,"2017-09-09 00:00:00",141.372,22
SP-20620,CA-2017-112844,"2017-11-13 00:00:00",43.6,23
SP-20620,CA-2017-112844,"2017-11-13 00:00:00",154.95,24
SP-20650,CA-2014-155208,"2014-04-16 00:00:00",39.072,1
SP-20650,CA-2014-110065,"2014-08-05 00:00:00",15.96,2
SP-20650,CA-2014-110065,"2014-08-05 00:00:00",135.99,3
SP-20650,US-2014-124625,"2014-11-03 00:00:00",89.97,4
SP-20650,CA-2015-124919,"2015-05-31 00:00:00",105.52,5
SP-20650,CA-2015-124919,"2015-05-31 00:00:00",58.38,6
SP-20650,CA-2015-124919,"2015-05-31 00:00:00",80.88,7
SP-20650,US-2016-140172,"2016-03-08 00:00:00",207.144,8
SP-20650,US-2016-140172,"2016-03-08 00:00:00",13.9,9
SP-20650,CA-2016-133802,"2016-03-14 00:00:00",41.904,10
SP-20650,CA-2016-136770,"2016-08-14 00:00:00",279.96,11
SP-20650,CA-2016-136770,"2016-08-14 00:00:00",259.896,12
SP-20650,CA-2016-136770,"2016-08-14 00:00:00",247.188,13
SP-20650,CA-2016-149349,"2016-11-12 00:00:00",22.752,14
SP-20650,CA-2016-149503,"2016-12-09 00:00:00",273.92,15
SP-20860,CA-2014-119466,"2014-12-15 00:00:00",8.544,1
SP-20860,CA-2014-164259,"2014-12-28 00:00:00",99.136,2
SP-20860,CA-2015-156923,"2015-02-16 00:00:00",35.88,3
SP-20860,US-2015-126753,"2015-08-16 00:00:00",10.272,4
SP-20860,US-2015-126753,"2015-08-16 00:00:00",519.792,5
SP-20860,US-2015-126753,"2015-08-16 00:00:00",31.176,6
SP-20860,US-2015-126753,"2015-08-16 00:00:00",3.762,7
SP-20860,US-2015-126753,"2015-08-16 00:00:00",10.368,8
SP-20860,US-2015-126753,"2015-08-16 00:00:00",254.352,9
SP-20860,US-2015-126753,"2015-08-16 00:00:00",2.724,10
SP-20860,CA-2015-105158,"2015-09-05 00:00:00",36.84,11
SP-20860,CA-2015-105158,"2015-09-05 00:00:00",6.16,12
SP-20860,CA-2015-103870,"2015-12-27 00:00:00",72.744,13
SP-20860,CA-2015-103870,"2015-12-27 00:00:00",22.512,14
SP-20860,CA-2015-103870,"2015-12-27 00:00:00",4.728,15
SP-20860,CA-2015-103870,"2015-12-27 00:00:00",53.352,16
SP-20860,CA-2015-103870,"2015-12-27 00:00:00",131.104,17
SP-20860,US-2016-163881,"2016-11-24 00:00:00",659.9,18
SP-20860,US-2016-163881,"2016-11-24 00:00:00",559.92,19
SP-20860,US-2016-163881,"2016-11-24 00:00:00",1684.752,20
SP-20860,CA-2017-110478,"2017-03-04 00:00:00",9.32,21
SP-20860,CA-2017-110478,"2017-03-04 00:00:00",15.25,22
SP-20860,CA-2017-160017,"2017-09-28 00:00:00",10.368,23
SP-20860,CA-2017-169362,"2017-10-12 00:00:00",39.984,24
SP-20920,CA-2014-135090,"2014-11-22 00:00:00",53.82,1
SP-20920,CA-2016-152800,"2016-04-13 00:00:00",6.12,2
SP-20920,CA-2016-105291,"2016-10-30 00:00:00",3.62,3
SP-20920,CA-2016-124590,"2016-11-12 00:00:00",1474.802,4
SP-20920,CA-2016-124590,"2016-11-12 00:00:00",1537.074,5
SP-20920,CA-2016-124590,"2016-11-12 00:00:00",449.372,6
SP-20920,CA-2016-124590,"2016-11-12 00:00:00",16.752,7
SP-20920,CA-2016-124590,"2016-11-12 00:00:00",110.096,8
SP-20920,CA-2017-161172,"2017-03-16 00:00:00",54.224,9
SP-20920,CA-2017-161172,"2017-03-16 00:00:00",159.984,10
SP-20920,CA-2017-161172,"2017-03-16 00:00:00",5.193,11
SP-20920,CA-2017-161172,"2017-03-16 00:00:00",51.264,12
SP-20920,CA-2017-161172,"2017-03-16 00:00:00",44.376,13
SP-20920,CA-2017-100356,"2017-10-21 00:00:00",23.992,14
SR-20425,CA-2014-140487,"2014-06-14 00:00:00",212.94,1
SR-20425,CA-2017-134845,"2017-04-17 00:00:00",20.736,2
SR-20425,CA-2017-134845,"2017-04-17 00:00:00",2549.985,3
SR-20425,CA-2017-134845,"2017-04-17 00:00:00",21.594,4
SR-20425,CA-2017-134845,"2017-04-17 00:00:00",12.03,5
SR-20425,CA-2017-134845,"2017-04-17 00:00:00",8.964,6
SR-20425,CA-2017-120061,"2017-11-02 00:00:00",155.372,7
SR-20425,CA-2017-143658,"2017-11-08 00:00:00",109.9,8
SR-20425,CA-2017-100412,"2017-12-22 00:00:00",141.96,9
SR-20740,CA-2014-164903,"2014-02-20 00:00:00",12.96,1
SR-20740,CA-2014-133634,"2014-11-05 00:00:00",47.79,2
SR-20740,US-2014-147704,"2014-11-16 00:00:00",169.45,3
SR-20740,US-2014-147704,"2014-11-16 00:00:00",31.68,4
SR-20740,US-2014-147704,"2014-11-16 00:00:00",78.35,5
SR-20740,US-2014-147704,"2014-11-16 00:00:00",29.12,6
SR-20740,CA-2015-154970,"2015-01-05 00:00:00",61.584,7
SR-20740,CA-2015-150196,"2015-07-02 00:00:00",19.44,8
SR-20740,CA-2016-162222,"2016-04-03 00:00:00",10.272,9
SR-20740,CA-2016-132661,"2016-10-23 00:00:00",379.4,10
SR-20740,CA-2017-165323,"2017-06-17 00:00:00",101.34,11
SR-20740,CA-2017-165323,"2017-06-17 00:00:00",3404.5,12
SS-20140,CA-2014-120544,"2014-11-23 00:00:00",6.368,1
SS-20140,CA-2014-120544,"2014-11-23 00:00:00",34.176,2
SS-20140,CA-2014-120544,"2014-11-23 00:00:00",5.544,3
SS-20140,CA-2015-143616,"2015-09-27 00:00:00",99.2,4
SS-20140,CA-2016-101168,"2016-12-25 00:00:00",21.12,5
SS-20140,CA-2017-108322,"2017-04-30 00:00:00",2.376,6
SS-20140,CA-2017-108322,"2017-04-30 00:00:00",23.68,7
SS-20140,CA-2017-145772,"2017-06-03 00:00:00",3.912,8
SS-20140,CA-2017-145772,"2017-06-03 00:00:00",11.96,9
SS-20140,CA-2017-145772,"2017-06-03 00:00:00",44.75,10
SS-20140,CA-2017-164756,"2017-09-18 00:00:00",34.48,11
SS-20140,CA-2017-164756,"2017-09-18 00:00:00",25.92,12
SS-20140,CA-2017-164756,"2017-09-18 00:00:00",411.98,13
SS-20140,CA-2017-164756,"2017-09-18 00:00:00",244.55,14
SS-20140,CA-2017-164756,"2017-09-18 00:00:00",95.68,15
SS-20140,CA-2017-164756,"2017-09-18 00:00:00",113.94,16
SS-20140,CA-2017-164756,"2017-09-18 00:00:00",50.96,17
SS-20140,CA-2017-164756,"2017-09-18 00:00:00",20.32,18
SS-20140,CA-2017-165603,"2017-10-17 00:00:00",49.96,19
SS-20140,CA-2017-165603,"2017-10-17 00:00:00",12.96,20
SS-20140,CA-2017-136063,"2017-12-15 00:00:00",10.192,21
SS-20410,CA-2014-145800,"2014-05-30 00:00:00",355.455,1
SS-20410,CA-2014-126193,"2014-09-07 00:00:00",3.828,2
SS-20410,CA-2014-126193,"2014-09-07 00:00:00",13.16,3
SS-20410,CA-2014-126193,"2014-09-07 00:00:00",304.99,4
SS-20410,CA-2014-127558,"2014-11-15 00:00:00",772.47,5
SS-20410,CA-2014-127558,"2014-11-15 00:00:00",20.46,6
SS-20410,CA-2014-127558,"2014-11-15 00:00:00",10.11,7
SS-20410,CA-2015-119879,"2015-11-21 00:00:00",110.97,8
SS-20410,CA-2015-119879,"2015-11-21 00:00:00",1252.704,9
SS-20410,CA-2017-159954,"2017-09-10 00:00:00",2.78,10
SS-20410,CA-2017-127726,"2017-09-11 00:00:00",195.68,11
SS-20410,CA-2017-127726,"2017-09-11 00:00:00",14.2,12
SS-20515,CA-2014-124464,"2014-07-14 00:00:00",39.48,1
SS-20515,CA-2015-103135,"2015-07-24 00:00:00",279.86,2
SS-20515,CA-2015-103135,"2015-07-24 00:00:00",90.06,3
SS-20515,CA-2015-103135,"2015-07-24 00:00:00",135.09,4
SS-20515,CA-2015-103135,"2015-07-24 00:00:00",20.94,5
SS-20515,US-2016-163538,"2016-08-26 00:00:00",47.97,6
SS-20590,CA-2014-150490,"2014-08-05 00:00:00",16.36,1
SS-20590,CA-2014-150490,"2014-08-05 00:00:00",15.78,2
SS-20590,CA-2014-150490,"2014-08-05 00:00:00",45.98,3
SS-20590,CA-2015-120551,"2015-04-13 00:00:00",17.43,4
SS-20590,CA-2016-169166,"2016-05-09 00:00:00",93.98,5
SS-20590,CA-2016-136287,"2016-06-13 00:00:00",18.9,6
SS-20590,CA-2016-116540,"2016-09-02 00:00:00",8.26,7
SS-20590,CA-2016-116540,"2016-09-02 00:00:00",1.81,8
SS-20590,CA-2016-166275,"2016-10-24 00:00:00",199.99,9
SS-20875,US-2014-123519,"2014-12-14 00:00:00",136.53,1
SS-20875,US-2014-123519,"2014-12-14 00:00:00",263.96,2
SS-20875,US-2014-123519,"2014-12-14 00:00:00",2.624,3
SS-20875,CA-2015-154900,"2015-02-25 00:00:00",3.15,4
SS-20875,CA-2015-154900,"2015-02-25 00:00:00",22.72,5
SS-20875,CA-2015-163965,"2015-11-20 00:00:00",62.88,6
SS-20875,CA-2015-163965,"2015-11-20 00:00:00",290.352,7
SS-20875,CA-2015-163965,"2015-11-20 00:00:00",7.23,8
SS-20875,CA-2015-163965,"2015-11-20 00:00:00",17.44,9
SS-20875,US-2016-146710,"2016-08-27 00:00:00",3.528,10
SS-20875,US-2016-146710,"2016-08-27 00:00:00",4.624,11
SS-20875,US-2016-146710,"2016-08-27 00:00:00",55.168,12
SS-20875,US-2016-146710,"2016-08-27 00:00:00",51.52,13
SS-20875,CA-2017-107909,"2017-09-01 00:00:00",22.92,14
SS-20875,CA-2017-107909,"2017-09-01 00:00:00",19.99,15
ST-20530,CA-2014-107706,"2014-02-14 00:00:00",16.176,1
ST-20530,CA-2014-164182,"2014-07-14 00:00:00",13.494,2
ST-20530,CA-2014-164182,"2014-07-14 00:00:00",23.988,3
ST-20530,CA-2014-164182,"2014-07-14 00:00:00",31.984,4
ST-20530,CA-2014-164182,"2014-07-14 00:00:00",41.584,5
ST-20530,CA-2014-163559,"2014-09-23 00:00:00",139.44,6
ST-20530,CA-2014-152345,"2014-12-29 00:00:00",23.976,7
ST-20530,CA-2014-152345,"2014-12-29 00:00:00",33.29,8
ST-20530,CA-2015-153325,"2015-03-01 00:00:00",58.72,9
ST-20530,CA-2017-106852,"2017-06-20 00:00:00",5.248,10
ST-20530,CA-2017-106852,"2017-06-20 00:00:00",31.104,11
ST-20530,CA-2017-101273,"2017-08-27 00:00:00",14.336,12
SU-20665,CA-2015-134943,"2015-12-05 00:00:00",152.8,1
SU-20665,US-2016-126431,"2016-07-01 00:00:00",30.84,2
SU-20665,US-2016-126431,"2016-07-01 00:00:00",75.06,3
SU-20665,US-2016-126431,"2016-07-01 00:00:00",30.53,4
SU-20665,CA-2016-123414,"2016-08-21 00:00:00",9.216,5
SU-20665,CA-2016-123414,"2016-08-21 00:00:00",28.048,6
SU-20665,CA-2016-164490,"2016-09-05 00:00:00",9.248,7
SU-20665,CA-2017-157966,"2017-03-13 00:00:00",19.456,8
SU-20665,CA-2017-157966,"2017-03-13 00:00:00",209.986,9
SU-20665,CA-2017-157966,"2017-03-13 00:00:00",34.36,10
SU-20665,CA-2017-157966,"2017-03-13 00:00:00",89.768,11
SU-20665,CA-2017-157966,"2017-03-13 00:00:00",959.984,12
SU-20665,CA-2017-157966,"2017-03-13 00:00:00",29.76,13
SU-20665,CA-2017-157966,"2017-03-13 00:00:00",15.552,14
SU-20665,CA-2017-111388,"2017-09-02 00:00:00",215.976,15
SU-20665,CA-2017-148922,"2017-12-10 00:00:00",599.97,16
SU-20665,CA-2017-148922,"2017-12-10 00:00:00",45.84,17
SU-20665,CA-2017-148922,"2017-12-10 00:00:00",38.97,18
SV-20365,CA-2014-130092,"2014-01-11 00:00:00",9.94,1
SV-20365,CA-2014-134572,"2014-04-20 00:00:00",744.1,2
SV-20365,CA-2014-134572,"2014-04-20 00:00:00",401.59,3
SV-20365,CA-2014-134572,"2014-04-20 00:00:00",44.84,4
SV-20365,CA-2015-168746,"2015-01-27 00:00:00",431.976,5
SV-20365,CA-2015-168746,"2015-01-27 00:00:00",181.986,6
SV-20365,CA-2015-168746,"2015-01-27 00:00:00",155.37,7
SV-20365,CA-2016-118745,"2016-06-11 00:00:00",902.712,8
SV-20365,CA-2016-157511,"2016-09-18 00:00:00",2.672,9
SV-20365,CA-2016-157511,"2016-09-18 00:00:00",99.372,10
SV-20365,CA-2016-157511,"2016-09-18 00:00:00",5.352,11
SV-20365,US-2016-136581,"2016-11-10 00:00:00",31.104,12
SV-20365,US-2017-165358,"2017-07-18 00:00:00",9.184,13
SV-20365,US-2017-165358,"2017-07-18 00:00:00",198.744,14
SV-20365,US-2017-165358,"2017-07-18 00:00:00",599.97,15
SV-20365,CA-2017-161200,"2017-08-06 00:00:00",15.4,16
SV-20365,CA-2017-161200,"2017-08-06 00:00:00",145.74,17
SV-20365,CA-2017-159793,"2017-08-25 00:00:00",130.98,18
SV-20365,CA-2017-100111,"2017-09-20 00:00:00",4.36,19
SV-20365,CA-2017-100111,"2017-09-20 00:00:00",2254.41,20
SV-20365,CA-2017-100111,"2017-09-20 00:00:00",104.85,21
SV-20365,CA-2017-100111,"2017-09-20 00:00:00",59.97,22
SV-20365,CA-2017-100111,"2017-09-20 00:00:00",11.784,23
SV-20365,CA-2017-100111,"2017-09-20 00:00:00",13.76,24
SV-20365,CA-2017-100111,"2017-09-20 00:00:00",45.4,25
SV-20365,CA-2017-100111,"2017-09-20 00:00:00",1299.66,26
SV-20365,CA-2017-100111,"2017-09-20 00:00:00",80.991,27
SV-20365,CA-2017-100111,"2017-09-20 00:00:00",72.64,28
SV-20365,CA-2017-100111,"2017-09-20 00:00:00",272.646,29
SV-20365,CA-2017-100111,"2017-09-20 00:00:00",38.52,30
SV-20365,CA-2017-100111,"2017-09-20 00:00:00",212.8,31
SV-20365,CA-2017-100111,"2017-09-20 00:00:00",2888.127,32
SV-20785,US-2014-158365,"2014-04-12 00:00:00",32.4,1
SV-20785,CA-2014-100895,"2014-06-02 00:00:00",356.94,2
SV-20785,CA-2014-100895,"2014-06-02 00:00:00",8.56,3
SV-20785,CA-2014-100895,"2014-06-02 00:00:00",239.97,4
SV-20785,CA-2014-169257,"2014-06-06 00:00:00",1.365,5
SV-20785,CA-2014-169257,"2014-06-06 00:00:00",62.016,6
SV-20785,US-2014-160780,"2014-06-21 00:00:00",11.088,7
SV-20785,US-2014-160780,"2014-06-21 00:00:00",25.164,8
SV-20785,CA-2015-112130,"2015-05-03 00:00:00",59.904,9
SV-20785,CA-2015-112130,"2015-05-03 00:00:00",18.2,10
SV-20785,CA-2015-112130,"2015-05-03 00:00:00",7.968,11
SV-20785,CA-2015-112130,"2015-05-03 00:00:00",23.696,12
SV-20785,CA-2015-112130,"2015-05-03 00:00:00",76.752,13
SV-20785,CA-2015-112130,"2015-05-03 00:00:00",844.116,14
SV-20785,CA-2015-112130,"2015-05-03 00:00:00",27.552,15
SV-20785,CA-2015-149097,"2015-10-20 00:00:00",74.76,16
SV-20785,CA-2015-149097,"2015-10-20 00:00:00",364.776,17
SV-20785,CA-2015-162887,"2015-11-07 00:00:00",715.2,18
SV-20785,CA-2016-148852,"2016-05-26 00:00:00",5.94,19
SV-20785,CA-2016-148852,"2016-05-26 00:00:00",45.36,20
SV-20785,CA-2016-148852,"2016-05-26 00:00:00",211.168,21
SV-20785,CA-2016-148852,"2016-05-26 00:00:00",484.704,22
SV-20785,CA-2016-148852,"2016-05-26 00:00:00",371.976,23
SV-20785,CA-2017-151176,"2017-02-13 00:00:00",25.02,24
SV-20785,CA-2017-151176,"2017-02-13 00:00:00",10.71,25
SV-20815,CA-2015-146290,"2015-05-04 00:00:00",125.93,1
SV-20815,CA-2015-126697,"2015-09-21 00:00:00",946.344,2
SV-20815,CA-2015-126697,"2015-09-21 00:00:00",151.2,3
SV-20815,CA-2015-126697,"2015-09-21 00:00:00",4.928,4
SV-20815,CA-2016-160598,"2016-08-26 00:00:00",31.008,5
SV-20815,CA-2017-100237,"2017-10-15 00:00:00",11.68,6
SV-20935,CA-2016-136371,"2016-03-19 00:00:00",14.98,1
SV-20935,CA-2016-136371,"2016-03-19 00:00:00",20.32,2
SV-20935,CA-2016-124681,"2016-07-18 00:00:00",15.576,3
SV-20935,CA-2016-133669,"2016-10-21 00:00:00",235.152,4
SV-20935,CA-2017-116953,"2017-04-24 00:00:00",552,5
SV-20935,CA-2017-116225,"2017-11-05 00:00:00",390.75,6
SV-20935,CA-2017-147767,"2017-12-02 00:00:00",67.86,7
SV-20935,US-2017-147669,"2017-12-25 00:00:00",273.06,8
SV-20935,US-2017-147669,"2017-12-25 00:00:00",13.023,9
SV-20935,US-2017-147669,"2017-12-25 00:00:00",158.928,10
SV-20935,US-2017-147669,"2017-12-25 00:00:00",39.312,11
SV-20935,CA-2017-122798,"2017-12-28 00:00:00",4.28,12
SV-20935,CA-2017-122798,"2017-12-28 00:00:00",118.25,13
SW-20245,CA-2014-142965,"2014-07-20 00:00:00",27.36,1
SW-20245,CA-2014-142965,"2014-07-20 00:00:00",25.984,2
SW-20245,CA-2015-100657,"2015-11-02 00:00:00",109.764,3
SW-20245,CA-2015-101091,"2015-12-05 00:00:00",47.984,4
SW-20245,CA-2015-101091,"2015-12-05 00:00:00",26.064,5
SW-20245,US-2016-119270,"2016-03-12 00:00:00",19.98,6
SW-20245,CA-2016-130267,"2016-09-19 00:00:00",159.88,7
SW-20245,US-2017-134642,"2017-02-25 00:00:00",231.92,8
SW-20245,US-2017-134642,"2017-02-25 00:00:00",196.784,9
SW-20245,CA-2017-111717,"2017-10-10 00:00:00",239.358,10
SW-20275,US-2014-100279,"2014-03-10 00:00:00",22.38,1
SW-20275,CA-2016-127761,"2016-11-10 00:00:00",3.64,2
SW-20275,CA-2016-127761,"2016-11-10 00:00:00",881.93,3
SW-20275,CA-2017-148145,"2017-03-18 00:00:00",46.2,4
SW-20275,CA-2017-137022,"2017-11-16 00:00:00",811.28,5
SW-20275,CA-2017-107874,"2017-11-21 00:00:00",27.42,6
SW-20275,CA-2017-119305,"2017-11-30 00:00:00",173.8,7
SW-20350,CA-2016-128517,"2016-04-09 00:00:00",517.9,1
SW-20350,CA-2016-128517,"2016-04-09 00:00:00",5.28,2
SW-20350,US-2016-133508,"2016-04-17 00:00:00",29.05,3
SW-20350,US-2017-160465,"2017-07-21 00:00:00",222.32,4
SW-20350,US-2017-160465,"2017-07-21 00:00:00",33.93,5
SW-20350,US-2017-160465,"2017-07-21 00:00:00",210.564,6
SW-20455,CA-2015-153423,"2015-06-22 00:00:00",1217.568,1
SW-20455,US-2015-151435,"2015-09-06 00:00:00",85.98,2
SW-20455,CA-2015-154886,"2015-11-08 00:00:00",119.9,3
SW-20455,CA-2015-150560,"2015-12-11 00:00:00",196.62,4
SW-20455,CA-2016-140249,"2016-09-27 00:00:00",1001.584,5
SW-20455,CA-2017-139948,"2017-07-17 00:00:00",7.904,6
SW-20455,CA-2017-145429,"2017-07-21 00:00:00",16.34,7
SW-20455,CA-2017-145429,"2017-07-21 00:00:00",50.352,8
SW-20455,CA-2017-145429,"2017-07-21 00:00:00",225.296,9
SW-20755,CA-2014-134726,"2014-11-02 00:00:00",52.792,1
SW-20755,CA-2014-134726,"2014-11-02 00:00:00",41.94,2
SW-20755,CA-2016-137050,"2016-07-14 00:00:00",41.86,3
SW-20755,CA-2016-137050,"2016-07-14 00:00:00",14.07,4
SW-20755,CA-2016-137050,"2016-07-14 00:00:00",9.144,5
SW-20755,CA-2016-137050,"2016-07-14 00:00:00",11.21,6
SW-20755,CA-2016-137050,"2016-07-14 00:00:00",579.136,7
SW-20755,CA-2016-137050,"2016-07-14 00:00:00",8.544,8
SZ-20035,CA-2014-105165,"2014-09-07 00:00:00",46.688,1
SZ-20035,CA-2014-105165,"2014-09-07 00:00:00",196.776,2
SZ-20035,CA-2014-105165,"2014-09-07 00:00:00",2.92,3
SZ-20035,CA-2014-105165,"2014-09-07 00:00:00",21.864,4
SZ-20035,CA-2014-105165,"2014-09-07 00:00:00",200.795,5
SZ-20035,CA-2014-132227,"2014-11-04 00:00:00",52.064,6
SZ-20035,CA-2015-136105,"2015-06-12 00:00:00",24.56,7
SZ-20035,CA-2015-154284,"2015-12-21 00:00:00",51.756,8
SZ-20035,CA-2015-154284,"2015-12-21 00:00:00",600.53,9
SZ-20035,CA-2015-154284,"2015-12-21 00:00:00",59.904,10
SZ-20035,CA-2015-154284,"2015-12-21 00:00:00",637.44,11
SZ-20035,CA-2016-113096,"2016-09-02 00:00:00",46.53,12
SZ-20035,CA-2016-135965,"2016-09-22 00:00:00",128.34,13
SZ-20035,CA-2017-157273,"2017-01-30 00:00:00",604.768,14
SZ-20035,US-2017-111024,"2017-07-03 00:00:00",32.896,15
SZ-20035,US-2017-111024,"2017-07-03 00:00:00",215.148,16
SZ-20035,US-2017-111024,"2017-07-03 00:00:00",30.96,17
SZ-20035,CA-2017-133249,"2017-07-08 00:00:00",145.9,18
SZ-20035,CA-2017-105144,"2017-11-04 00:00:00",23.68,19
SZ-20035,CA-2017-129000,"2017-11-25 00:00:00",501.81,20
TA-21385,US-2014-119081,"2014-09-12 00:00:00",40.56,1
TA-21385,US-2014-119081,"2014-09-12 00:00:00",57.4,2
TA-21385,US-2014-119081,"2014-09-12 00:00:00",357.93,3
TA-21385,US-2014-119081,"2014-09-12 00:00:00",331.96,4
TA-21385,CA-2016-129847,"2016-09-02 00:00:00",84.272,5
TA-21385,CA-2017-140536,"2017-04-04 00:00:00",7.04,6
TA-21385,CA-2017-127180,"2017-10-22 00:00:00",2399.6,7
TA-21385,CA-2017-127180,"2017-10-22 00:00:00",11199.968,8
TA-21385,CA-2017-127180,"2017-10-22 00:00:00",63.9,9
TA-21385,CA-2017-127180,"2017-10-22 00:00:00",52.99,10
TB-21055,CA-2016-111682,"2016-06-17 00:00:00",1.68,1
TB-21055,CA-2016-111682,"2016-06-17 00:00:00",48.48,2
TB-21055,CA-2016-111682,"2016-06-17 00:00:00",30,3
TB-21055,CA-2016-111682,"2016-06-17 00:00:00",14.56,4
TB-21055,CA-2016-111682,"2016-06-17 00:00:00",32.4,5
TB-21055,CA-2016-111682,"2016-06-17 00:00:00",319.41,6
TB-21055,CA-2016-111682,"2016-06-17 00:00:00",208.56,7
TB-21055,CA-2016-145982,"2016-08-27 00:00:00",81.54,8
TB-21055,CA-2016-145982,"2016-08-27 00:00:00",59.97,9
TB-21055,CA-2016-145982,"2016-08-27 00:00:00",244.615,10
TB-21055,CA-2016-145982,"2016-08-27 00:00:00",11.68,11
TB-21055,CA-2016-145982,"2016-08-27 00:00:00",122.97,12
TB-21055,CA-2016-145982,"2016-08-27 00:00:00",29,13
TB-21055,CA-2017-117156,"2017-03-21 00:00:00",8.856,14
TB-21055,CA-2017-163566,"2017-08-03 00:00:00",16.52,15
TB-21055,CA-2017-145037,"2017-09-02 00:00:00",10.9,16
TB-21055,CA-2017-145037,"2017-09-02 00:00:00",79.92,17
TB-21055,CA-2017-145037,"2017-09-02 00:00:00",146.82,18
TB-21175,CA-2014-104773,"2014-12-08 00:00:00",60.416,1
TB-21175,CA-2016-161473,"2016-04-01 00:00:00",14.352,2
TB-21175,CA-2016-161473,"2016-04-01 00:00:00",10.95,3
TB-21175,CA-2016-161473,"2016-04-01 00:00:00",20.7,4
TB-21175,CA-2016-124254,"2016-04-12 00:00:00",10.272,5
TB-21175,CA-2016-124254,"2016-04-12 00:00:00",51.984,6
TB-21175,CA-2016-124254,"2016-04-12 00:00:00",129.552,7
TB-21175,CA-2017-143567,"2017-11-02 00:00:00",2249.91,8
TB-21175,CA-2017-143567,"2017-11-02 00:00:00",59.92,9
TB-21175,CA-2017-143567,"2017-11-02 00:00:00",975.92,10
TB-21175,CA-2017-143567,"2017-11-02 00:00:00",5.32,11
TB-21190,CA-2014-163447,"2014-12-27 00:00:00",767.214,1
TB-21190,CA-2015-160059,"2015-11-27 00:00:00",6.24,2
TB-21190,CA-2017-162096,"2017-11-10 00:00:00",7.8,3
TB-21190,CA-2017-148985,"2017-11-11 00:00:00",34.92,4
TB-21250,CA-2014-129364,"2014-12-08 00:00:00",27.888,1
TB-21250,CA-2014-129364,"2014-12-08 00:00:00",103.92,2
TB-21250,CA-2014-129364,"2014-12-08 00:00:00",52.68,3
TB-21250,CA-2014-129364,"2014-12-08 00:00:00",13.88,4
TB-21250,CA-2014-129364,"2014-12-08 00:00:00",11.52,5
TB-21250,CA-2014-129364,"2014-12-08 00:00:00",6.456,6
TB-21250,CA-2014-129364,"2014-12-08 00:00:00",10.368,7
TB-21250,CA-2014-129364,"2014-12-08 00:00:00",39.072,8
TB-21250,CA-2015-141040,"2015-10-09 00:00:00",23.92,9
TB-21250,CA-2015-141040,"2015-10-09 00:00:00",631.96,10
TB-21250,CA-2015-117898,"2015-12-05 00:00:00",12.224,11
TB-21250,US-2016-166660,"2016-01-30 00:00:00",435.168,12
TB-21250,US-2016-166660,"2016-01-30 00:00:00",48.58,13
TB-21250,CA-2016-162614,"2016-10-07 00:00:00",27.264,14
TB-21250,US-2016-112970,"2016-11-14 00:00:00",9.84,15
TB-21250,US-2017-104661,"2017-01-15 00:00:00",47.984,16
TB-21250,US-2017-104661,"2017-01-15 00:00:00",32.784,17
TB-21250,US-2017-104661,"2017-01-15 00:00:00",4.276,18
TB-21250,US-2017-104661,"2017-01-15 00:00:00",62.592,19
TB-21280,CA-2014-130624,"2014-06-21 00:00:00",59.7,1
TB-21280,CA-2014-130624,"2014-06-21 00:00:00",617.97,2
TB-21280,CA-2014-130624,"2014-06-21 00:00:00",19.65,3
TB-21280,CA-2014-133389,"2014-06-22 00:00:00",8.226,4
TB-21280,CA-2014-131527,"2014-12-01 00:00:00",95.968,5
TB-21280,US-2016-155180,"2016-01-22 00:00:00",26.336,6
TB-21280,CA-2016-134887,"2016-03-25 00:00:00",1287.45,7
TB-21280,CA-2016-157266,"2016-05-26 00:00:00",12.7,8
TB-21280,CA-2016-157266,"2016-05-26 00:00:00",9.64,9
TB-21280,CA-2016-157266,"2016-05-26 00:00:00",19.44,10
TB-21280,CA-2016-157266,"2016-05-26 00:00:00",41.37,11
TB-21355,CA-2016-153346,"2016-01-25 00:00:00",9.21,1
TB-21355,CA-2016-153346,"2016-01-25 00:00:00",18,2
TB-21355,CA-2016-117919,"2016-08-27 00:00:00",14.16,3
TB-21355,CA-2016-117919,"2016-08-27 00:00:00",79.92,4
TB-21355,CA-2016-154711,"2016-11-22 00:00:00",39.88,5
TB-21355,CA-2016-154711,"2016-11-22 00:00:00",20.82,6
TB-21355,CA-2016-154711,"2016-11-22 00:00:00",12.192,7
TB-21355,CA-2017-159464,"2017-05-18 00:00:00",17.24,8
TB-21355,CA-2017-159464,"2017-05-18 00:00:00",113.94,9
TB-21355,CA-2017-159464,"2017-05-18 00:00:00",55.98,10
TB-21355,CA-2017-159464,"2017-05-18 00:00:00",302.94,11
TB-21355,CA-2017-159464,"2017-05-18 00:00:00",34.75,12
TB-21355,CA-2017-136609,"2017-08-06 00:00:00",115.296,13
TB-21400,CA-2014-110422,"2014-01-21 00:00:00",25.248,1
TB-21400,CA-2014-111059,"2014-02-03 00:00:00",13.272,2
TB-21400,CA-2014-111059,"2014-02-03 00:00:00",83.84,3
TB-21400,CA-2014-131002,"2014-09-07 00:00:00",42.81,4
TB-21400,CA-2014-131002,"2014-09-07 00:00:00",821.88,5
TB-21400,CA-2014-131002,"2014-09-07 00:00:00",12.96,6
TB-21400,CA-2014-131002,"2014-09-07 00:00:00",57.69,7
TB-21400,CA-2014-131002,"2014-09-07 00:00:00",104.85,8
TB-21400,CA-2014-145541,"2014-12-14 00:00:00",6999.96,9
TB-21400,CA-2016-164735,"2016-04-14 00:00:00",81.2,10
TB-21400,US-2017-120147,"2017-03-30 00:00:00",6.08,11
TB-21400,US-2017-120147,"2017-03-30 00:00:00",164.792,12
TB-21400,CA-2017-134565,"2017-06-11 00:00:00",174.42,13
TB-21400,CA-2017-134565,"2017-06-11 00:00:00",18.288,14
TB-21400,CA-2017-134565,"2017-06-11 00:00:00",37.94,15
TB-21400,CA-2017-134565,"2017-06-11 00:00:00",102.96,16
TB-21400,CA-2017-134565,"2017-06-11 00:00:00",385.8,17
TB-21520,CA-2014-124394,"2014-10-17 00:00:00",119.976,1
TB-21520,CA-2014-124394,"2014-10-17 00:00:00",10.78,2
TB-21520,CA-2014-142587,"2014-10-21 00:00:00",121.792,3
TB-21520,CA-2014-142587,"2014-10-21 00:00:00",409.59,4
TB-21520,CA-2014-168473,"2014-12-26 00:00:00",191.88,5
TB-21520,US-2015-150630,"2015-09-17 00:00:00",9.618,6
TB-21520,US-2015-150630,"2015-09-17 00:00:00",3083.43,7
TB-21520,US-2015-150630,"2015-09-17 00:00:00",15.76,8
TB-21520,US-2015-150630,"2015-09-17 00:00:00",86.304,9
TB-21520,US-2015-150630,"2015-09-17 00:00:00",124.2,10
TB-21520,US-2015-150630,"2015-09-17 00:00:00",6.858,11
TB-21520,US-2015-150630,"2015-09-17 00:00:00",3.264,12
TB-21520,CA-2015-130883,"2015-09-26 00:00:00",239.8,13
TB-21520,CA-2015-130883,"2015-09-26 00:00:00",141.76,14
TB-21520,CA-2015-130883,"2015-09-26 00:00:00",31.104,15
TB-21520,CA-2015-131128,"2015-10-19 00:00:00",34.44,16
TB-21520,CA-2016-117912,"2016-02-04 00:00:00",14.368,17
TB-21520,CA-2017-133718,"2017-07-23 00:00:00",15.192,18
TB-21520,CA-2017-133718,"2017-07-23 00:00:00",58.32,19
TB-21520,CA-2017-114440,"2017-09-14 00:00:00",19.05,20
TB-21595,US-2014-165589,"2014-02-18 00:00:00",25.16,1
TB-21595,US-2014-139640,"2014-11-07 00:00:00",25.92,2
TB-21595,US-2014-139640,"2014-11-07 00:00:00",120.768,3
TB-21595,CA-2016-127236,"2016-03-29 00:00:00",299.975,4
TB-21595,CA-2016-127236,"2016-03-29 00:00:00",158.376,5
TB-21595,CA-2016-156300,"2016-12-29 00:00:00",754.45,6
TB-21595,CA-2017-154214,"2017-03-20 00:00:00",2.91,7
TB-21625,CA-2014-137575,"2014-08-06 00:00:00",199.98,1
TB-21625,CA-2015-149601,"2015-05-28 00:00:00",16.24,2
TB-21625,CA-2015-149601,"2015-05-28 00:00:00",77.55,3
TB-21625,CA-2015-152891,"2015-10-25 00:00:00",253.176,4
TB-21625,CA-2015-152891,"2015-10-25 00:00:00",60.45,5
TB-21625,CA-2015-156377,"2015-12-31 00:00:00",14.76,6
TB-21625,CA-2015-156377,"2015-12-31 00:00:00",3.656,7
TB-21625,CA-2016-111696,"2016-05-08 00:00:00",17.94,8
TB-21625,CA-2016-153157,"2016-09-11 00:00:00",224.75,9
TB-21625,CA-2017-120168,"2017-05-25 00:00:00",3.29,10
TB-21625,CA-2017-120168,"2017-05-25 00:00:00",663.92,11
TB-21625,CA-2017-120168,"2017-05-25 00:00:00",120,12
TB-21625,CA-2017-120168,"2017-05-25 00:00:00",18.84,13
TB-21625,US-2017-116505,"2017-11-17 00:00:00",43.8,14
TB-21625,US-2017-165456,"2017-11-30 00:00:00",1079.316,15
TC-20980,CA-2014-123498,"2014-11-07 00:00:00",74.352,1
TC-20980,CA-2014-123498,"2014-11-07 00:00:00",26.046,2
TC-20980,CA-2014-153087,"2014-12-27 00:00:00",23.92,3
TC-20980,CA-2014-153087,"2014-12-27 00:00:00",498,4
TC-20980,CA-2015-156013,"2015-09-20 00:00:00",61.4,5
TC-20980,CA-2015-156013,"2015-09-20 00:00:00",24.448,6
TC-20980,CA-2016-118689,"2016-10-02 00:00:00",34.37,7
TC-20980,CA-2016-118689,"2016-10-02 00:00:00",33.96,8
TC-20980,CA-2016-118689,"2016-10-02 00:00:00",32.48,9
TC-20980,CA-2016-118689,"2016-10-02 00:00:00",17499.95,10
TC-20980,CA-2016-118689,"2016-10-02 00:00:00",735.98,11
TC-20980,CA-2016-129693,"2016-11-26 00:00:00",7.312,12
TC-21145,CA-2017-124205,"2017-09-15 00:00:00",47.4,1
TC-21145,CA-2017-124205,"2017-09-15 00:00:00",81.96,2
TC-21145,CA-2017-124205,"2017-09-15 00:00:00",512.96,3
TC-21145,CA-2017-124205,"2017-09-15 00:00:00",395.94,4
TC-21295,CA-2014-151330,"2014-10-14 00:00:00",1628.82,1
TC-21295,CA-2014-151330,"2014-10-14 00:00:00",79.45,2
TC-21295,CA-2014-151330,"2014-10-14 00:00:00",177,3
TC-21295,CA-2014-140816,"2014-12-20 00:00:00",447.944,4
TC-21295,CA-2016-147368,"2016-06-09 00:00:00",695.7,5
TC-21295,CA-2017-167668,"2017-05-06 00:00:00",59.2,6
TC-21295,CA-2017-121048,"2017-07-14 00:00:00",4.96,7
TC-21295,CA-2017-121048,"2017-07-14 00:00:00",276.69,8
TC-21295,CA-2017-121048,"2017-07-14 00:00:00",4.448,9
TC-21295,CA-2017-121048,"2017-07-14 00:00:00",140.97,10
TC-21295,CA-2017-121048,"2017-07-14 00:00:00",470.376,11
TC-21295,CA-2017-121048,"2017-07-14 00:00:00",71.92,12
TC-21295,CA-2017-121048,"2017-07-14 00:00:00",18.84,13
TC-21295,US-2017-153633,"2017-11-13 00:00:00",2.064,14
TC-21295,CA-2017-142489,"2017-11-14 00:00:00",21.99,15
TC-21295,CA-2017-136875,"2017-12-03 00:00:00",166.44,16
TC-21475,US-2014-112200,"2014-11-22 00:00:00",9.98,1
TC-21475,CA-2015-151841,"2015-04-27 00:00:00",43.56,2
TC-21475,CA-2015-151841,"2015-04-27 00:00:00",5.84,3
TC-21475,CA-2015-151680,"2015-11-19 00:00:00",141.96,4
TC-21475,US-2016-141880,"2016-08-22 00:00:00",98.328,5
TC-21475,CA-2016-140564,"2016-12-05 00:00:00",33.92,6
TC-21475,CA-2016-100307,"2016-12-15 00:00:00",19.44,7
TC-21475,CA-2017-121419,"2017-04-02 00:00:00",411.8,8
TC-21475,CA-2017-121419,"2017-04-02 00:00:00",360,9
TC-21475,US-2017-144582,"2017-04-30 00:00:00",43.372,10
TC-21475,CA-2017-155740,"2017-07-30 00:00:00",76.776,11
TC-21535,CA-2014-153619,"2014-11-03 00:00:00",6.72,1
TC-21535,US-2015-142020,"2015-06-04 00:00:00",35.28,2
TC-21535,US-2015-142020,"2015-06-04 00:00:00",30.44,3
TC-21535,CA-2015-115847,"2015-09-19 00:00:00",61.96,4
TC-21535,CA-2016-157217,"2016-07-19 00:00:00",35.984,5
TC-21535,CA-2016-157217,"2016-07-19 00:00:00",389.97,6
TC-21535,CA-2016-166226,"2016-11-18 00:00:00",67.84,7
TC-21535,CA-2016-166226,"2016-11-18 00:00:00",61.192,8
TC-21535,CA-2017-142328,"2017-12-07 00:00:00",50.04,9
TC-21535,CA-2017-112487,"2017-12-26 00:00:00",3.132,10
TD-20995,CA-2014-130155,"2014-05-19 00:00:00",34.2,1
TD-20995,CA-2015-114468,"2015-08-23 00:00:00",31.68,2
TD-20995,CA-2015-114468,"2015-08-23 00:00:00",10.368,3
TD-20995,CA-2015-114468,"2015-08-23 00:00:00",12.032,4
TD-20995,CA-2015-114468,"2015-08-23 00:00:00",5.768,5
TD-20995,US-2016-167339,"2016-01-21 00:00:00",153.568,6
TD-20995,US-2016-167339,"2016-01-21 00:00:00",1013.488,7
TD-20995,CA-2017-104010,"2017-04-23 00:00:00",54.9,8
TD-20995,CA-2017-111178,"2017-06-15 00:00:00",19.56,9
TD-20995,CA-2017-134306,"2017-07-08 00:00:00",12.96,10
TD-20995,CA-2017-134306,"2017-07-08 00:00:00",24.56,11
TD-20995,CA-2017-134306,"2017-07-08 00:00:00",7.56,12
TD-20995,US-2017-100209,"2017-07-09 00:00:00",1.08,13
TD-20995,CA-2017-150959,"2017-11-11 00:00:00",18.336,14
TD-20995,CA-2017-150959,"2017-11-11 00:00:00",10.44,15
TD-20995,CA-2017-103156,"2017-11-23 00:00:00",24.048,16
TG-21310,CA-2015-110345,"2015-03-09 00:00:00",4.608,1
TG-21310,CA-2015-143364,"2015-07-14 00:00:00",441.92,2
TG-21310,CA-2015-143364,"2015-07-14 00:00:00",127.764,3
TG-21310,CA-2015-143364,"2015-07-14 00:00:00",18.496,4
TG-21310,CA-2015-143364,"2015-07-14 00:00:00",272.736,5
TG-21310,CA-2016-166429,"2016-09-02 00:00:00",999.98,6
TG-21310,CA-2016-146633,"2016-11-15 00:00:00",1016.792,7
TG-21310,CA-2016-146633,"2016-11-15 00:00:00",38.136,8
TG-21310,US-2017-104437,"2017-01-27 00:00:00",137.94,9
TG-21640,CA-2014-130428,"2014-03-31 00:00:00",1125.488,1
TG-21640,CA-2014-130428,"2014-03-31 00:00:00",4.032,2
TG-21640,CA-2014-130428,"2014-03-31 00:00:00",12.645,3
TG-21640,CA-2015-141012,"2015-06-09 00:00:00",140.376,4
TG-21640,CA-2015-141012,"2015-06-09 00:00:00",355.36,5
TG-21640,CA-2015-149713,"2015-09-18 00:00:00",7.3,6
TG-21640,CA-2015-149713,"2015-09-18 00:00:00",19.92,7
TG-21640,CA-2015-149713,"2015-09-18 00:00:00",160.72,8
TG-21640,CA-2017-128783,"2017-09-07 00:00:00",135.3,9
TG-21640,CA-2017-128783,"2017-09-07 00:00:00",113.52,10
TH-21100,US-2014-133130,"2014-09-27 00:00:00",81.98,1
TH-21100,US-2014-133130,"2014-09-27 00:00:00",603.92,2
TH-21100,CA-2014-153850,"2014-11-24 00:00:00",1502.376,3
TH-21100,CA-2014-153850,"2014-11-24 00:00:00",35.168,4
TH-21100,CA-2015-133837,"2015-04-13 00:00:00",10.744,5
TH-21100,CA-2016-159765,"2016-05-09 00:00:00",27.86,6
TH-21100,CA-2017-161809,"2017-01-20 00:00:00",160.776,7
TH-21115,CA-2014-148369,"2014-09-23 00:00:00",11.12,1
TH-21115,CA-2016-125087,"2016-04-18 00:00:00",127.88,2
TH-21115,CA-2016-125087,"2016-04-18 00:00:00",1554.936,3
TH-21115,CA-2016-125087,"2016-04-18 00:00:00",344.372,4
TH-21115,CA-2016-152520,"2016-07-08 00:00:00",12.96,5
TH-21115,CA-2017-127782,"2017-11-02 00:00:00",859.2,6
TH-21115,CA-2017-127782,"2017-11-02 00:00:00",8.856,7
TH-21115,CA-2017-127782,"2017-11-02 00:00:00",20.136,8
TH-21115,CA-2017-127782,"2017-11-02 00:00:00",3.312,9
TH-21235,US-2014-134187,"2014-11-04 00:00:00",2.94,1
TH-21235,CA-2014-114517,"2014-12-23 00:00:00",53.316,2
TH-21235,CA-2014-114517,"2014-12-23 00:00:00",56.52,3
TH-21235,CA-2016-108224,"2016-05-14 00:00:00",185.528,4
TH-21235,CA-2016-132409,"2016-05-26 00:00:00",34.848,5
TH-21235,CA-2016-132409,"2016-05-26 00:00:00",1.504,6
TH-21235,CA-2016-152646,"2016-11-21 00:00:00",32.4,7
TH-21235,US-2017-118556,"2017-05-28 00:00:00",106.869,8
TH-21235,US-2017-118556,"2017-05-28 00:00:00",3.564,9
TH-21235,CA-2017-132682,"2017-06-08 00:00:00",23.76,10
TH-21235,CA-2017-132682,"2017-06-08 00:00:00",85.056,11
TH-21235,CA-2017-132682,"2017-06-08 00:00:00",381.576,12
TH-21235,CA-2017-117261,"2017-09-04 00:00:00",54.32,13
TH-21550,CA-2014-113887,"2014-04-05 00:00:00",55.48,1
TH-21550,CA-2015-100769,"2015-05-16 00:00:00",255.968,2
TH-21550,CA-2015-120810,"2015-07-23 00:00:00",128.82,3
TH-21550,CA-2015-120810,"2015-07-23 00:00:00",68.94,4
TH-21550,CA-2015-117800,"2015-09-21 00:00:00",542.94,5
TH-21550,CA-2015-117800,"2015-09-21 00:00:00",589.9,6
TH-21550,CA-2017-133256,"2017-06-26 00:00:00",15.92,7
TH-21550,CA-2017-133256,"2017-06-26 00:00:00",543.92,8
TH-21550,CA-2017-133256,"2017-06-26 00:00:00",4.54,9
TH-21550,CA-2017-112956,"2017-08-21 00:00:00",277.4,10
TH-21550,CA-2017-112956,"2017-08-21 00:00:00",25.16,11
TH-21550,CA-2017-112956,"2017-08-21 00:00:00",91.92,12
TH-21550,US-2017-120390,"2017-10-19 00:00:00",1633.188,13
TM-21010,CA-2014-165540,"2014-02-21 00:00:00",8.85,1
TM-21010,CA-2014-156006,"2014-04-30 00:00:00",47.79,2
TM-21010,CA-2014-154669,"2014-08-08 00:00:00",423.28,3
TM-21010,CA-2015-147788,"2015-05-31 00:00:00",1406.86,4
TM-21010,CA-2015-147788,"2015-05-31 00:00:00",323.1,5
TM-21010,CA-2015-147788,"2015-05-31 00:00:00",15.75,6
TM-21010,CA-2015-102015,"2015-09-12 00:00:00",20.7,7
TM-21010,CA-2015-102015,"2015-09-12 00:00:00",105.98,8
TM-21010,CA-2015-102015,"2015-09-12 00:00:00",28.9,9
TM-21010,CA-2015-102015,"2015-09-12 00:00:00",9.26,10
TM-21010,CA-2015-102015,"2015-09-12 00:00:00",27.18,11
TM-21010,CA-2015-102015,"2015-09-12 00:00:00",1.24,12
TM-21010,CA-2017-144589,"2017-01-20 00:00:00",24.2,13
TM-21010,CA-2017-144589,"2017-01-20 00:00:00",359.976,14
TM-21010,CA-2017-160927,"2017-01-29 00:00:00",14.91,15
TM-21010,CA-2017-160927,"2017-01-29 00:00:00",13.48,16
TM-21010,CA-2017-160927,"2017-01-29 00:00:00",12.96,17
TM-21010,CA-2017-160927,"2017-01-29 00:00:00",94.85,18
TM-21010,CA-2017-134439,"2017-09-18 00:00:00",15.96,19
TM-21490,CA-2017-113474,"2017-03-30 00:00:00",325.86,1
TM-21490,CA-2017-108791,"2017-07-27 00:00:00",543.92,2
TM-21490,CA-2017-108791,"2017-07-27 00:00:00",14.89,3
TM-21490,CA-2017-131037,"2017-08-22 00:00:00",210.008,4
TN-21040,CA-2014-140403,"2014-10-10 00:00:00",122.352,1
TN-21040,CA-2014-140403,"2014-10-10 00:00:00",15.28,2
TN-21040,CA-2015-140557,"2015-09-07 00:00:00",559.93,3
TN-21040,CA-2016-109869,"2016-04-22 00:00:00",28.485,4
TN-21040,CA-2016-109869,"2016-04-22 00:00:00",1272.63,5
TN-21040,CA-2016-109869,"2016-04-22 00:00:00",23.56,6
TN-21040,CA-2016-109869,"2016-04-22 00:00:00",78.272,7
TN-21040,CA-2016-109869,"2016-04-22 00:00:00",185.376,8
TN-21040,CA-2016-121377,"2016-05-28 00:00:00",286.4,9
TN-21040,US-2016-109260,"2016-09-26 00:00:00",431.976,10
TN-21040,CA-2016-155446,"2016-12-16 00:00:00",21.21,11
TN-21040,US-2017-139577,"2017-10-01 00:00:00",104.75,12
TP-21130,CA-2015-116841,"2015-04-14 00:00:00",35.208,1
TP-21130,CA-2015-126970,"2015-09-20 00:00:00",2.808,2
TP-21130,CA-2016-120180,"2016-07-14 00:00:00",11.632,3
TP-21130,CA-2016-117408,"2016-08-31 00:00:00",23.968,4
TP-21130,CA-2016-142370,"2016-09-19 00:00:00",5.04,5
TP-21130,CA-2016-142370,"2016-09-19 00:00:00",249.95,6
TP-21130,CA-2016-109722,"2016-12-05 00:00:00",584.82,7
TP-21130,CA-2016-109722,"2016-12-05 00:00:00",699.98,8
TP-21130,CA-2017-119669,"2017-01-24 00:00:00",5.67,9
TP-21130,US-2017-107384,"2017-12-04 00:00:00",142.8,10
TP-21130,US-2017-107384,"2017-12-04 00:00:00",399.95,11
TP-21130,US-2017-107384,"2017-12-04 00:00:00",8.8,12
TP-21130,CA-2017-120376,"2017-12-22 00:00:00",199.95,13
TP-21130,CA-2017-120376,"2017-12-22 00:00:00",84.99,14
TP-21130,CA-2017-120376,"2017-12-22 00:00:00",1586.69,15
TP-21130,CA-2017-120376,"2017-12-22 00:00:00",411.8,16
TP-21415,CA-2015-136196,"2015-11-28 00:00:00",322.59,1
TP-21415,CA-2016-145303,"2016-08-28 00:00:00",156.3728,2
TP-21415,CA-2016-145303,"2016-08-28 00:00:00",13.14,3
TP-21415,CA-2016-145303,"2016-08-28 00:00:00",10.024,4
TP-21415,CA-2017-118773,"2017-02-09 00:00:00",252.784,5
TP-21415,CA-2017-118773,"2017-02-09 00:00:00",127.984,6
TP-21415,CA-2017-118773,"2017-02-09 00:00:00",3.984,7
TP-21415,CA-2017-118773,"2017-02-09 00:00:00",12.992,8
TP-21415,CA-2017-118892,"2017-08-17 00:00:00",4416.174,9
TP-21415,CA-2017-137470,"2017-09-17 00:00:00",12.96,10
TP-21565,CA-2015-104052,"2015-03-01 00:00:00",95.84,1
TP-21565,CA-2016-103919,"2016-10-03 00:00:00",38.08,2
TP-21565,CA-2016-163328,"2016-11-04 00:00:00",17.584,3
TP-21565,CA-2016-163328,"2016-11-04 00:00:00",104.784,4
TP-21565,CA-2016-163328,"2016-11-04 00:00:00",47.952,5
TP-21565,CA-2016-163328,"2016-11-04 00:00:00",650.352,6
TP-21565,CA-2016-163328,"2016-11-04 00:00:00",629.184,7
TP-21565,CA-2016-163328,"2016-11-04 00:00:00",15.176,8
TP-21565,US-2017-106131,"2017-01-14 00:00:00",169.064,9
TP-21565,US-2017-106131,"2017-01-14 00:00:00",168.624,10
TR-21325,CA-2014-131051,"2014-12-01 00:00:00",58.2,1
TR-21325,CA-2016-119515,"2016-08-14 00:00:00",15.552,2
TR-21325,CA-2016-160815,"2016-09-05 00:00:00",278.4,3
TR-21325,CA-2016-110009,"2016-09-08 00:00:00",43.13,4
TR-21325,CA-2016-110009,"2016-09-08 00:00:00",30.87,5
TR-21325,CA-2017-101434,"2017-06-20 00:00:00",239.97,6
TR-21325,CA-2017-101434,"2017-06-20 00:00:00",9.82,7
TS-21085,US-2015-160150,"2015-07-19 00:00:00",2.025,1
TS-21085,US-2017-168690,"2017-01-07 00:00:00",2.808,2
TS-21160,US-2014-112564,"2014-04-23 00:00:00",2.502,1
TS-21160,CA-2015-161263,"2015-04-16 00:00:00",1.448,2
TS-21160,CA-2015-161263,"2015-04-16 00:00:00",55.47,3
TS-21160,CA-2015-161263,"2015-04-16 00:00:00",118.782,4
TS-21160,CA-2015-161263,"2015-04-16 00:00:00",7.872,5
TS-21160,CA-2015-161263,"2015-04-16 00:00:00",10.416,6
TS-21160,CA-2015-161263,"2015-04-16 00:00:00",45.216,7
TS-21160,CA-2015-149342,"2015-04-20 00:00:00",12.96,8
TS-21160,CA-2015-149342,"2015-04-20 00:00:00",595.38,9
TS-21160,CA-2015-149342,"2015-04-20 00:00:00",287.97,10
TS-21160,CA-2016-120005,"2016-03-03 00:00:00",25.35,11
TS-21160,CA-2016-120005,"2016-03-03 00:00:00",35.28,12
TS-21160,US-2016-152051,"2016-06-25 00:00:00",254.352,13
TS-21160,US-2016-152051,"2016-06-25 00:00:00",38.088,14
TS-21160,US-2016-152051,"2016-06-25 00:00:00",422.058,15
TS-21160,CA-2016-156251,"2016-08-13 00:00:00",8.52,16
TS-21160,CA-2016-156251,"2016-08-13 00:00:00",241.96,17
TS-21205,US-2014-107405,"2014-03-21 00:00:00",16.272,1
TS-21205,CA-2014-160262,"2014-06-09 00:00:00",37.4,2
TS-21205,CA-2014-160262,"2014-06-09 00:00:00",79.14,3
TS-21205,CA-2014-160262,"2014-06-09 00:00:00",18.06,4
TS-21205,CA-2014-120887,"2014-09-27 00:00:00",87.54,5
TS-21205,CA-2014-140662,"2014-11-17 00:00:00",241.44,6
TS-21205,CA-2014-140662,"2014-11-17 00:00:00",733.95,7
TS-21205,CA-2014-140662,"2014-11-17 00:00:00",99.98,8
TS-21205,CA-2014-169649,"2014-12-09 00:00:00",8.448,9
TS-21205,CA-2014-169649,"2014-12-09 00:00:00",20.388,10
TS-21205,CA-2016-155978,"2016-08-01 00:00:00",1039.728,11
TS-21205,CA-2016-155978,"2016-08-01 00:00:00",45.96,12
TS-21205,CA-2017-119284,"2017-06-15 00:00:00",239.976,13
TS-21205,CA-2017-119284,"2017-06-15 00:00:00",31.168,14
TS-21205,CA-2017-119284,"2017-06-15 00:00:00",2239.936,15
TS-21205,CA-2017-119284,"2017-06-15 00:00:00",76.608,16
TS-21205,CA-2017-119284,"2017-06-15 00:00:00",142.776,17
TS-21205,CA-2017-119284,"2017-06-15 00:00:00",91.36,18
TS-21205,CA-2017-119284,"2017-06-15 00:00:00",120.96,19
TS-21340,CA-2014-146591,"2014-01-19 00:00:00",181.47,1
TS-21340,CA-2014-146591,"2014-01-19 00:00:00",108.72,2
TS-21340,CA-2014-146591,"2014-01-19 00:00:00",32.34,3
TS-21340,CA-2014-146591,"2014-01-19 00:00:00",56.064,4
TS-21340,CA-2014-140032,"2014-09-08 00:00:00",8.608,5
TS-21340,CA-2015-146829,"2015-03-10 00:00:00",1.112,6
TS-21340,CA-2015-153416,"2015-11-24 00:00:00",454.86,7
TS-21340,CA-2015-153416,"2015-11-24 00:00:00",3.168,8
TS-21340,CA-2015-153416,"2015-11-24 00:00:00",19.44,9
TS-21340,CA-2015-153416,"2015-11-24 00:00:00",91.392,10
TS-21340,CA-2017-117863,"2017-05-18 00:00:00",3.048,11
TS-21340,CA-2017-117863,"2017-05-18 00:00:00",14.56,12
TS-21370,CA-2014-101931,"2014-10-28 00:00:00",141.4,1
TS-21370,CA-2014-101931,"2014-10-28 00:00:00",616.998,2
TS-21370,CA-2014-101931,"2014-10-28 00:00:00",6.28,3
TS-21370,CA-2014-101931,"2014-10-28 00:00:00",480.74,4
TS-21370,CA-2014-101931,"2014-10-28 00:00:00",7.184,5
TS-21370,CA-2015-136469,"2015-07-11 00:00:00",199.836,6
TS-21370,CA-2015-136469,"2015-07-11 00:00:00",716,7
TS-21370,CA-2015-136469,"2015-07-11 00:00:00",221.06,8
TS-21370,US-2015-100377,"2015-08-28 00:00:00",2799.96,9
TS-21370,US-2017-139647,"2017-05-11 00:00:00",209.979,10
TS-21370,CA-2017-143112,"2017-10-05 00:00:00",221.382,11
TS-21370,CA-2017-143112,"2017-10-05 00:00:00",87.8,12
TS-21370,CA-2017-143112,"2017-10-05 00:00:00",5199.96,13
TS-21370,CA-2017-166436,"2017-11-24 00:00:00",977.292,14
TS-21370,CA-2017-166436,"2017-11-24 00:00:00",5.88,15
TS-21430,CA-2014-111192,"2014-07-30 00:00:00",1367.84,1
TS-21430,CA-2014-155796,"2014-11-11 00:00:00",521.96,2
TS-21430,CA-2014-155796,"2014-11-11 00:00:00",23.968,3
TS-21430,US-2016-100405,"2016-08-26 00:00:00",8.26,4
TS-21430,CA-2016-128972,"2016-11-13 00:00:00",30.36,5
TS-21430,CA-2017-136623,"2017-07-11 00:00:00",29.8,6
TS-21430,CA-2017-136623,"2017-07-11 00:00:00",71.952,7
TS-21505,CA-2014-134551,"2014-12-20 00:00:00",43.512,1
TS-21505,CA-2014-134551,"2014-12-20 00:00:00",662.88,2
TS-21505,CA-2014-134551,"2014-12-20 00:00:00",25.92,3
TS-21505,CA-2016-113978,"2016-09-25 00:00:00",331.536,4
TS-21505,CA-2016-113978,"2016-09-25 00:00:00",24.224,5
TS-21505,CA-2016-113978,"2016-09-25 00:00:00",286.256,6
TS-21505,CA-2017-106747,"2017-07-03 00:00:00",102.3,7
TS-21505,CA-2017-166856,"2017-09-18 00:00:00",101.34,8
TS-21505,CA-2017-166856,"2017-09-18 00:00:00",10.08,9
TS-21505,CA-2017-152737,"2017-11-07 00:00:00",21.792,10
TS-21505,CA-2017-152737,"2017-11-07 00:00:00",439.8,11
TS-21505,CA-2017-116946,"2017-12-19 00:00:00",13.36,12
TS-21505,CA-2017-116946,"2017-12-19 00:00:00",102.018,13
TS-21505,CA-2017-116946,"2017-12-19 00:00:00",78.256,14
TS-21610,CA-2014-142839,"2014-08-16 00:00:00",853.092,1
TS-21610,CA-2016-110023,"2016-09-09 00:00:00",14.624,2
TS-21610,CA-2016-131093,"2016-09-17 00:00:00",295.4,3
TS-21610,CA-2017-124191,"2017-06-12 00:00:00",8.856,4
TS-21610,CA-2017-105214,"2017-06-16 00:00:00",1212.96,5
TS-21610,CA-2017-105214,"2017-06-16 00:00:00",18.54,6
TS-21610,CA-2017-163160,"2017-10-13 00:00:00",63.312,7
TS-21610,CA-2017-163160,"2017-10-13 00:00:00",96.784,8
TS-21610,CA-2017-163160,"2017-10-13 00:00:00",10.476,9
TS-21610,US-2017-107272,"2017-11-05 00:00:00",2.388,10
TS-21610,US-2017-107272,"2017-11-05 00:00:00",243.992,11
TS-21655,CA-2015-137064,"2015-02-06 00:00:00",670.752,1
TS-21655,CA-2015-137064,"2015-02-06 00:00:00",18.528,2
TS-21655,CA-2015-137064,"2015-02-06 00:00:00",2.934,3
TS-21655,CA-2015-153878,"2015-04-25 00:00:00",272.4,4
TS-21655,CA-2015-153878,"2015-04-25 00:00:00",57.75,5
TS-21655,CA-2016-148684,"2016-12-25 00:00:00",106.32,6
TS-21655,CA-2016-148684,"2016-12-25 00:00:00",343.85,7
TS-21655,CA-2016-148684,"2016-12-25 00:00:00",19.89,8
TS-21655,CA-2016-148684,"2016-12-25 00:00:00",399.98,9
TS-21655,CA-2017-147207,"2017-01-02 00:00:00",372.144,10
TS-21655,CA-2017-147207,"2017-01-02 00:00:00",913.43,11
TS-21655,CA-2017-147207,"2017-01-02 00:00:00",5.432,12
TS-21655,CA-2017-147207,"2017-01-02 00:00:00",31.744,13
TS-21655,CA-2017-133487,"2017-05-06 00:00:00",152.94,14
TT-21070,CA-2014-164224,"2014-05-18 00:00:00",15.936,1
TT-21070,CA-2014-164224,"2014-05-18 00:00:00",149.232,2
TT-21070,CA-2014-128839,"2014-09-08 00:00:00",209.97,3
TT-21070,CA-2014-128839,"2014-09-08 00:00:00",45,4
TT-21070,CA-2015-116876,"2015-02-14 00:00:00",26.424,5
TT-21070,CA-2015-116876,"2015-02-14 00:00:00",625.99,6
TT-21070,CA-2015-119942,"2015-04-05 00:00:00",23.904,7
TT-21070,CA-2016-162733,"2016-05-11 00:00:00",5.98,8
TT-21070,CA-2017-122490,"2017-11-13 00:00:00",2404.704,9
TT-21070,CA-2017-122490,"2017-11-13 00:00:00",563.024,10
TT-21070,CA-2017-122490,"2017-11-13 00:00:00",344.91,11
TT-21070,CA-2017-122490,"2017-11-13 00:00:00",8.64,12
TT-21070,CA-2017-108035,"2017-11-29 00:00:00",101.52,13
TT-21070,CA-2017-108035,"2017-11-29 00:00:00",390.368,14
TT-21220,CA-2014-163650,"2014-09-23 00:00:00",9.84,1
TT-21220,CA-2014-163650,"2014-09-23 00:00:00",34.5,2
TT-21220,CA-2015-124541,"2015-04-06 00:00:00",9.648,3
TT-21220,CA-2015-124541,"2015-04-06 00:00:00",7.968,4
TT-21220,CA-2015-124541,"2015-04-06 00:00:00",25.488,5
TT-21220,CA-2015-124541,"2015-04-06 00:00:00",42.048,6
TT-21220,CA-2015-124541,"2015-04-06 00:00:00",6.9,7
TT-21220,CA-2015-168564,"2015-08-08 00:00:00",7.28,8
TT-21220,CA-2015-168564,"2015-08-08 00:00:00",144.784,9
TT-21220,CA-2015-168564,"2015-08-08 00:00:00",6.608,10
TT-21220,CA-2015-132318,"2015-10-30 00:00:00",182.91,11
TT-21220,CA-2016-152408,"2016-05-15 00:00:00",13.776,12
TT-21220,CA-2016-146766,"2016-11-04 00:00:00",192.8,13
TT-21220,CA-2017-162075,"2017-03-18 00:00:00",537.544,14
TT-21220,US-2017-113201,"2017-06-30 00:00:00",204.95,15
TT-21265,CA-2015-162369,"2015-08-15 00:00:00",323.1,1
TT-21265,CA-2016-134376,"2016-10-02 00:00:00",61.44,2
TT-21265,CA-2016-111143,"2016-11-19 00:00:00",54.96,3
TT-21460,CA-2015-135622,"2015-12-08 00:00:00",1718.4,1
TT-21460,CA-2015-135622,"2015-12-08 00:00:00",360.712,2
TT-21460,CA-2016-109057,"2016-04-22 00:00:00",23.952,3
TT-21460,CA-2017-160934,"2017-01-15 00:00:00",21.4,4
TT-21460,US-2017-119816,"2017-03-04 00:00:00",103.5,5
TT-21460,US-2017-119816,"2017-03-04 00:00:00",8.72,6
TT-21460,US-2017-119816,"2017-03-04 00:00:00",2.464,7
TT-21460,US-2017-114356,"2017-08-20 00:00:00",35.96,8
TT-21460,CA-2017-141439,"2017-11-26 00:00:00",828.6,9
TT-21460,CA-2017-141439,"2017-11-26 00:00:00",257.94,10
TT-21460,CA-2017-141439,"2017-11-26 00:00:00",1879.96,11
TT-21460,CA-2017-141439,"2017-11-26 00:00:00",27.46,12
TT-21460,CA-2017-141439,"2017-11-26 00:00:00",89.98,13
TT-21460,CA-2017-158736,"2017-12-18 00:00:00",5.76,14
TW-21025,CA-2014-101364,"2014-12-22 00:00:00",296.712,1
TW-21025,CA-2015-135510,"2015-09-05 00:00:00",67.96,2
TW-21025,CA-2015-137113,"2015-12-01 00:00:00",114.2,3
TW-21025,CA-2015-137113,"2015-12-01 00:00:00",2003.92,4
TW-21025,CA-2015-137113,"2015-12-01 00:00:00",146.73,5
TW-21025,CA-2015-137113,"2015-12-01 00:00:00",1913.4,6
TW-21025,CA-2015-137113,"2015-12-01 00:00:00",32.4,7
TW-21025,CA-2016-158834,"2016-03-13 00:00:00",157.92,8
TW-21025,CA-2016-158834,"2016-03-13 00:00:00",203.184,9
TW-21025,CA-2017-104850,"2017-06-13 00:00:00",291.136,10
TW-21025,US-2017-127719,"2017-07-21 00:00:00",6.48,11
TW-21025,CA-2017-134880,"2017-10-27 00:00:00",44.784,12
TZ-21580,CA-2014-163419,"2014-11-11 00:00:00",603.92,1
TZ-21580,CA-2014-163419,"2014-11-11 00:00:00",559.984,2
TZ-21580,CA-2014-163419,"2014-11-11 00:00:00",3.392,3
TZ-21580,CA-2015-119508,"2015-12-04 00:00:00",25.08,4
TZ-21580,CA-2015-119508,"2015-12-04 00:00:00",16.9,5
TZ-21580,US-2016-143280,"2016-02-22 00:00:00",445.96,6
TZ-21580,US-2016-143280,"2016-02-22 00:00:00",36.24,7
TZ-21580,US-2016-143280,"2016-02-22 00:00:00",10.65,8
TZ-21580,CA-2017-101665,"2017-11-25 00:00:00",5.16,9
VB-21745,CA-2015-121132,"2015-07-17 00:00:00",14.432,1
VB-21745,CA-2015-121132,"2015-07-17 00:00:00",6.264,2
VB-21745,CA-2015-111395,"2015-11-23 00:00:00",27.056,3
VB-21745,CA-2015-111395,"2015-11-23 00:00:00",23.912,4
VB-21745,CA-2015-111395,"2015-11-23 00:00:00",335.52,5
VB-21745,CA-2016-120369,"2016-10-28 00:00:00",756.8,6
VB-21745,CA-2016-162313,"2016-11-27 00:00:00",167.292,7
VB-21745,CA-2017-155698,"2017-03-08 00:00:00",647.84,8
VB-21745,CA-2017-155698,"2017-03-08 00:00:00",20.7,9
VB-21745,CA-2017-154816,"2017-11-06 00:00:00",5.78,10
VD-21670,CA-2014-126361,"2014-08-04 00:00:00",447.84,1
VD-21670,CA-2014-126361,"2014-08-04 00:00:00",16.4,2
VD-21670,CA-2014-126361,"2014-08-04 00:00:00",399.96,3
VD-21670,CA-2014-126361,"2014-08-04 00:00:00",13.184,4
VD-21670,CA-2014-126361,"2014-08-04 00:00:00",158.9,5
VD-21670,CA-2014-126361,"2014-08-04 00:00:00",1089.75,6
VD-21670,US-2015-145436,"2015-02-28 00:00:00",389.696,7
VD-21670,US-2015-145436,"2015-02-28 00:00:00",161.568,8
VD-21670,CA-2015-166583,"2015-06-26 00:00:00",971.88,9
VD-21670,CA-2015-113145,"2015-11-01 00:00:00",259.7,10
VD-21670,CA-2015-113145,"2015-11-01 00:00:00",42.95,11
VD-21670,CA-2015-113145,"2015-11-01 00:00:00",503.96,12
VD-21670,CA-2015-113145,"2015-11-01 00:00:00",1399.93,13
VD-21670,CA-2015-113145,"2015-11-01 00:00:00",13.52,14
VD-21670,CA-2015-118444,"2015-11-05 00:00:00",387.136,15
VD-21670,CA-2016-113747,"2016-05-28 00:00:00",185.88,16
VF-21715,CA-2014-113880,"2014-03-01 00:00:00",17.472,1
VF-21715,CA-2014-113880,"2014-03-01 00:00:00",634.116,2
VF-21715,CA-2014-146528,"2014-07-25 00:00:00",6.48,3
VF-21715,CA-2014-146528,"2014-07-25 00:00:00",15.52,4
VF-21715,CA-2017-130106,"2017-05-22 00:00:00",2.78,5
VF-21715,CA-2017-130106,"2017-05-22 00:00:00",9.84,6
VF-21715,CA-2017-138464,"2017-07-08 00:00:00",18.24,7
VF-21715,CA-2017-138464,"2017-07-08 00:00:00",13.12,8
VF-21715,CA-2017-138464,"2017-07-08 00:00:00",86.376,9
VF-21715,CA-2017-138464,"2017-07-08 00:00:00",15.84,10
VF-21715,CA-2017-107342,"2017-12-17 00:00:00",28.16,11
VG-21790,CA-2014-156790,"2014-08-08 00:00:00",155.456,1
VG-21790,CA-2014-158540,"2014-11-24 00:00:00",151.72,2
VG-21790,CA-2016-151092,"2016-08-06 00:00:00",211.168,3
VG-21790,CA-2017-139304,"2017-01-29 00:00:00",119.616,4
VG-21790,CA-2017-139304,"2017-01-29 00:00:00",8.34,5
VG-21790,CA-2017-139304,"2017-01-29 00:00:00",8.57,6
VG-21790,CA-2017-150189,"2017-07-08 00:00:00",75.18,7
VG-21790,US-2017-115301,"2017-07-29 00:00:00",115.96,8
VG-21805,CA-2014-103191,"2014-09-22 00:00:00",331.536,1
VG-21805,CA-2016-113803,"2016-03-24 00:00:00",22.48,2
VG-21805,CA-2016-109911,"2016-05-12 00:00:00",10.96,3
VG-21805,CA-2016-132094,"2016-08-26 00:00:00",47.984,4
VG-21805,CA-2016-132094,"2016-08-26 00:00:00",5.472,5
VG-21805,CA-2017-166499,"2017-03-19 00:00:00",8.94,6
VM-21685,CA-2014-165806,"2014-04-07 00:00:00",58.32,1
VM-21685,CA-2014-165806,"2014-04-07 00:00:00",200.97,2
VM-21685,CA-2015-105221,"2015-11-01 00:00:00",35.36,3
VM-21685,CA-2015-105221,"2015-11-01 00:00:00",3.168,4
VM-21685,US-2016-150140,"2016-04-06 00:00:00",1294.75,5
VM-21685,CA-2016-113516,"2016-09-08 00:00:00",33.024,6
VM-21685,CA-2016-113516,"2016-09-08 00:00:00",67.136,7
VM-21685,US-2017-101539,"2017-03-16 00:00:00",6.48,8
VM-21685,US-2017-101539,"2017-03-16 00:00:00",659.976,9
VM-21685,US-2017-101539,"2017-03-16 00:00:00",46.51,10
VM-21685,CA-2017-109778,"2017-07-16 00:00:00",2.912,11
VM-21685,CA-2017-107720,"2017-11-06 00:00:00",46.26,12
VM-21835,US-2014-129609,"2014-03-22 00:00:00",16.28,1
VM-21835,CA-2016-115476,"2016-03-17 00:00:00",129.98,2
VM-21835,CA-2016-115476,"2016-03-17 00:00:00",32.54,3
VM-21835,US-2016-123610,"2016-05-12 00:00:00",8.67,4
VM-21835,US-2016-123610,"2016-05-12 00:00:00",120,5
VM-21835,CA-2016-133872,"2016-06-14 00:00:00",18.464,6
VM-21835,CA-2016-133872,"2016-06-14 00:00:00",39.936,7
VM-21835,US-2017-166394,"2017-09-04 00:00:00",14.82,8
VP-21730,CA-2015-130610,"2015-07-05 00:00:00",19,1
VP-21730,CA-2017-102946,"2017-06-30 00:00:00",75.792,2
VP-21730,CA-2017-105333,"2017-11-30 00:00:00",269.49,3
VP-21730,CA-2017-105333,"2017-11-30 00:00:00",83.56,4
VP-21730,CA-2017-105333,"2017-11-30 00:00:00",546.06,5
VP-21760,CA-2014-130449,"2014-09-06 00:00:00",41.88,1
VP-21760,CA-2014-130449,"2014-09-06 00:00:00",58.48,2
VP-21760,CA-2014-109680,"2014-10-06 00:00:00",386.34,3
VP-21760,CA-2014-109932,"2014-12-09 00:00:00",10.688,4
VP-21760,CA-2014-109932,"2014-12-09 00:00:00",237.096,5
VP-21760,CA-2015-111339,"2015-05-29 00:00:00",41.568,6
VP-21760,CA-2015-111339,"2015-05-29 00:00:00",317.058,7
VP-21760,CA-2015-111339,"2015-05-29 00:00:00",8.04,8
VP-21760,CA-2015-129525,"2015-11-15 00:00:00",166.92,9
VP-21760,CA-2016-102127,"2016-06-26 00:00:00",37.74,10
VP-21760,CA-2016-102127,"2016-06-26 00:00:00",20.97,11
VP-21760,CA-2016-102127,"2016-06-26 00:00:00",139.96,12
VP-21760,CA-2017-159100,"2017-10-16 00:00:00",1875.258,13
VP-21760,CA-2017-159100,"2017-10-16 00:00:00",18.528,14
VS-21820,CA-2014-105417,"2014-01-07 00:00:00",76.728,1
VS-21820,CA-2014-105417,"2014-01-07 00:00:00",10.43,2
VS-21820,US-2015-165512,"2015-05-24 00:00:00",7.656,3
VS-21820,US-2015-165512,"2015-05-24 00:00:00",602.651,4
VS-21820,US-2016-137295,"2016-01-08 00:00:00",108.784,5
VS-21820,US-2016-137295,"2016-01-08 00:00:00",30.828,6
VS-21820,US-2016-137295,"2016-01-08 00:00:00",47.616,7
VS-21820,CA-2017-167003,"2017-05-23 00:00:00",171.288,8
VT-21700,CA-2014-151897,"2014-06-06 00:00:00",100.24,1
VT-21700,CA-2015-167010,"2015-04-05 00:00:00",563.808,2
VT-21700,CA-2015-167010,"2015-04-05 00:00:00",14.85,3
VT-21700,CA-2015-167010,"2015-04-05 00:00:00",41.988,4
VT-21700,CA-2015-167010,"2015-04-05 00:00:00",352.45,5
VT-21700,CA-2015-167010,"2015-04-05 00:00:00",98.112,6
VT-21700,CA-2015-167010,"2015-04-05 00:00:00",7.584,7
VT-21700,CA-2015-167010,"2015-04-05 00:00:00",547.136,8
VT-21700,CA-2015-167010,"2015-04-05 00:00:00",10.428,9
VW-21775,CA-2014-152100,"2014-05-11 00:00:00",1212.96,1
VW-21775,CA-2014-115980,"2014-07-15 00:00:00",6.54,2
VW-21775,CA-2014-115980,"2014-07-15 00:00:00",2.97,3
VW-21775,CA-2015-146262,"2015-01-02 00:00:00",23.68,4
VW-21775,CA-2015-146262,"2015-01-02 00:00:00",452.45,5
VW-21775,CA-2015-146262,"2015-01-02 00:00:00",62.982,6
VW-21775,CA-2015-146262,"2015-01-02 00:00:00",89.584,7
VW-21775,CA-2015-146262,"2015-01-02 00:00:00",1188,8
VW-21775,CA-2015-111507,"2015-02-06 00:00:00",5.28,9
VW-21775,CA-2015-151624,"2015-09-08 00:00:00",21.36,10
VW-21775,CA-2016-125080,"2016-10-21 00:00:00",661.176,11
VW-21775,CA-2016-121748,"2016-10-24 00:00:00",100,12
VW-21775,CA-2016-121748,"2016-10-24 00:00:00",359.98,13
VW-21775,CA-2017-116204,"2017-02-11 00:00:00",21.336,14
VW-21775,CA-2017-128265,"2017-11-17 00:00:00",1247.64,15
VW-21775,CA-2017-116715,"2017-12-02 00:00:00",559.62,16
VW-21775,CA-2017-116715,"2017-12-02 00:00:00",109.92,17
VW-21775,CA-2017-116715,"2017-12-02 00:00:00",8.56,18
WB-21850,CA-2014-125829,"2014-11-04 00:00:00",666.344,1
WB-21850,CA-2014-125829,"2014-11-04 00:00:00",573.728,2
WB-21850,CA-2014-125829,"2014-11-04 00:00:00",21.936,3
WB-21850,CA-2014-125829,"2014-11-04 00:00:00",19.44,4
WB-21850,CA-2014-125829,"2014-11-04 00:00:00",447.968,5
WB-21850,CA-2014-141607,"2014-12-12 00:00:00",43.31,6
WB-21850,CA-2014-120852,"2014-12-20 00:00:00",65.44,7
WB-21850,CA-2014-120852,"2014-12-20 00:00:00",19.432,8
WB-21850,US-2015-156496,"2015-08-10 00:00:00",133.472,9
WB-21850,US-2015-156496,"2015-08-10 00:00:00",139.944,10
WB-21850,US-2015-156496,"2015-08-10 00:00:00",438.368,11
WB-21850,CA-2015-122210,"2015-11-30 00:00:00",94.92,12
WB-21850,CA-2015-122210,"2015-11-30 00:00:00",10.584,13
WB-21850,CA-2015-122210,"2015-11-30 00:00:00",152.991,14
WB-21850,CA-2016-137848,"2016-01-15 00:00:00",49.536,15
WB-21850,CA-2016-137848,"2016-01-15 00:00:00",16.52,16
WB-21850,CA-2016-137848,"2016-01-15 00:00:00",60.12,17
WB-21850,CA-2016-126627,"2016-10-10 00:00:00",14,18
WB-21850,CA-2016-126627,"2016-10-10 00:00:00",16.392,19
WB-21850,CA-2016-165330,"2016-12-11 00:00:00",892.136,20
WB-21850,CA-2016-165330,"2016-12-11 00:00:00",363.92,21
WB-21850,CA-2016-165330,"2016-12-11 00:00:00",23.32,22
WB-21850,CA-2016-165330,"2016-12-11 00:00:00",209.6,23
WB-21850,CA-2016-165330,"2016-12-11 00:00:00",119.96,24
WB-21850,CA-2016-165330,"2016-12-11 00:00:00",30.98,25
WB-21850,CA-2016-165330,"2016-12-11 00:00:00",35.808,26
WB-21850,CA-2016-165330,"2016-12-11 00:00:00",122.688,27
WB-21850,CA-2016-165330,"2016-12-11 00:00:00",50.22,28
WB-21850,CA-2016-165330,"2016-12-11 00:00:00",83.42,29
WB-21850,CA-2016-165330,"2016-12-11 00:00:00",5.872,30
WB-21850,CA-2017-138149,"2017-06-29 00:00:00",62.31,31
WB-21850,CA-2017-138149,"2017-06-29 00:00:00",11.68,32
WB-21850,CA-2017-138149,"2017-06-29 00:00:00",130.71,33
WB-21850,CA-2017-138149,"2017-06-29 00:00:00",895.92,34
WB-21850,CA-2017-120327,"2017-11-11 00:00:00",45.92,35
WB-21850,US-2017-110149,"2017-12-10 00:00:00",3.273,36
WB-21850,US-2017-110149,"2017-12-10 00:00:00",87.92,37
XP-21865,CA-2014-167927,"2014-01-20 00:00:00",19.05,1
XP-21865,CA-2014-167927,"2014-01-20 00:00:00",272.94,2
XP-21865,CA-2014-167927,"2014-01-20 00:00:00",14.73,3
XP-21865,CA-2014-167927,"2014-01-20 00:00:00",29.7,4
XP-21865,CA-2014-167927,"2014-01-20 00:00:00",13.98,5
XP-21865,CA-2014-167927,"2014-01-20 00:00:00",43.92,6
XP-21865,CA-2014-167927,"2014-01-20 00:00:00",66.58,7
XP-21865,CA-2014-167927,"2014-01-20 00:00:00",247.716,8
XP-21865,CA-2014-114335,"2014-09-28 00:00:00",337.088,9
XP-21865,CA-2014-134677,"2014-10-06 00:00:00",9.09,10
XP-21865,CA-2015-155586,"2015-12-12 00:00:00",2.21,11
XP-21865,CA-2015-155586,"2015-12-12 00:00:00",36.44,12
XP-21865,CA-2015-155586,"2015-12-12 00:00:00",15.52,13
XP-21865,CA-2016-163174,"2016-08-26 00:00:00",186.54,14
XP-21865,CA-2016-129196,"2016-11-01 00:00:00",68.112,15
XP-21865,CA-2016-109365,"2016-11-03 00:00:00",19.44,16
XP-21865,CA-2016-109365,"2016-11-03 00:00:00",9.296,17
XP-21865,CA-2016-109365,"2016-11-03 00:00:00",43.584,18
XP-21865,CA-2016-109365,"2016-11-03 00:00:00",43.32,19
XP-21865,CA-2016-109365,"2016-11-03 00:00:00",15.26,20
XP-21865,CA-2016-109365,"2016-11-03 00:00:00",116.28,21
XP-21865,CA-2016-109365,"2016-11-03 00:00:00",314.55,22
XP-21865,CA-2017-118577,"2017-10-06 00:00:00",6.48,23
XP-21865,CA-2017-118577,"2017-10-06 00:00:00",143.7,24
XP-21865,US-2017-115595,"2017-10-09 00:00:00",35.2,25
XP-21865,US-2017-136679,"2017-11-14 00:00:00",45.04,26
XP-21865,US-2017-136679,"2017-11-14 00:00:00",167.952,27
XP-21865,CA-2017-138163,"2017-11-17 00:00:00",50.94,28
YC-21895,CA-2014-119375,"2014-11-17 00:00:00",124.41,1
YC-21895,CA-2014-119375,"2014-11-17 00:00:00",57.75,2
YC-21895,CA-2014-119375,"2014-11-17 00:00:00",2934.33,3
YC-21895,CA-2015-153220,"2015-11-12 00:00:00",15.7,4
YC-21895,CA-2016-110499,"2016-04-07 00:00:00",1199.976,5
YC-21895,CA-2016-123932,"2016-09-06 00:00:00",41.92,6
YC-21895,CA-2016-123932,"2016-09-06 00:00:00",329.584,7
YC-21895,CA-2017-121741,"2017-12-26 00:00:00",750.68,8
YS-21880,CA-2015-156755,"2015-01-12 00:00:00",465.18,1
YS-21880,CA-2015-154291,"2015-07-25 00:00:00",98.46,2
YS-21880,CA-2015-154291,"2015-07-25 00:00:00",358.58,3
YS-21880,CA-2015-129532,"2015-12-08 00:00:00",236,4
YS-21880,CA-2015-129532,"2015-12-08 00:00:00",221.96,5
YS-21880,CA-2017-135076,"2017-04-13 00:00:00",436.704,6
YS-21880,CA-2017-160724,"2017-05-05 00:00:00",34.5,7
YS-21880,CA-2017-124828,"2017-07-03 00:00:00",9.552,8
YS-21880,CA-2017-119809,"2017-08-18 00:00:00",2793.528,9
YS-21880,CA-2017-119809,"2017-08-18 00:00:00",1000.02,10
YS-21880,CA-2017-119809,"2017-08-18 00:00:00",65.94,11
YS-21880,CA-2017-138380,"2017-12-21 00:00:00",1000.02,12
ZC-21910,CA-2014-151995,"2014-10-13 00:00:00",25.78,1
ZC-21910,CA-2014-151995,"2014-10-13 00:00:00",11.52,2
ZC-21910,CA-2014-151995,"2014-10-13 00:00:00",1298.55,3
ZC-21910,CA-2014-151995,"2014-10-13 00:00:00",213.92,4
ZC-21910,CA-2014-126802,"2014-12-29 00:00:00",38.976,5
ZC-21910,CA-2015-133452,"2015-04-13 00:00:00",710.832,6
ZC-21910,CA-2015-133452,"2015-04-13 00:00:00",199.96,7
ZC-21910,CA-2015-130365,"2015-04-25 00:00:00",128.058,8
ZC-21910,CA-2015-130365,"2015-04-25 00:00:00",221.024,9
ZC-21910,CA-2015-115567,"2015-09-13 00:00:00",1516.2,10
ZC-21910,CA-2015-115567,"2015-09-13 00:00:00",199.96,11
ZC-21910,CA-2015-106978,"2015-09-28 00:00:00",4.512,12
ZC-21910,CA-2015-106978,"2015-09-28 00:00:00",1.08,13
ZC-21910,CA-2015-106978,"2015-09-28 00:00:00",12.536,14
ZC-21910,CA-2016-169103,"2016-03-08 00:00:00",102.36,15
ZC-21910,CA-2016-169103,"2016-03-08 00:00:00",1363.96,16
ZC-21910,US-2016-156986,"2016-03-20 00:00:00",16.821,17
ZC-21910,US-2016-156986,"2016-03-20 00:00:00",20.736,18
ZC-21910,US-2016-156986,"2016-03-20 00:00:00",84.784,19
ZC-21910,US-2016-156986,"2016-03-20 00:00:00",10.368,20
ZC-21910,CA-2016-130946,"2016-04-08 00:00:00",1088.792,21
ZC-21910,CA-2016-130946,"2016-04-08 00:00:00",95.984,22
ZC-21910,CA-2016-130946,"2016-04-08 00:00:00",431.928,23
ZC-21910,CA-2017-115322,"2017-05-11 00:00:00",43.92,24
ZC-21910,CA-2017-133928,"2017-06-11 00:00:00",4.572,25
ZC-21910,US-2017-102288,"2017-06-19 00:00:00",146.176,26
ZC-21910,US-2017-102288,"2017-06-19 00:00:00",2.264,27
ZC-21910,US-2017-102288,"2017-06-19 00:00:00",0.444,28
ZC-21910,CA-2017-100013,"2017-11-06 00:00:00",5.68,29
ZC-21910,CA-2017-100013,"2017-11-06 00:00:00",8.73,30
ZC-21910,CA-2017-100013,"2017-11-06 00:00:00",15.28,31
ZD-21925,CA-2014-143336,"2014-08-27 00:00:00",8.56,1
ZD-21925,CA-2014-143336,"2014-08-27 00:00:00",22.72,2
ZD-21925,CA-2014-143336,"2014-08-27 00:00:00",213.48,3
ZD-21925,CA-2016-167682,"2016-04-03 00:00:00",71.12,4
ZD-21925,CA-2016-167682,"2016-04-03 00:00:00",259.96,5
ZD-21925,US-2016-147991,"2016-05-05 00:00:00",16.72,6
ZD-21925,CA-2016-152471,"2016-07-08 00:00:00",823.96,7
ZD-21925,CA-2016-152471,"2016-07-08 00:00:00",15.984,8
ZD-21925,CA-2017-141481,"2017-06-11 00:00:00",61.44,9
